CodigoEstacion,NombreEstacion,Departamento,Municipio,Latitud,Longitud,frecuencia_extremos,pendiente,p_valor,tendencia,frecuencia_reciente,ratio_reciente,frecuencia_anio_corrido,frecuencia_ultimos_6m,ratio_anio_corrido,ratio_ultimos_6m,condicion_lluvia_6m,precip_real_3m,precip_normal_3m,ratio_volumen_3m,condicion_lluvia_3m,alerta_lluvias,sequia_categoria,freq_sequia_hist,freq_sequia_rec_3m,racha_activa_dias,ratio_sequia,tendencia_sequia,cod_norm
11017020,PR CHOCO: BAGADO,CHOCÓ,BAGADÓ,5.412,-76.418,0.06074766355140187,,,,,,,,,,sin_datos,,,,sin_datos,BAJA,NORMAL,0.036585365853658534,0.0,0.0,,,11017020
11025501,CARMEN DE ATRATO  - AUT,CHOCO,EL CARMEN,5.888719444,-76.14516667,0.05335255948089401,,,,,,,,,,sin_datos,,,,sin_datos,BAJA,ALTA,0.0880503144654088,0.0,107.0,,,11025501
11027030,EL SIETE,CHOCO,EL CARMEN,5.862,-76.15205556,0.0028089887640449437,-0.00034073872154831674,0.1347869576511151,estable,0.0014992503748125937,0.5337331334332833,0.0,0.0,0.0,0.0,DEFICIT,86.6,383.3506620797627,0.225902831444651,DEFICIT,BAJA,MODERADA,0.08333333333333333,0.25,1.0,1.3658536585365855,estable,11027030
11027030,EL SIETE - AUT,CHOCO,EL CARMEN,5.862,-76.15205556,0.07662835249042145,-0.00034073872154831674,0.1347869576511151,estable,0.0014992503748125937,0.01956521739130435,0.0,0.0,0.0,0.0,DEFICIT,86.6,383.3506620797627,0.225902831444651,DEFICIT,BAJA,MODERADA,0.08333333333333333,0.25,1.0,1.3658536585365855,estable,11027030
11027070,BORAUDO,CHOCÓ,LLORÓ,5.515,-76.576,0.051806407634628494,,,,,,,,,,sin_datos,,,,sin_datos,BAJA,NORMAL,0.06932773109243698,0.0,1.0,,,11027070
11030010,CERTEGUI,CHOCO,CÉRTEGUI,5.38,-76.61,0.358974358974359,-0.04930013507379235,0.004676046772001236,decreciente,0.49198551093691756,1.3705310661814132,0.24347826086956523,0.2893081761006289,0.6782608695652174,0.8059299191374663,DEFICIT,1362.1,675.8604309857129,2.0153569251175667,EXCESO,CRÍTICA,MODERADA,0.10638297872340426,0.09090909090909091,0.0,0.7999999999999999,estable,11030010
11030010,CERTEGUI,CHOCÓ,CÉRTEGUI,5.38,-76.61,0.0,-0.04930013507379235,0.004676046772001236,decreciente,0.49198551093691756,,0.24347826086956523,0.2893081761006289,,,sin_datos,1362.1,675.8604309857129,2.0153569251175667,EXCESO,ALTA,MODERADA,0.10638297872340426,0.09090909090909091,0.0,0.7999999999999999,estable,11030010
11030010,PR CHOCO: CERTEGUI,CHOCÓ,CÉRTEGUI,5.375,-76.613,0.0408745247148289,-0.04930013507379235,0.004676046772001236,decreciente,0.49198551093691756,12.036482732689239,0.24347826086956523,0.2893081761006289,5.956723963599595,7.077958168787479,EXCESO,1362.1,675.8604309857129,2.0153569251175667,EXCESO,ALTA,MODERADA,0.10638297872340426,0.09090909090909091,0.0,0.7999999999999999,estable,11030010
11035010,LLORO,CHOCO,LLORÓ,5.499,-76.539,0.07142857142857142,-0.002498362922997174,0.5415044920343581,estable,0.08101425021359661,1.1341995029903527,0.08050847457627118,0.11875,1.1271186440677965,1.6625,EXCESO,1512.8,1557.1270588235295,0.971532792669456,NORMAL,MODERADA,NORMAL,0.08771929824561403,0.07692307692307693,0.0,1.0,estable,11035010
11035010,LLORO,CHOCO,LLORÓ,5.51,-76.58,0.25,-0.002498362922997174,0.5415044920343581,estable,0.08101425021359661,0.32405700085438643,0.08050847457627118,0.11875,0.3220338983050847,0.475,DEFICIT,1512.8,1557.1270588235295,0.971532792669456,NORMAL,ALTA,NORMAL,0.08771929824561403,0.07692307692307693,0.0,1.0,estable,11035010
11035030,PR CHOCO: UNION PANAMERICANA,CHOCÓ,UNIÓN PANAMERICANA,5.285,-76.628,0.029173419773095625,-0.06810199236116972,0.0027236980160704406,decreciente,0.3348920908076149,11.479356668238799,0.1696969696969697,0.08108108108108109,5.816835016835017,2.7792792792792795,EXCESO,1805.4,3048.83055000192,0.5921614764713189,DEFICIT,MODERADA,MODERADA,0.0684931506849315,0.125,0.0,1.1680000000000001,estable,11035030
11035030,UNION PANAMERICANA,CHOCO,UNIÓN PANAMERICANA,5.284827778,-76.627822222,0.2916666666666667,-0.06810199236116972,0.0027236980160704406,decreciente,0.3348920908076149,1.1482014541975367,0.1696969696969697,0.08108108108108109,0.5818181818181818,0.277992277992278,DEFICIT,1805.4,3048.83055000192,0.5921614764713189,DEFICIT,CRÍTICA,MODERADA,0.0684931506849315,0.125,0.0,1.1680000000000001,estable,11035030
11037030,LA LOMA PUEBLO NUEVO - En Siniestro,CHOCÓ,RIO QUITO (PAIMADÓ),5.585,-76.753,0.05194805194805195,,,,,,,,,,sin_datos,,,,sin_datos,BAJA,ALTA,0.06722689075630252,0.0,506.0,,,11037030
11045010,AEROPUERTO EL CARAÑO,CHOCO,QUIBDÓ,5.690555556,-76.64377778,0.08,-0.002422574438703471,0.23270007433082052,estable,0.02930545161727957,0.36631814521599465,0.004149377593360996,0.00625,0.051867219917012444,0.078125,DEFICIT,897.7,1329.2422065077499,0.6753471982795982,DEFICIT,BAJA,MODERADA,0.06417112299465241,0.125,0.0,1.3262411347517729,estable,11045010
11045010,PR CHOCO: APTO EL CARANO,CHOCO,QUIBDÓ,5.691,-76.644,0.042163882259347654,-0.002422574438703471,0.23270007433082052,estable,0.02930545161727957,0.6950368430739702,0.004149377593360996,0.00625,0.09841071009159946,0.1482311320754717,DEFICIT,897.7,1329.2422065077499,0.6753471982795982,DEFICIT,BAJA,MODERADA,0.06417112299465241,0.125,0.0,1.3262411347517729,estable,11045010
11047020,QUIBDO,CHOCO,QUIBDÓ,5.697778056,-76.662222222,0.06666666666666667,0.01969849147268502,0.28405551742677876,estable,0.09300861921829663,1.3951292882744495,0.016853932584269662,0.030927835051546393,0.25280898876404495,0.4639175257731959,DEFICIT,192.3,1.4222222222222223,135.2109375,EXCESO,ALTA,MODERADA,0.10714285714285714,0.0,0.0,1.0,estable,11047020
11047040,QUIBDO,CHOCO,QUIBDÓ,5.7,-76.66,0.3,,,,,,,,,,sin_datos,,,,sin_datos,ALTA,NORMAL,0.07111111111111111,0.0,2.0,,,11047040
11047040,QUIBDO - AUT,CHOCO,QUIBDÓ,5.697991667,-76.66225833,0.05034381139489195,,,,,,,,,,sin_datos,,,,sin_datos,BAJA,NORMAL,0.07111111111111111,0.0,2.0,,,11047040
11050020,PR CHOCO: BETE,CHOCÓ,MEDIO ATRATO (BETÉ),5.995,-76.78,0.04573804573804574,,,,,,,,,,sin_datos,,,,sin_datos,BAJA,NORMAL,0.06060606060606061,0.0,0.0,,,11050020
11057020,SAN ANTONIO PADUA,ANTIOQUIA,VIGIA DEL FUERTE,6.286666667,-76.76180556,0.0,0.01115224644636409,0.20893810069467658,estable,0.09051144933497873,,0.14285714285714285,0.11875,,,sin_datos,473.6,85.68905307540994,5.526960364274445,EXCESO,ALTA,SEVERA,0.1016949152542373,0.125,45.0,1.1346153846153846,estable,11057020
11057020,SAN ANTONIO PADUA  - AUT,ANTIOQUIA,VIGIA DEL FUERTE,6.286666667,-76.76180556,0.056776556776556776,0.01115224644636409,0.20893810069467658,estable,0.09051144933497873,1.5941693979644642,0.14285714285714285,0.11875,2.5161290322580645,2.091532258064516,EXCESO,473.6,85.68905307540994,5.526960364274445,EXCESO,ALTA,SEVERA,0.1016949152542373,0.125,45.0,1.1346153846153846,estable,11057020
11077020,LA MAGDALENA - AUT,ANTIOQUIA,URRAO,6.298361111,-76.13447222,0.06779661016949153,,,,,,,,,,sin_datos,,,,sin_datos,BAJA,ALTA,0.1,0.0,11.0,,,11077020
11080010,PR CHOCO: BELLAVISTA,CHOCÓ,BOJAYÁ (BELLAVISTA),6.559,-76.885,0.05603448275862069,0.0,,estable,0.0,0.0,0.0,0.0,0.0,0.0,DEFICIT,84.8,1922.5274595892593,0.04410860275468689,DEFICIT,BAJA,MODERADA,0.07792207792207792,0.13333333333333333,1.0,3.2083333333333335,decreciente,11080010
11105020,CARMEN DARIEN,CHOCÓ,CARMEN DEL DARIÉN  (CURBARADÓ),7.154,-76.977,0.0529446757882213,,,,,,,,,,sin_datos,,,,sin_datos,BAJA,NORMAL,0.09803921568627451,0.0,0.0,,,11105020
11110010,NORMAL SANTA TERESA,ANTIOQUIA,FRONTINO,6.763333333,-76.13361111,0.06985294117647059,0.010031766560358731,0.05861789650944489,estable,0.14942149602597873,2.139086679950853,0.2605042016806723,0.17834394904458598,3.729323308270677,2.553134428427757,EXCESO,3571.3999999999996,414.14903225806455,8.623465761896526,EXCESO,ALTA,NORMAL,0.08536585365853659,0.0,1.0,1.0,decreciente,11110010
11110110,BOQUERON DE TOYO,ANTIOQUIA,GIRALDO,6.699444444,-75.9775,0.07164179104477612,-0.011378510006835934,0.006859544344061827,decreciente,0.08119038430832043,1.1332824476369725,0.016666666666666666,0.025,0.23263888888888887,0.3489583333333333,DEFICIT,213.10000000000002,324.467311827957,0.6567687783384247,DEFICIT,MODERADA,NORMAL,0.07042253521126761,0.0,1.0,1.0,estable,11110110
11115020,CAÑASGORDAS,ANTIOQUIA,CAÑASGORDAS,6.758027778,-76.02966667,0.08695652173913043,-0.020737327188940093,0.266886905212965,estable,0.0521889400921659,0.6001728110599079,0.0,,0.0,,sin_datos,,,,sin_datos,BAJA,MODERADA,0.1111111111111111,0.0,4.0,0.0,estable,11115020
11115020,CAÑASGORDAS  - AUT,ANTIOQUIA,CAÑASGORDAS,6.758027778,-76.02966667,0.05699481865284974,-0.020737327188940093,0.266886905212965,estable,0.0521889400921659,0.9156786761625472,0.0,,0.0,,sin_datos,,,,sin_datos,BAJA,MODERADA,0.1111111111111111,0.0,4.0,0.0,estable,11115020
11115040,MUSINGA,ANTIOQUIA,FRONTINO,6.777972222,-76.20333333,0.06876790830945559,-0.004637796087856312,0.043552167506127046,decreciente,0.08477370296877794,1.2327509306709792,0.06639004149377593,0.05,0.9654218533886584,0.7270833333333334,DEFICIT,350.6,477.7881720430108,0.7337979893910785,DEFICIT,MODERADA,NORMAL,0.09174311926605505,0.0,0.0,1.0,estable,11115040
11115501,CAÑASGORDAS  - AUT,ANTIOQUIA,CAÑASGORDAS,6.748275,-76.03155556,0.06084656084656084,,,,,,,,,,sin_datos,,,,sin_datos,BAJA,NORMAL,0.08571428571428572,0.0,0.0,,,11115501
11117010,EL AÑIL,ANTIOQUIA,URAMITA,6.873888889,-76.14958333,0.06876790830945559,-0.004704930138566757,0.1436276506435852,estable,0.09455086705628686,1.374927191776838,0.0954356846473029,0.03125,1.3877939142461964,0.4544270833333333,DEFICIT,183.8,292.44580645161295,0.6284925136391413,DEFICIT,MODERADA,MODERADA,0.10569105691056911,0.125,1.0,1.0,estable,11117010
11117040,MUTATA  - AUT,ANTIOQUIA,MUTATÁ,7.229444444,-76.43805556,0.06818181818181818,,,,,,,,,,sin_datos,,,,sin_datos,BAJA,MODERADA,0.10344827586206896,0.0,1.0,,,11117040
11117050,DABEIBA 2,ANTIOQUIA,DABEIBA,7.010278056,-76.288333333,0.056818181818181816,-0.00017334693241464455,0.9314793010814078,estable,0.05996992467804397,1.055470674333574,0.07758620689655173,0.03821656050955414,1.3655172413793104,0.6726114649681528,DEFICIT,129.8,198.11118379898394,0.655187645194747,DEFICIT,BAJA,MODERADA,0.09448818897637795,0.23076923076923078,1.0,1.1465277777777778,estable,11117050
11117050,DABEIBA 2  - AUT,ANTIOQUIA,DABEIBA,7.004388889,-76.26638889,0.05087440381558029,-0.00017334693241464455,0.9314793010814078,estable,0.05996992467804397,1.1787838319528017,0.07758620689655173,0.03821656050955414,1.5250538793103448,0.7511942675159234,DEFICIT,129.8,198.11118379898394,0.655187645194747,DEFICIT,MODERADA,MODERADA,0.09448818897637795,0.23076923076923078,1.0,1.1465277777777778,estable,11117050
11120040,PR CHOCO: RIOSUCIO,CHOCÓ,RIOSUCIO,7.439,-77.115,0.06224066390041494,,,,,,,,,,sin_datos,,,,sin_datos,BAJA,ALTA,0.10344827586206896,0.0,35.0,,,11120040
11135030,UNGUIA,CHOCO,UNGUÍA,8.036722222,-77.08786111,0.0759493670886076,0.006962141800851479,0.7356242472433194,estable,0.18603240248401537,2.4494266327062024,0.2627118644067797,0.1891891891891892,3.459039548022599,2.490990990990991,EXCESO,162.3,59.03807220878846,2.749073503383125,EXCESO,ALTA,NORMAL,0.08398950131233596,0.0,1.0,0.9158653846153847,estable,11135030
11135030,UNGUIA - AUT,CHOCO,UNGUÍA,8.036722222,-77.08786111,0.04927782497875956,0.006962141800851479,0.7356242472433194,estable,0.18603240248401537,3.7751747883394153,0.2627118644067797,0.1891891891891892,5.331239041496201,3.83923578751165,EXCESO,162.3,59.03807220878846,2.749073503383125,EXCESO,ALTA,NORMAL,0.08398950131233596,0.0,1.0,0.9158653846153847,estable,11135030
11159010,CAPURGANA - TX GPRS,CHOCÓ,ACANDÍ,8.616,-77.331,0.05005107252298264,,,,,,,,,,sin_datos,,,,sin_datos,BAJA,ALTA,0.08933002481389578,0.0,76.0,,,11159010
11175000,ATRATO,CHOCO,ATRATO,5.58835,-76.64351,0.2537313432835821,0.006177669748361185,0.6474175909259763,estable,0.15047709492153938,0.5930567858672434,0.24481327800829875,0.05,0.9648523309738832,0.19705882352941176,DEFICIT,198.8,180.16355842224098,1.1034417933402585,NORMAL,ALTA,NORMAL,0.07291666666666667,0.0,1.0,1.1671732522796352,estable,11175000
11175000,ATRATO,CHOCO,CÉRTEGUI,5.585776,-76.649978,0.0,0.006177669748361185,0.6474175909259763,estable,0.15047709492153938,,0.24481327800829875,0.05,,,sin_datos,198.8,180.16355842224098,1.1034417933402585,NORMAL,BAJA,NORMAL,0.07291666666666667,0.0,1.0,1.1671732522796352,estable,11175000
11175000,ATRATO,CHOCÓ,CÉRTEGUI,5.585776,-76.649978,0.0,0.006177669748361185,0.6474175909259763,estable,0.15047709492153938,,0.24481327800829875,0.05,,,sin_datos,198.8,180.16355842224098,1.1034417933402585,NORMAL,BAJA,NORMAL,0.07291666666666667,0.0,1.0,1.1671732522796352,estable,11175000
11175000,PR CHOCO: ATRATO,CHOCÓ,EL ATRATO,5.529,-76.634,0.06375227686703097,0.006177669748361185,0.6474175909259763,estable,0.15047709492153938,2.3603407174835747,0.24481327800829875,0.05,3.8400711321873144,0.7842857142857143,DEFICIT,198.8,180.16355842224098,1.1034417933402585,NORMAL,MODERADA,NORMAL,0.07291666666666667,0.0,1.0,1.1671732522796352,estable,11175000
12015060,TULENAPA,ANTIOQUIA,CAREPA,7.77,-76.67,0.10526315789473684,-0.010641143368416097,0.5811548656507636,estable,0.1798733253278708,1.7087965906147726,0.15463917525773196,0.125,1.4690721649484537,1.1875,EXCESO,468.6,305.12483126583965,1.5357648804129378,EXCESO,CRÍTICA,MODERADA,0.0707070707070707,0.16666666666666666,0.0,1.087912087912088,estable,12015060
12015060,TULENAPA  - AUT,ANTIOQUIA,CAREPA,7.773944444,-76.66575,0.05,-0.010641143368416097,0.5811548656507636,estable,0.1798733253278708,3.5974665065574154,0.15463917525773196,0.125,3.0927835051546393,2.5,EXCESO,468.6,305.12483126583965,1.5357648804129378,EXCESO,ALTA,MODERADA,0.0707070707070707,0.16666666666666666,0.0,1.087912087912088,estable,12015060
12015100,PISTA INDIRA,ANTIOQUIA,TURBO,7.94075,-76.69616667,0.10606060606060606,-0.015241351639201102,0.5975687803367491,estable,0.1818440553207578,1.7145296644528594,0.2833333333333333,0.07692307692307693,2.6714285714285713,0.7252747252747253,DEFICIT,130.1,94.611679922333,1.375094492633462,EXCESO,CRÍTICA,NORMAL,0.09792843691148775,0.0,1.0,0.275987525987526,estable,12015100
12015100,PISTA INDIRA - AUT,ANTIOQUIA,TURBO,7.94075,-76.69616667,0.049573729081149355,-0.015241351639201102,0.5975687803367491,estable,0.1818440553207578,3.668153650960764,0.2833333333333333,0.07692307692307693,5.715392781316348,1.5516903478686919,EXCESO,130.1,94.611679922333,1.375094492633462,EXCESO,ALTA,NORMAL,0.09792843691148775,0.0,1.0,0.275987525987526,estable,12015100
12015110,CHIGORODO - AUT,ANTIOQUIA,CHIGORODÓ,7.671138889,-76.69405556,0.05147704007019596,,,,,,,,,,sin_datos,,,,sin_datos,BAJA,ALTA,0.09225092250922509,0.0,53.0,,,12015110
12017020,BARRANQUILLITA,ANTIOQUIA,CHIGORODÓ,7.57,-76.71,0.07352941176470588,0.02832603264630915,0.6822556380642515,estable,0.22007477929136915,2.9930169983626205,0.43023255813953487,0.2,5.851162790697674,2.72,EXCESO,,,,sin_datos,MODERADA,NORMAL,0.09090909090909091,0.0,1.0,1.0,estable,12017020
12017020,BARRANQUILLITA  - AUT,ANTIOQUIA,CHIGORODÓ,7.571583333,-76.71055556,0.04642857142857143,0.02832603264630915,0.6822556380642515,estable,0.22007477929136915,4.740072169352566,0.43023255813953487,0.2,9.266547406082289,4.3076923076923075,EXCESO,,,,sin_datos,MODERADA,NORMAL,0.09090909090909091,0.0,1.0,1.0,estable,12017020
12025040,TURBO,ANTIOQUIA,TURBO,8.091805556,-76.71633333,0.07692307692307693,-0.012670250896057349,0.00664329392597678,decreciente,0.027538829151732377,0.35800477897252087,0.0,0.0,0.0,0.0,DEFICIT,138.5,135.81,1.0198070834253736,NORMAL,BAJA,NORMAL,0.047619047619047616,0.0,1.0,1.0,estable,12025040
12027010,PUEBLO BELLO  - AUT,ANTIOQUIA,TURBO,8.204055556,-76.52466667,0.06188925081433225,,,,,,,,,,sin_datos,,,,sin_datos,BAJA,NORMAL,0.0967741935483871,0.0,8.0,,,12027010
12045020,CRISTO REY,CORDOBA,PUERTO ESCONDIDO,9.071111111,-76.22444444,0.09195402298850575,0.004755866951470998,0.3832068992700321,estable,0.1077696426842537,1.171994864191259,0.1350210970464135,0.17721518987341772,1.4683544303797467,1.9272151898734178,EXCESO,238.6,211.51440647631196,1.1280555493827387,NORMAL,MODERADA,MODERADA,0.10666666666666667,0.09090909090909091,0.0,0.7922535211267605,estable,12045020
12045020,CRISTO REY  - AUT,CORDOBA,PUERTO ESCONDIDO,9.071111111,-76.22444444,0.0,0.004755866951470998,0.3832068992700321,estable,0.1077696426842537,,0.1350210970464135,0.17721518987341772,,,sin_datos,238.6,211.51440647631196,1.1280555493827387,NORMAL,BAJA,MODERADA,0.10666666666666667,0.09090909090909091,0.0,0.7922535211267605,estable,12045020
13015040,REPRESA URRA,CORDOBA,TIERRALTA,8.014166667,-76.20305556,0.06872852233676977,-0.0018520624280992948,0.7157320016892827,estable,0.09466165199652142,1.3773270365493866,0.12184873949579832,0.025477707006369428,1.7728991596638655,0.37070063694267513,DEFICIT,359.40000000000003,695.7614336917562,0.5165563691752787,DEFICIT,MODERADA,MODERADA,0.09322033898305085,0.13333333333333333,2.0,1.0,estable,13015040
13027040,CANO BARRO,CORDOBA,AYAPEL,8.236777,-74.962588,0.04,-0.004720620557030892,0.3946504736325609,estable,0.1343574546084266,3.358936365210665,0.13278008298755187,0.03125,3.3195020746887964,0.78125,DEFICIT,443.1,614.8226824496963,0.7206955967117457,DEFICIT,MODERADA,NORMAL,0.09929078014184398,0.0,1.0,0.4630541871921182,estable,13027040
13027040,CANO BRAVO,CORDOBA,AYAPEL,8.235847222,-74.96043889,0.12442396313364056,-0.004720620557030892,0.3946504736325609,estable,0.1343574546084266,1.0798358388899472,0.13278008298755187,0.03125,1.0671584447518057,0.2511574074074074,DEFICIT,443.1,614.8226824496963,0.7206955967117457,DEFICIT,ALTA,NORMAL,0.09929078014184398,0.0,1.0,0.4630541871921182,estable,13027040
13027040,CANO BRAVO,CORDOBA,AYAPEL,8.236777,-74.962588,0.11475409836065574,-0.004720620557030892,0.3946504736325609,estable,0.1343574546084266,1.1708292473020032,0.13278008298755187,0.03125,1.1570835803200947,0.27232142857142855,DEFICIT,443.1,614.8226824496963,0.7206955967117457,DEFICIT,CRÍTICA,NORMAL,0.09929078014184398,0.0,1.0,0.4630541871921182,estable,13027040
13027040,CANO BRAVO,CÓRDOBA,AYAPEL,8.23584722,-74.96043889,0.06451612903225806,-0.004720620557030892,0.3946504736325609,estable,0.1343574546084266,2.0825405464306126,0.13278008298755187,0.03125,2.058091286307054,0.484375,DEFICIT,443.1,614.8226824496963,0.7206955967117457,DEFICIT,MODERADA,NORMAL,0.09929078014184398,0.0,1.0,0.4630541871921182,estable,13027040
13027040,CAÑO BARRO - LA MOJANA,CÓRDOBA,AYAPEL,8.236,-74.96,0.017587939698492462,-0.004720620557030892,0.3946504736325609,estable,0.1343574546084266,7.639180990593398,0.13278008298755187,0.03125,7.54949614700652,1.7767857142857144,EXCESO,443.1,614.8226824496963,0.7206955967117457,DEFICIT,MODERADA,NORMAL,0.09929078014184398,0.0,1.0,0.4630541871921182,estable,13027040
13035501,AEROPUERTO LOS GARZONES,CORDOBA,MONTERÍA,8.825833333,-75.82513889,0.14859437751004015,-0.0031434111619099763,0.4901179842138644,estable,0.1877695221016504,1.2636381352246204,0.22406639004149378,0.13125,1.5079062464954582,0.8832770270270272,NORMAL,629.6,294.5855169886078,2.1372401686140865,EXCESO,CRÍTICA,NORMAL,0.08116883116883117,0.0,1.0,0.9558620689655173,estable,13035501
13035501,AEROPUERTO LOS GARZONES,CÓRDOBA,MONTERÍA,8.82583333,-75.82513889,0.11811023622047244,-0.0031434111619099763,0.4901179842138644,estable,0.1877695221016504,1.5897819537939735,0.22406639004149378,0.13125,1.8970954356846474,1.11125,NORMAL,629.6,294.5855169886078,2.1372401686140865,EXCESO,CRÍTICA,NORMAL,0.08116883116883117,0.0,1.0,0.9558620689655173,estable,13035501
13035501,APTO LOS GARZONES,CÓRDOBA,MONTERÍA,8.826,-75.825,0.01906090190609019,-0.0031434111619099763,0.4901179842138644,estable,0.1877695221016504,9.851030293674391,0.22406639004149378,0.13125,11.755287926323247,6.885823170731707,EXCESO,629.6,294.5855169886078,2.1372401686140865,EXCESO,ALTA,NORMAL,0.08116883116883117,0.0,1.0,0.9558620689655173,estable,13035501
13037040,CARRIZOLA - En Siniestro,CÓRDOBA,TIERRALTA,8.161,-76.096,0.06093189964157706,,,,,,,,,,sin_datos,,,,sin_datos,BAJA,ALTA,0.10714285714285714,0.0,35.0,,,13037040
13055040,INCODER - AUT,CORDOBA,MONTERÍA,8.746944444,-75.91388889,0.04831288343558282,,,,,,,,,,sin_datos,,,,sin_datos,BAJA,ALTA,0.10164835164835165,0.0,25.0,,,13055040
13057010,NUEVA COLOMBIA,CÓRDOBA,MONTERÍA,8.499,-75.979,0.05029138786963091,,,,,,,,,,sin_datos,,,,sin_datos,BAJA,NORMAL,0.09848484848484848,0.0,4.0,,,13057010
13067020,MONTERIA,CORDOBA,MONTERÍA,8.751611111,-75.89241667,0.06983240223463687,0.005580216672828229,0.46646956293786535,estable,0.10157615674083485,1.4545705645287552,0.20408163265306123,,2.922448979591837,,sin_datos,,,,sin_datos,MODERADA,MODERADA,0.10256410256410256,0.0,3.0,0.5416666666666666,estable,13067020
13067020,MONTERIA  - AUT,CORDOBA,MONTERÍA,8.751611111,-75.89241667,0.049358341559723594,0.005580216672828229,0.46646956293786535,estable,0.10157615674083485,2.057932935569314,0.20408163265306123,,4.134693877551021,,sin_datos,,,,sin_datos,MODERADA,MODERADA,0.10256410256410256,0.0,3.0,0.5416666666666666,estable,13067020
13075010,CHIMA,CORDOBA,CHIMA,9.15075,-75.62208333,0.0625,0.002180377930728562,0.5199803916773565,estable,0.08235546412965768,1.3176874260745228,0.12863070539419086,0.05625,2.0580912863070537,0.9,NORMAL,368.40000000000003,617.341935483871,0.5967519438174066,DEFICIT,MODERADA,MODERADA,0.10416666666666667,0.0625,0.0,1.0,estable,13075010
13077060,COTOCA ABAJO,CORDOBA,LORICA,9.223685,-75.836095,0.07058823529411765,-0.005564947583645502,0.042174413169780114,decreciente,0.08903351513132583,1.261308131027116,0.05,0.05625,0.7083333333333334,0.796875,DEFICIT,203.6,229.16935655587537,0.8884259355607121,NORMAL,MODERADA,MODERADA,0.10160427807486631,0.0,1.0,0.6710526315789473,estable,13077060
13077060,COTOCA ABAJO,CORDOBA,LORICA,9.224444444,-75.83444444,0.16260162601626016,-0.005564947583645502,0.042174413169780114,decreciente,0.08903351513132583,0.5475561180576539,0.05,0.05625,0.30750000000000005,0.3459375,DEFICIT,203.6,229.16935655587537,0.8884259355607121,NORMAL,ALTA,MODERADA,0.10160427807486631,0.0,1.0,0.6710526315789473,estable,13077060
13077060,COTOCA ABAJO  - AUT,CORDOBA,LORICA,9.224444444,-75.83444444,0.029577464788732393,-0.005564947583645502,0.042174413169780114,decreciente,0.08903351513132583,3.010180749678159,0.05,0.05625,1.6904761904761907,1.9017857142857144,EXCESO,203.6,229.16935655587537,0.8884259355607121,NORMAL,MODERADA,MODERADA,0.10160427807486631,0.0,1.0,0.6710526315789473,estable,13077060
13085030,SAN BERNARDO,CORDOBA,SAN BERNARDO DEL VIENTO,9.370777778,-75.94930556,0.04633204633204633,,,,,,,,,,sin_datos,,,,sin_datos,BAJA,MODERADA,0.10526315789473684,0.0,8.0,,,13085030
13085050,LORICA ITA - En Siniestro,CÓRDOBA,LORICA,9.253,-75.844,0.0508646998982706,,,,,,,,,,sin_datos,,,,sin_datos,BAJA,MODERADA,0.10160427807486631,0.0,0.0,,,13085050
13095010,COVEÑAS - DIMAR,SUCRE,TOLÚ,9.383,-75.667,0.04133804732118575,,,,,,,,,,sin_datos,,,,sin_datos,BAJA,ALTA,0.10130718954248366,0.0,40.0,,,13095010
14015010,GALERAZAMBA,BOLIVAR,SANTA CATALINA,10.79416667,-75.26055556,0.09540636042402827,0.041554678173143136,0.1115984616246109,estable,0.14756761797918638,1.5467272551151758,,,,,sin_datos,,,,sin_datos,MODERADA,NORMAL,0.09210526315789473,0.0,3.0,0.41758241758241765,estable,14015010
14015010,GALERAZAMBA,BOLÍVAR,SANTA CATALINA,10.79416667,-75.26055556,0.1,0.041554678173143136,0.1115984616246109,estable,0.14756761797918638,1.4756761797918638,,,,,sin_datos,,,,sin_datos,MODERADA,NORMAL,0.09210526315789473,0.0,3.0,0.41758241758241765,estable,14015010
14015010,GALERAZAMBA  - AUT,BOLIVAR,SANTA CATALINA,10.79416667,-75.26055556,0.020895522388059702,0.041554678173143136,0.1115984616246109,estable,0.14756761797918638,7.062164574718206,,,,,sin_datos,,,,sin_datos,MODERADA,NORMAL,0.09210526315789473,0.0,3.0,0.41758241758241765,estable,14015010
14015020,APTO RAFAEL NUÑEZ  TX GPRS,BOLÍVAR,CARTAGENA,10.447,-75.516,0.05019059720457433,,,,,,,,,,sin_datos,,,,sin_datos,BAJA,MODERADA,0.10317460317460317,0.0,3.0,,,14015020
14015080,AEROPUERTO RAFAEL NUNEZ,BOLIVAR,CARTAGENA DE INDIAS,10.44725,-75.51602778,0.05593803786574871,-0.0060300376892813805,0.3585071818839167,estable,0.13189649450712468,2.357903486419675,0.13278008298755187,0.03125,2.3736993297159272,0.5586538461538462,DEFICIT,291.0,316.4499785853143,0.9195766146071865,NORMAL,MODERADA,NORMAL,0.08444444444444445,0.0,0.0,0.0,estable,14015080
14015080,AEROPUERTO RAFAEL NUNEZ,BOLÍVAR,CARTAGENA DE INDIAS,10.44725,-75.51602778,0.03208556149732621,-0.0060300376892813805,0.3585071818839167,estable,0.13189649450712468,4.1107740788053855,0.13278008298755187,0.03125,4.138312586445366,0.9739583333333333,NORMAL,291.0,316.4499785853143,0.9195766146071865,NORMAL,MODERADA,NORMAL,0.08444444444444445,0.0,0.0,0.0,estable,14015080
14017001,TESORO INVEMAR,BOLÍVAR,CARTAGENA DE INDIAS,10.235,-75.741,0.03424987940183309,,,,,,,,,,sin_datos,,,,sin_datos,BAJA,ALTA,0.0989010989010989,0.0,141.0,,,14017001
14019030,CC DIQUE: CIOH,BOLÍVAR,CARTAGENA DE INDIAS,10.391,-75.534,0.047725577926920205,0.01730978928494885,0.19996703406123065,estable,0.08584119035214428,1.7986411915972733,0.11904761904761904,0.0,2.494419642857143,0.0,DEFICIT,,,,sin_datos,MODERADA,NORMAL,0.09064327485380116,0.0,9.0,0.29816913687881436,estable,14019030
14019030,ESCUELA NAVAL CIOH,BOLIVAR,CARTAGENA DE INDIAS,10.39056389,-75.53383056,0.06046511627906977,0.01730978928494885,0.19996703406123065,estable,0.08584119035214428,1.419681225054694,0.11904761904761904,0.0,1.9688644688644688,0.0,DEFICIT,,,,sin_datos,MODERADA,NORMAL,0.09064327485380116,0.0,9.0,0.29816913687881436,estable,14019030
14019030,ESCUELA NAVAL CIOH,BOLÍVAR,CARTAGENA DE INDIAS,10.39056389,-75.53383056,0.0625,0.01730978928494885,0.19996703406123065,estable,0.08584119035214428,1.3734590456343085,0.11904761904761904,0.0,1.9047619047619047,0.0,DEFICIT,,,,sin_datos,MODERADA,NORMAL,0.09064327485380116,0.0,9.0,0.29816913687881436,estable,14019030
15015050,AEROPUERTO SIMON BOLIVAR,MAGDALENA,SANTA MARTA,11.1146944,-74.23102778,0.033707865168539325,0.0017540161994407518,0.32709675391611726,estable,0.0663904425598263,1.9695831292748471,0.07468879668049792,0.0875,2.215767634854772,2.595833333333333,EXCESO,391.0,102.00717316153363,3.833063772690096,EXCESO,ALTA,NORMAL,0.09523809523809523,0.0,0.0,0.9375000000000001,estable,15015050
15015050,AEROPUERTO SIMON BOLIVAR,MAGDALENA,SANTA MARTA,11.1146944,-74.231027778,0.059782608695652176,0.0017540161994407518,0.32709675391611726,estable,0.0663904425598263,1.1105310391825491,0.07468879668049792,0.0875,1.2493398717465107,1.4636363636363634,EXCESO,391.0,102.00717316153363,3.833063772690096,EXCESO,ALTA,NORMAL,0.09523809523809523,0.0,0.0,0.9375000000000001,estable,15015050
15015050,AEROPUERTO SIMON BOLIVAR,MAGDALENA,SANTA MARTA,11.128,-74.229,0.08333333333333333,0.0017540161994407518,0.32709675391611726,estable,0.0663904425598263,0.7966853107179157,0.07468879668049792,0.0875,0.8962655601659751,1.05,NORMAL,391.0,102.00717316153363,3.833063772690096,EXCESO,ALTA,NORMAL,0.09523809523809523,0.0,0.0,0.9375000000000001,estable,15015050
15015060,SAN LORENZO,MAGDALENA,SANTA MARTA,11.11108333,-74.05469444,0.047619047619047616,0.023109628466771323,0.3816731529698805,estable,0.16600274725274725,3.4860576923076922,0.2777777777777778,0.3333333333333333,5.833333333333334,7.0,EXCESO,0.0,0.15254237288135594,0.0,DEFICIT,MODERADA,NORMAL,0.09210526315789473,0.0,5.0,0.9047619047619048,estable,15015060
15015060,SAN LORENZO  - AUT,MAGDALENA,SANTA MARTA,11.11108333,-74.05469444,0.05655172413793103,0.023109628466771323,0.3816731529698805,estable,0.16600274725274725,2.9354144331278476,0.2777777777777778,0.3333333333333333,4.911924119241193,5.894308943089431,EXCESO,0.0,0.15254237288135594,0.0,DEFICIT,MODERADA,NORMAL,0.09210526315789473,0.0,5.0,0.9047619047619048,estable,15015060
15015100,PARQUE TAYRONA,MAGDALENA,SANTA MARTA,11.301674,-73.928809,0.05859375,-0.005779080424002528,0.12838901871511993,estable,0.09736701782790634,1.6617304375962683,0.08713692946058091,0.03125,1.4871369294605807,0.5333333333333333,DEFICIT,110.00000000000001,289.04359185415524,0.38056543407301513,DEFICIT,MODERADA,ALTA,0.10362694300518134,0.3333333333333333,0.0,1.3465116279069769,estable,15015100
15015100,PARQUE TAYRONA,MAGDALENA,SANTA MARTA,11.31,-73.933,0.04984423676012461,-0.005779080424002528,0.12838901871511993,estable,0.09736701782790634,1.953425795172371,0.08713692946058091,0.03125,1.7481846473029046,0.626953125,DEFICIT,110.00000000000001,289.04359185415524,0.38056543407301513,DEFICIT,MODERADA,ALTA,0.10362694300518134,0.3333333333333333,0.0,1.3465116279069769,estable,15015100
15015100,PARQUE TAYRONA,MAGDALENA,SANTA MARTA,11.31,-73.93,0.058577405857740586,-0.005779080424002528,0.12838901871511993,estable,0.09736701782790634,1.6621940900621155,0.08713692946058091,0.03125,1.4875518672199168,0.5334821428571429,DEFICIT,110.00000000000001,289.04359185415524,0.38056543407301513,DEFICIT,MODERADA,ALTA,0.10362694300518134,0.3333333333333333,0.0,1.3465116279069769,estable,15015100
15015120,UNIVERSIDAD TECNOLOGICA,MAGDALENA,SANTA MARTA,11.22305556,-74.18591667,0.14206128133704735,-0.010401346757083527,0.15912001617329055,estable,0.1443531829698669,1.0161331899251416,0.07017543859649122,0.07482993197278912,0.4939800481596147,0.5267440309457116,DEFICIT,214.79999999999998,75.28365984255956,2.8532087899181633,EXCESO,CRÍTICA,LEVE,0.09947643979057591,0.0,1.0,1.2565789473684212,estable,15015120
15015120,UNIVERSIDAD TECNOLOGICA  - AUT,MAGDALENA,SANTA MARTA,11.22305556,-74.18591667,0.04109922178988327,-0.010401346757083527,0.15912001617329055,estable,0.1443531829698669,3.5123093986514364,0.07017543859649122,0.07482993197278912,1.7074639260874078,1.8207140844503482,EXCESO,214.79999999999998,75.28365984255956,2.8532087899181633,EXCESO,ALTA,LEVE,0.09947643979057591,0.0,1.0,1.2565789473684212,estable,15015120
15017030,MINCA,MAGDALENA,SANTA MARTA,11.142548,-74.111813,0.10031347962382445,-0.001709814300434313,0.5330025762392565,estable,0.11360745637140705,1.1325243307024642,0.12033195020746888,0.075,1.1995591286307055,0.74765625,DEFICIT,462.40000000000003,407.99859445574907,1.1333372376363695,NORMAL,CRÍTICA,NORMAL,0.0979020979020979,0.0,1.0,0.6190476190476191,estable,15017030
15017030,MINCA,MAGDALENA,SANTA MARTA,11.15891667,-74.12291667,0.0851063829787234,-0.001709814300434313,0.5330025762392565,estable,0.11360745637140705,1.334887612364033,0.12033195020746888,0.075,1.4139004149377594,0.88125,NORMAL,462.40000000000003,407.99859445574907,1.1333372376363695,NORMAL,MODERADA,NORMAL,0.0979020979020979,0.0,1.0,0.6190476190476191,estable,15017030
15017030,MINCA  - AUT,MAGDALENA,SANTA MARTA,11.15891667,-74.12291667,0.006426735218508998,-0.001709814300434313,0.5330025762392565,estable,0.11360745637140705,17.67732021139094,0.12033195020746888,0.075,18.72365145228216,11.67,EXCESO,462.40000000000003,407.99859445574907,1.1333372376363695,NORMAL,MODERADA,NORMAL,0.0979020979020979,0.0,1.0,0.6190476190476191,estable,15017030
15017060,BOCATOMA STA MARTA - En Siniestro,MAGDALENA,SANTA MARTA,11.254,-74.139,0.04983012457531144,,,,,,,,,,sin_datos,,,,sin_datos,BAJA,MODERADA,0.10326086956521739,0.0,2.0,,,15017060
15035020,TERMOGUAJIRA,LA GUAJIRA,DIBULLA,11.2525,-73.41138889,0.06377551020408163,0.0014981269310013064,0.4542212865675538,estable,0.06172192432913755,0.9677997734808768,0.06639004149377593,0.05,1.0409958506224066,0.784,DEFICIT,155.5,489.56895079771044,0.3176263522158138,DEFICIT,BAJA,MODERADA,0.10416666666666667,0.0,0.0,0.8727272727272727,estable,15035020
15035020,TERMOGUAJIRA  - AUT,LA GUAJIRA,DIBULLA,11.2525,-73.41138889,0.040740740740740744,0.0014981269310013064,0.4542212865675538,estable,0.06172192432913755,1.5149926880788307,0.06639004149377593,0.05,1.6295737457563182,1.2272727272727273,EXCESO,155.5,489.56895079771044,0.3176263522158138,DEFICIT,MODERADA,MODERADA,0.10416666666666667,0.0,0.0,0.8727272727272727,estable,15035020
15065040,LA PAULINA,LA GUAJIRA,FONSECA,10.89813889,-72.82847222,0.10857142857142857,-0.010791525607614628,0.09688759267907082,estable,0.16192808886502363,1.4914429237567968,0.14522821576763487,0.13125,1.3376283031229528,1.2088815789473686,EXCESO,135.8,37.21041498079022,3.649515869954861,EXCESO,CRÍTICA,MODERADA,0.10273972602739725,0.0,0.0,1.013888888888889,estable,15065040
15065040,LA PAULINA - AUT,LA GUAJIRA,FONSECA,10.89813889,-72.82847222,0.03475742215785663,-0.010791525607614628,0.09688759267907082,estable,0.16192808886502363,4.658806056720784,0.14522821576763487,0.13125,4.178336791147995,3.776171875,EXCESO,135.8,37.21041498079022,3.649515869954861,EXCESO,ALTA,MODERADA,0.10273972602739725,0.0,0.0,1.013888888888889,estable,15065040
15065180,AEROPUERTO ALM. PADILLA -,LA GUAJIRA,RIOHACHA,11.5284444,-72.917722222,0.08835341365461848,-0.0037450051216071424,0.11599037209887945,estable,0.08602081874236119,0.9735992666749061,0.04564315352697095,0.05,0.5165975103734439,0.5659090909090909,DEFICIT,54.599999999999994,161.4042698831777,0.33828101350428186,DEFICIT,BAJA,ALTA,0.10382513661202186,0.0,1.0,0.6019736842105263,creciente,15065180
15065180,AEROPUERTO ALM. PADILLA -,LA GUAJIRA,RIOHACHA,11.5284444,-72.91772222,0.0,-0.0037450051216071424,0.11599037209887945,estable,0.08602081874236119,,0.04564315352697095,0.05,,,sin_datos,54.599999999999994,161.4042698831777,0.33828101350428186,DEFICIT,BAJA,ALTA,0.10382513661202186,0.0,1.0,0.6019736842105263,creciente,15065180
15065180,APTO ALMIRANTE PADILLA TX GPRS,LA GUAJIRA,RIOHACHA,11.53,-72.918,0.04951411383618695,-0.0037450051216071424,0.11599037209887945,estable,0.08602081874236119,1.737298965441519,0.04564315352697095,0.05,0.9218210726334974,1.0098130841121495,NORMAL,54.599999999999994,161.4042698831777,0.33828101350428186,DEFICIT,MODERADA,ALTA,0.10382513661202186,0.0,1.0,0.6019736842105263,creciente,15065180
15065190,MONGUI,LA GUAJIRA,RIOHACHA,11.22677778,-72.82063889,0.05221518987341772,-0.00732870397413126,0.01236079829452872,decreciente,0.061815930232528384,1.1838687244532708,0.008298755186721992,0.0,0.15893373569722116,0.0,DEFICIT,0.3,109.58592644664792,0.002737577805176064,DEFICIT,MODERADA,ALTA,0.10465116279069768,0.0,209.0,1.318007662835249,estable,15065190
15065190,MONGUI,LA GUAJIRA,RIOHACHA,11.227,-72.821,0.046740467404674045,-0.00732870397413126,0.01236079829452872,decreciente,0.061815930232528384,1.3225355599748836,0.008298755186721992,0.0,0.17754968333697316,0.0,DEFICIT,0.3,109.58592644664792,0.002737577805176064,DEFICIT,MODERADA,ALTA,0.10465116279069768,0.0,209.0,1.318007662835249,estable,15065190
15065501,LA MINA CERREJON,LA GUAJIRA,ALBANIA,11.13758333,-72.61594444,0.09302325581395349,-0.0020621899795951553,0.6536002943480623,estable,0.07786642227886467,0.8370640394977953,0.075,0.06918238993710692,0.80625,0.7437106918238994,DEFICIT,131.1,100.94760588744589,1.2986935038971927,EXCESO,ALTA,MODERADA,0.10236220472440945,0.0,0.0,0.9087656529516994,estable,15065501
15065501,LA MINA CERREJON  - AUT,LA GUAJIRA,ALBANIA,11.13758333,-72.61594444,0.0464926590538336,-0.0020621899795951553,0.6536002943480623,estable,0.07786642227886467,1.6748111177875105,0.075,0.06918238993710692,1.6131578947368421,1.4880282467174226,EXCESO,131.1,100.94760588744589,1.2986935038971927,EXCESO,ALTA,MODERADA,0.10236220472440945,0.0,0.0,0.9087656529516994,estable,15065501
15067020,CERCADO EL-AUTOMAT,LA GUAJIRA,FONSECA,10.9075,-73.00833333,0.25,-0.0036231884057971006,0.09792918837655834,estable,0.014492753623188404,0.05797101449275362,0.0,0.0,0.0,0.0,DEFICIT,19.4,51.68806498478994,0.37532842457361804,DEFICIT,ALTA,ALTA,0.10215053763440861,0.0,8.0,1.566315789473684,estable,15067020
15067020,EL CERCADO,LA GUAJIRA,FONSECA,10.908,-73.008,0.04852595877902426,-0.0036231884057971006,0.09792918837655834,estable,0.014492753623188404,0.2986598098800062,0.0,0.0,0.0,0.0,DEFICIT,19.4,51.68806498478994,0.37532842457361804,DEFICIT,BAJA,ALTA,0.10215053763440861,0.0,8.0,1.566315789473684,estable,15067020
15067020,EL CERCADO OMAT,LA GUAJIRA,FONSECA,10.9075,-73.00833333,0.0,-0.0036231884057971006,0.09792918837655834,estable,0.014492753623188404,,0.0,0.0,,,sin_datos,19.4,51.68806498478994,0.37532842457361804,DEFICIT,BAJA,ALTA,0.10215053763440861,0.0,8.0,1.566315789473684,estable,15067020
15067050,CUESTECITAS - En Siniestro,LA GUAJIRA,ALBANIA,11.18,-72.553,0.06666666666666667,,,,,,,,,,sin_datos,,,,sin_datos,BAJA,ALTA,0.25,0.0,54.0,,,15067050
15067150,PTE GUAJIRO - En Siniestro,LA GUAJIRA,BARRANCAS,10.926,-72.804,0.0,,,,,,,,,,sin_datos,,,,sin_datos,BAJA,MODERADA,0.0,0.0,332.0,,,15067150
15067200,EL SILENCIO,LA GUAJIRA,FONSECA,10.917,-72.915,0.0,,,,,,,,,,sin_datos,,,,sin_datos,BAJA,MODERADA,0.0,0.0,300.0,,,15067200
15067210,CARACOLI - En Siniestro,LA GUAJIRA,SAN JUAN DEL CESAR,10.95,-73.051,0.05102040816326531,,,,,,,,,,sin_datos,,,,sin_datos,BAJA,MODERADA,0.1111111111111111,0.0,1.0,,,15067210
15067220,PTE CARRETERA,LA GUAJIRA,RIOHACHA,11.511,-72.856,0.04881828748547075,0.0,1.0,insuficiente,0.0,0.0,,,,,sin_datos,,,,sin_datos,BAJA,ALTA,0.1048951048951049,0.0,189.0,,,15067220
15067220,PUENTE CARRETERA - RANCHERIA,LA GUAJIRA,RIOHACHA,11.51097222,-72.85594444,0.0,0.0,1.0,insuficiente,0.0,,,,,,sin_datos,,,,sin_datos,BAJA,ALTA,0.1048951048951049,0.0,189.0,,,15067220
15070080,KAURAQUIMANA,LA GUAJIRA,URIBIA,12.21836111,-71.45869444,0.058823529411764705,-0.004033800301081406,0.06938841934037322,estable,0.02367137470824107,0.4024133700400982,0.004149377593360996,0.00625,0.07053941908713693,0.10625000000000001,DEFICIT,1.6,36.65357142857143,0.043651953619799275,DEFICIT,BAJA,ALTA,0.11538461538461539,0.0,129.0,1.0,estable,15070080
15075150,PAICI - AUT,LA GUAJIRA,URIBIA,11.59494444,-72.32575,0.03742751713231418,,,,,,,,,,sin_datos,,,,sin_datos,BAJA,MODERADA,0.11904761904761904,0.0,117.0,,,15075150
15075501,AEROPUERTO PUERTO BOLIVAR,LA GUAJIRA,URIBIA,12.22430556,-71.98288889,0.17142857142857143,-0.012932099951330722,0.09490037659381516,estable,0.04908806471306471,0.28634704415954415,0.03319502074688797,0.00625,0.19363762102351315,0.036458333333333336,DEFICIT,0.1,9.895467194134987,0.010105637059690288,DEFICIT,ALTA,MODERADA,0.09803921568627451,0.0,132.0,0.0,insuficiente,15075501
15075501,AEROPUERTO PUERTO BOLIVAR  - AUT,LA GUAJIRA,URIBIA,12.22430556,-71.98288889,0.04536082474226804,-0.012932099951330722,0.09490037659381516,estable,0.04908806471306471,1.0821686993561994,0.03319502074688797,0.00625,0.7317993210109393,0.1377840909090909,DEFICIT,0.1,9.895467194134987,0.010105637059690288,DEFICIT,BAJA,MODERADA,0.09803921568627451,0.0,132.0,0.0,insuficiente,15075501
15079010,PTO BOLIVAR MAREOGRAFICA,LA GUAJIRA,URIBIA,12.224,-71.968,0.05263157894736842,,,,,,,,,,sin_datos,,,,sin_datos,BAJA,MODERADA,0.25,0.0,18.0,,,15079010
15080070,SILLAMANA,LA GUAJIRA,URIBIA,11.89941667,-71.51588889,0.040229885057471264,-0.001089692828097819,0.3215534873201614,estable,0.0269026363575863,0.6687226751742881,0.016597510373443983,0.01875,0.4125666864256076,0.4660714285714286,DEFICIT,2.2,26.834838709677417,0.08198297831417994,DEFICIT,BAJA,MODERADA,0.125,0.0,20.0,1.0,estable,15080070
15085030,ESCUELA AGRICOLA CARRAIPIA,LA GUAJIRA,MAICAO,11.21675,-72.35994444,0.026984126984126985,0.0041143943033859365,0.19603293496571528,estable,0.04454926531362222,1.6509433616224705,0.13829787234042554,0.07692307692307693,5.1251564455569465,2.8506787330316743,EXCESO,8.9,44.07123287671233,0.20194579137137883,DEFICIT,MODERADA,LEVE,0.09411764705882353,0.0,0.0,2.3097826086956523,estable,15085030
15085030,ESCUELA AGRICOLA CARRAIPIA  - AUT,LA GUAJIRA,MAICAO,11.21675,-72.35994444,0.11221122112211221,0.0041143943033859365,0.19603293496571528,estable,0.04454926531362222,0.3970125702949275,0.13829787234042554,0.07692307692307693,1.2324780976220275,0.6855203619909502,DEFICIT,8.9,44.07123287671233,0.20194579137137883,DEFICIT,ALTA,LEVE,0.09411764705882353,0.0,0.0,2.3097826086956523,estable,15085030
15085050,TOROMANA,LA GUAJIRA,URIBIA,12.08352778,-71.21094444,0.047619047619047616,0.0,1.0,insuficiente,0.017543859649122806,0.3684210526315789,0.0,0.0,0.0,0.0,DEFICIT,0.0,0.509967845659164,0.0,DEFICIT,BAJA,NORMAL,0.09523809523809523,0.0,2.0,0.0,insuficiente,15085050
15085050,TOROMANA - AUT,LA GUAJIRA,URIBIA,12.08352778,-71.21094444,0.04780361757105943,0.0,1.0,insuficiente,0.017543859649122806,0.36699857752489334,0.0,0.0,0.0,0.0,DEFICIT,0.0,0.509967845659164,0.0,DEFICIT,BAJA,NORMAL,0.09523809523809523,0.0,2.0,0.0,insuficiente,15085050
16015110,UNIVERSIDAD FRANCISO DE PAULA SANTANDER,NORTE DE SANTANDER,CÚCUTA,7.898777778,-72.48716667,0.06711409395973154,-0.008013544023966233,0.039358593834299,decreciente,0.051544856237570366,0.7680183579397984,0.0,0.0,0.0,0.0,DEFICIT,0.5,18.56957006279195,0.026925771480399294,DEFICIT,BAJA,ALTA,0.1,0.0,393.0,1.8181818181818181,estable,16015110
16015110,UNIVERSIDAD FRANCISO DE PAULA SANTANDER - AUT,NORTE DE SANTANDER,CÚCUTA,7.898777778,-72.48716667,0.04860963701974103,-0.008013544023966233,0.039358593834299,decreciente,0.051544856237570366,1.0603834835597992,0.0,0.0,0.0,0.0,DEFICIT,0.5,18.56957006279195,0.026925771480399294,DEFICIT,BAJA,ALTA,0.1,0.0,393.0,1.8181818181818181,estable,16015110
16015120,UNIVERSIDAD DE PAMPLONA,NORTE DE SANTANDER,PAMPLONA,7.360944444,-72.66605556,0.06397306397306397,0.0024003691021878618,0.35810764470629924,estable,0.05599633809260667,0.8753111796581148,0.058091286307053944,0.0875,0.9080585280628959,1.3677631578947367,EXCESO,81.60000000000001,69.87006045292023,1.1678822012038137,EXCESO,ALTA,NORMAL,0.09535452322738386,0.0,0.0,0.6453648915187378,estable,16015120
16015120,UNIVERSIDAD DE PAMPLONA  - AUT,NORTE DE SANTANDER,PAMPLONA,7.360944444,-72.66605556,0.04980007270083606,0.0024003691021878618,0.35810764470629924,estable,0.05599633809260667,1.1244228181953355,0.058091286307053944,0.0875,1.1664899900051489,1.7570255474452554,EXCESO,81.60000000000001,69.87006045292023,1.1678822012038137,EXCESO,ALTA,NORMAL,0.09535452322738386,0.0,0.0,0.6453648915187378,estable,16015120
16015130,ALCALDIA DE HERRAN  - AUT,NORTE DE SANTANDER,HERRÁN,7.506722222,-72.48536111,0.0501891551071879,-0.012226392434725767,0.4420325233222702,estable,0.14679036042182594,2.9247426084047228,0.14516129032258066,0.15384615384615385,2.892284000648403,3.0653266331658293,EXCESO,139.7,92.61248192258533,1.5084359807652608,EXCESO,ALTA,NORMAL,0.09782608695652174,0.0,0.0,0.3006535947712418,estable,16015130
16015501,AEROPUERTO CAMILO DAZA,NORTE DE SANTANDER,CÚCUTA,7.93028,-72.50917,0.11312849162011174,-0.006304706794216439,0.054122156785711334,estable,0.1400674924372753,1.2381274640134456,0.08298755186721991,0.09375,0.733568976999129,0.8287037037037036,DEFICIT,169.29,115.33041682928166,1.467869488849522,EXCESO,CRÍTICA,NORMAL,0.09428571428571429,0.0,0.0,0.2696456086286595,estable,16015501
16015501,APTO CAMILO DAZA,NORTE DE SANTANDER,CÚCUTA,7.932,-72.511,0.027421236872812137,-0.006304706794216439,0.054122156785711334,estable,0.1400674924372753,5.107993234840209,0.08298755186721991,0.09375,3.0263971042641473,3.418882978723404,EXCESO,169.29,115.33041682928166,1.467869488849522,EXCESO,ALTA,NORMAL,0.09428571428571429,0.0,0.0,0.2696456086286595,estable,16015501
16015502,BLONAY,NORTE DE SANTANDER,CHINÁCOTA,7.56499722,-72.62110833,0.0,,,,,,,,,,sin_datos,,,,sin_datos,BAJA,NORMAL,0.08873720136518772,0.0,0.0,,,16015502
16015502,BLONAY  - AUT,NORTE DE SANTANDER,CHINÁCOTA,7.564997222,-72.62110833,0.052845528455284556,,,,,,,,,,sin_datos,,,,sin_datos,BAJA,NORMAL,0.08873720136518772,0.0,0.0,,,16015502
16017010,AGUAS CLARAS  - AUT,NORTE DE SANTANDER,CÚCUTA,8.233611111,-72.41722222,0.058394160583941604,,,,,,,,,,sin_datos,,,,sin_datos,BAJA,NORMAL,0.09090909090909091,0.0,4.0,,,16017010
16017020,LA DON JUANA - RIO PAMPLONITA,NORTE DE SANTANDER,CHINÁCOTA,7.688,-72.605,0.0,0.014696006489484747,0.007964996038604732,creciente,0.1261932897349564,,0.3070539419087137,0.29375,,,sin_datos,129.8,84.29975856062444,1.5397434371849823,EXCESO,ALTA,MODERADA,0.10465116279069768,0.0,0.0,0.5408805031446541,estable,16017020
16017020,LA DONJUANA,NORTE DE SANTANDER,CHINÁCOTA,7.68797222,-72.60547222,0.09433962264150944,0.014696006489484747,0.007964996038604732,creciente,0.1261932897349564,1.3376488711905377,0.3070539419087137,0.29375,3.254771784232365,3.11375,EXCESO,129.8,84.29975856062444,1.5397434371849823,EXCESO,ALTA,MODERADA,0.10465116279069768,0.0,0.0,0.5408805031446541,estable,16017020
16017020,LA DONJUANA,NORTE DE SANTANDER,CHINÁCOTA,7.687972222,-72.60547222,0.03347280334728033,0.014696006489484747,0.007964996038604732,creciente,0.1261932897349564,3.7700245308318223,0.3070539419087137,0.29375,9.173236514522824,8.775781250000001,EXCESO,129.8,84.29975856062444,1.5397434371849823,EXCESO,ALTA,MODERADA,0.10465116279069768,0.0,0.0,0.5408805031446541,estable,16017020
16017030,LA UCHEMA - En Siniestro,NORTE DE SANTANDER,VILLA DEL ROSARIO,7.694,-72.474,0.05240174672489083,,,,,,,,,,sin_datos,,,,sin_datos,BAJA,ALTA,0.087248322147651,0.0,163.0,,,16017030
16025040,CINERA-VILLA OLGA,NORTE DE SANTANDER,CÚCUTA,8.16728,-72.47878,0.08943089430894309,-0.005482561110395456,0.2570086801355897,estable,0.06441656616156059,0.7202943307156321,0.036458333333333336,0.0375,0.4076704545454546,0.4193181818181818,DEFICIT,153.5,335.6936645962733,0.4572621296997336,DEFICIT,BAJA,MODERADA,0.06626506024096386,0.16666666666666666,0.0,2.112727272727273,estable,16025040
16025040,CINERA-VILLA OLGA,NORTE DE SANTANDER,CÚCUTA,8.167777778,-72.46861111,0.04982817869415808,-0.005482561110395456,0.2570086801355897,estable,0.06441656616156059,1.2927738450354573,0.036458333333333336,0.0375,0.7316810344827586,0.7525862068965516,DEFICIT,153.5,335.6936645962733,0.4572621296997336,DEFICIT,MODERADA,MODERADA,0.06626506024096386,0.16666666666666666,0.0,2.112727272727273,estable,16025040
16025501,CUCUTILLA,NORTE DE SANTANDER,CUCUTILLA,7.51945556,-72.79790278,0.2,,,,,,,,,,sin_datos,,,,sin_datos,ALTA,NORMAL,0.09578544061302682,0.0,0.0,,,16025501
16025501,CUCUTILLA  - AUT,NORTE DE SANTANDER,CUCUTILLA,7.519455556,-72.79790278,0.05105853051058531,,,,,,,,,,sin_datos,,,,sin_datos,BAJA,NORMAL,0.09578544061302682,0.0,0.0,,,16025501
16025502,FRANCISCO ROMERO  - AUT,NORTE DE SANTANDER,SALAZAR,7.739166667,-72.78055278,0.06474820143884892,,,,,,,,,,sin_datos,,,,sin_datos,BAJA,MODERADA,0.11904761904761904,0.0,5.0,,,16025502
16025503,GRAMALOTE,NORTE DE SANTANDER,GRAMALOTE,7.92316389,-72.83375556,0.0,,,,,,,,,,sin_datos,,,,sin_datos,BAJA,NORMAL,0.0898876404494382,0.0,7.0,,,16025503
16025503,GRAMALOTE  - AUT,NORTE DE SANTANDER,GRAMALOTE,7.923163889,-72.83375556,0.05153901216893343,,,,,,,,,,sin_datos,,,,sin_datos,BAJA,NORMAL,0.0898876404494382,0.0,7.0,,,16025503
16027060,PUERTO LEON - AUT,NORTE DE SANTANDER,PUERTO SANTANDER,8.350277778,-72.43472222,0.06521739130434782,,,,,,,,,,sin_datos,,,,sin_datos,BAJA,NORMAL,0.06153846153846154,0.0,2.0,,,16027060
16027120,SAN JAVIER - RIO ZULIA,<nil>,<nil>,7.834,-72.65,0.06086956521739131,0.0,,estable,0.0,0.0,0.0,,0.0,,sin_datos,,,,sin_datos,BAJA,ALTA,0.10273972602739725,0.0,406.0,,,16027120
16027120,SAN JAVIER/PUENTE ZULIA,NORTE DE SANTANDER,DURANIA,7.833888889,-72.65027778,0.0,0.0,,estable,0.0,,0.0,,,,sin_datos,,,,sin_datos,BAJA,ALTA,0.10273972602739725,0.0,406.0,,,16027120
16027280,ASTILLEROS,NORTE DE SANTANDER,CÚCUTA,8.105277778,-72.58138889,0.09770114942528736,-0.02151829734143416,0.0037254022272604857,decreciente,0.09080536733484453,0.9294196421331145,0.03488372093023256,0.0,0.35704514363885087,0.0,DEFICIT,,,,sin_datos,BAJA,NORMAL,0.09859154929577464,0.0,2.0,0.23051948051948054,estable,16027280
16027280,ASTILLEROS - AUT,NORTE DE SANTANDER,CÚCUTA,8.105277778,-72.58138889,0.035398230088495575,-0.02151829734143416,0.0037254022272604857,decreciente,0.09080536733484453,2.5652516272093577,0.03488372093023256,0.0,0.9854651162790697,0.0,DEFICIT,,,,sin_datos,MODERADA,NORMAL,0.09859154929577464,0.0,2.0,0.23051948051948054,estable,16027280
16027300,PUENTE CAPIRA,NORTE DE SANTANDER,CUCUTILLA,7.537194444,-72.77113889,0.10144927536231885,0.05419546850998464,0.35037393171727316,estable,0.17398713517665132,1.7150160467412772,0.011494252873563218,0.16666666666666666,0.11330049261083742,1.6428571428571426,EXCESO,5.8,1.033003300330033,5.6146964856230035,EXCESO,CRÍTICA,NORMAL,0.09534883720930233,0.0,0.0,0.6991869918699186,insuficiente,16027300
16027300,PUENTE CAPIRA - AUT,NORTE DE SANTANDER,CUCUTILLA,7.537194444,-72.77113889,0.049689440993788817,0.05419546850998464,0.35037393171727316,estable,0.17398713517665132,3.501491095430108,0.011494252873563218,0.16666666666666666,0.23132183908045978,3.3541666666666665,EXCESO,5.8,1.033003300330033,5.6146964856230035,EXCESO,ALTA,NORMAL,0.09534883720930233,0.0,0.0,0.6991869918699186,insuficiente,16027300
16027310,TERMOTASAJERO - AUT,NORTE DE SANTANDER,DURANIA,7.833333333,-72.633333333,0.06896551724137931,,,,,,,,,,sin_datos,,,,sin_datos,BAJA,MODERADA,0.1111111111111111,0.0,0.0,,,16027310
16035010,TIBU,NORTE DE SANTANDER,TIBÚ,8.638333333,-72.72666667,0.5,,,,,,,,,,sin_datos,,,,sin_datos,ALTA,MODERADA,0.5,0.0,0.0,,,16035010
16035010,TIBU  - AUT,NORTE DE SANTANDER,TIBÚ,8.638333333,-72.72666667,0.011235955056179775,,,,,,,,,,sin_datos,,,,sin_datos,BAJA,MODERADA,0.5,0.0,0.0,,,16035010
16035030,SARDINATA,NORTE DE SANTANDER,SARDINATA,8.076666667,-72.80305556,0.030418250950570342,-0.0075718616359010445,0.06652464224954824,estable,0.03176708349122142,1.0443428697739041,0.0,,0.0,,sin_datos,,,,sin_datos,BAJA,ALTA,0.0891089108910891,0.0,99.0,2.6405228758169934,estable,16035030
16035030,SARDINATA  - AUT,NORTE DE SANTANDER,SARDINATA,8.076666667,-72.80305556,0.06442166910688141,-0.0075718616359010445,0.06652464224954824,estable,0.03176708349122142,0.49311177328418704,0.0,,0.0,,sin_datos,,,,sin_datos,BAJA,ALTA,0.0891089108910891,0.0,99.0,2.6405228758169934,estable,16035030
16035501,SARDINATA  - AUT,NORTE DE SANTANDER,SARDINATA,8.151169444,-72.86776667,0.05897435897435897,,,,,,,,,,sin_datos,,,,sin_datos,BAJA,NORMAL,0.045454545454545456,0.0,7.0,,,16035501
16037030,PUENTE SARDINATA - AUT,NORTE DE SANTANDER,SARDINATA,8.103611111,-72.79472222,0.1,,,,,,,,,,sin_datos,,,,sin_datos,BAJA,MODERADA,0.5,0.0,14.0,,,16037030
16040050,LA MARIA - AUT,NORTE DE SANTANDER,ÁBREGO,7.934444444,-73.21166667,0.057663125948406675,,,,,,,,,,sin_datos,,,,sin_datos,BAJA,MODERADA,0.10416666666666667,0.0,2.0,,,16040050
16047010,PUENTE ABREGO - AUT,NORTE DE SANTANDER,ÁBREGO,8.043333333,-73.08305556,0.05157593123209169,,,,,,,,,,sin_datos,,,,sin_datos,BAJA,NORMAL,0.1,0.0,2.0,,,16047010
16055120,AGUAS DE LA VIRGEN,NORTE DE SANTANDER,OCAÑA,8.22769,-73.3975,0.13297872340425532,-0.0009009886966876208,0.8630453979372101,estable,0.13491830200234275,1.0145856310576176,0.12605042016806722,0.13125,0.9478991596638655,0.9870000000000001,NORMAL,115.80000000000001,69.61687881437146,1.6633897119802312,EXCESO,CRÍTICA,SEVERA,0.0975609756097561,0.14285714285714285,16.0,0.82,estable,16055120
16055120,AGUAS DE LA VIRGEN  - AUT,NORTE DE SANTANDER,OCAÑA,8.227694444,-73.3975,0.04497257769652651,-0.0009009886966876208,0.8630453979372101,estable,0.13491830200234275,3.0000126502146944,0.12605042016806722,0.13125,2.8028284484525514,2.9184451219512195,EXCESO,115.80000000000001,69.61687881437146,1.6633897119802312,EXCESO,ALTA,SEVERA,0.0975609756097561,0.14285714285714285,16.0,0.82,estable,16055120
16055501,GABRIEL MARIA,NORTE DE SANTANDER,CONVENCIÓN,8.41249722,-73.33944167,0.0,,,,,,,,,,sin_datos,,,,sin_datos,BAJA,NORMAL,0.08849557522123894,0.0,4.0,,,16055501
16055501,GABRIEL MARIA  - AUT,NORTE DE SANTANDER,CONVENCIÓN,8.412497222,-73.33944167,0.05327617881200245,,,,,,,,,,sin_datos,,,,sin_datos,BAJA,NORMAL,0.08849557522123894,0.0,4.0,,,16055501
16057030,LA CABANA - AUT,NORTE DE SANTANDER,OCAÑA,8.197805556,-73.31825,0.05063291139240506,,,,,,,,,,sin_datos,,,,sin_datos,BAJA,ALTA,0.09381237524950099,0.0,27.0,,,16057030
16057040,QUINCE LETRAS - AUT,NORTE DE SANTANDER,TEORAMA,8.541111111,-73.24611111,0.06818181818181818,,,,,,,,,,sin_datos,,,,sin_datos,BAJA,MODERADA,0.10344827586206896,0.0,0.0,,,16057040
17015010,AEROPUERTO SESQUICENTENARIO,ARCHIPIELAGO DE SAN ANDRES PROVIDENCIA Y SANTA CATALINA,SAN ANDRÉS,12.587849,-81.701117,0.18072289156626506,-0.01073714874164649,0.0032399505646233135,decreciente,0.11743171291280301,0.6497888114508433,0.03404255319148936,0.05161290322580645,0.18836879432624115,0.28559139784946236,DEFICIT,528.5,376.5037818383338,1.4037043596734218,EXCESO,CRÍTICA,NORMAL,0.09656652360515021,0.0,1.0,0.7473081328751432,estable,17015010
17015010,AEROPUERTO SESQUICENTENARIO,ARCHIPIÉLAGO DE SAN ANDRES PROVIDENCIA Y SANTA CATALINA,SAN ANDRÉS,12.587849,-81.701117,0.078125,-0.01073714874164649,0.0032399505646233135,decreciente,0.11743171291280301,1.5031259252838785,0.03404255319148936,0.05161290322580645,0.4357446808510638,0.6606451612903226,DEFICIT,528.5,376.5037818383338,1.4037043596734218,EXCESO,ALTA,NORMAL,0.09656652360515021,0.0,1.0,0.7473081328751432,estable,17015010
17015010,APTO SESQUICENTENARIO TX GPRS,SAN ANDRÉS PROVIDENCIA,SAN ANDRÉS,12.542,-81.731,0.022406639004149378,-0.01073714874164649,0.0032399505646233135,decreciente,0.11743171291280301,5.240933854071393,0.03404255319148936,0.05161290322580645,1.5193065405831363,2.303464755077658,EXCESO,528.5,376.5037818383338,1.4037043596734218,EXCESO,ALTA,NORMAL,0.09656652360515021,0.0,1.0,0.7473081328751432,estable,17015010
17017001,JHONNY CAY,SAN ANDRÉS PROVIDENCIA,SAN ANDRÉS,12.599,-81.689,0.050970873786407765,,,,,,,,,,sin_datos,,,,sin_datos,BAJA,MODERADA,0.1,0.0,21.0,,,17017001
17019010,SAN ANDRES,ARCHIPIELAGO DE SAN ANDRES PROVIDENCIA Y SANTA CATALINA,SAN ANDRÉS,12.556111111,-81.703388889,0.0,0.002831827042353358,0.003532465521954968,creciente,0.011412369307106148,,0.0390625,0.0390625,,,sin_datos,246.6,240.3464243187742,1.0260190085995686,NORMAL,MODERADA,NORMAL,0.066006600660066,0.0,1.0,0.0,estable,17019010
17019010,SAN ANDRES,ARCHIPIÉLAGO DE SAN ANDRES PROVIDENCIA Y SANTA CATALINA,SAN ANDRÉS,12.55611111,-81.70338889,0.0,0.002831827042353358,0.003532465521954968,creciente,0.011412369307106148,,0.0390625,0.0390625,,,sin_datos,246.6,240.3464243187742,1.0260190085995686,NORMAL,MODERADA,NORMAL,0.066006600660066,0.0,1.0,0.0,estable,17019010
17019010,SAN ANDRES,SAN ANDRÉS PROVIDENCIA,SAN ANDRÉS,12.556,-81.703,0.07325789160214413,0.002831827042353358,0.003532465521954968,creciente,0.011412369307106148,0.155783480216514,0.0390625,0.0390625,0.5332190040650406,0.5332190040650406,DEFICIT,246.6,240.3464243187742,1.0260190085995686,NORMAL,MODERADA,NORMAL,0.066006600660066,0.0,1.0,0.0,estable,17019010
17025020,AEROPUERTO EL EMBRUJO,ARCHIPIELAGO DE SAN ANDRES PROVIDENCIA Y SANTA CATALINA,SAN ANDRES Y  PROVIDENCIA,13.3595,-81.357721944,0.09166666666666666,-0.00780660041652459,0.0014561821895488132,decreciente,0.09441070750138998,1.0299349909242543,0.04979253112033195,0.01875,0.5431912485854394,0.20454545454545456,DEFICIT,129.9,407.90069444444447,0.3184598647887132,DEFICIT,BAJA,NORMAL,0.08727272727272728,0.05555555555555555,0.0,0.8890086206896551,estable,17025020
17025020,AEROPUERTO EL EMBRUJO,"ARCHIPIELAGO DE SAN ANDRES, PROVIDENCIA Y SANTA CATALINA",SAN ANDRES Y  PROVIDENCIA (SANTA ISABEL),13.36,-81.358,0.03621730382293763,-0.00780660041652459,0.0014561821895488132,decreciente,0.09441070750138998,2.60678453489949,0.04979253112033195,0.01875,1.374827109266943,0.5177083333333333,DEFICIT,129.9,407.90069444444447,0.3184598647887132,DEFICIT,MODERADA,NORMAL,0.08727272727272728,0.05555555555555555,0.0,0.8890086206896551,estable,17025020
17025020,AEROPUERTO EL EMBRUJO,ARCHIPIÉLAGO DE SAN ANDRES PROVIDENCIA Y SANTA CATALINA,SAN ANDRES Y  PROVIDENCIA,13.3595,-81.35772194,0.022727272727272728,-0.00780660041652459,0.0014561821895488132,decreciente,0.09441070750138998,4.154071130061159,0.04979253112033195,0.01875,2.1908713692946056,0.825,DEFICIT,129.9,407.90069444444447,0.3184598647887132,DEFICIT,MODERADA,NORMAL,0.08727272727272728,0.05555555555555555,0.0,0.8890086206896551,estable,17025020
17035010,SERRANILLA,SAN ANDRÉS PROVIDENCIA,SAN ANDRÉS,15.797,-79.852,0.05947955390334572,,,,,,,,,,sin_datos,,,,sin_datos,BAJA,MODERADA,0.16666666666666666,0.0,0.0,,,17035010
21015020,SEVILLA,HUILA,PITALITO,1.824833333,-76.13027778,0.06811145510835913,-0.003490547614280715,0.06845484772301366,estable,0.06669360072562391,0.9791833197443875,0.04245283018867924,0.03816793893129771,0.6232847341337907,0.5603747397640528,DEFICIT,176.4,181.76827956989248,0.9704663564919296,NORMAL,BAJA,MODERADA,0.09166666666666666,0.125,1.0,1.0,estable,21015020
21015030,PARQUE ARQUEOLOGICO,HUILA,SAN AGUSTÍN,1.888472222,-76.29497222,0.10696517412935323,-0.0039011983927070217,0.16375187572425173,estable,0.1061221266035584,0.992118485921639,0.07053941908713693,0.05625,0.6594615458843964,0.5258720930232559,DEFICIT,382.90000000000003,238.6720834616408,1.6042931977905135,EXCESO,CRÍTICA,MODERADA,0.09659090909090909,0.0,5.0,0.5647058823529412,estable,21015030
21015030,PARQUE ARQUEOLOGICO - AUT,HUILA,SAN AGUSTÍN,1.888472222,-76.29497222,0.013215859030837005,-0.0039011983927070217,0.16375187572425173,estable,0.1061221266035584,8.029907579669251,0.07053941908713693,0.05625,5.337482710926694,4.25625,EXCESO,382.90000000000003,238.6720834616408,1.6042931977905135,EXCESO,ALTA,MODERADA,0.09659090909090909,0.0,5.0,0.5647058823529412,estable,21015030
21015040,LA PRIMAVERA,HUILA,SALADOBLANCO,2.021583333,-76.11433333,0.19923371647509577,0.00208784485597904,0.6966654311462417,estable,0.21894545656474115,1.0989377723730278,0.2572614107883817,0.25,1.291254388764762,1.2548076923076923,EXCESO,310.0,74.38904370189495,4.167280349002567,EXCESO,CRÍTICA,NORMAL,0.09366391184573003,0.0,1.0,0.24829001367989056,estable,21015040
21015040,LA PRIMAVERA - AUT,HUILA,SALADOBLANCO,2.021583333,-76.11433333,0.04210059827165965,0.00208784485597904,0.6966654311462417,estable,0.21894545656474115,5.20053076566672,0.2572614107883817,0.25,6.1106355099366665,5.938157894736842,EXCESO,310.0,74.38904370189495,4.167280349002567,EXCESO,ALTA,NORMAL,0.09366391184573003,0.0,1.0,0.24829001367989056,estable,21015040
21015050,PURACE,HUILA,SAN AGUSTÍN,1.925916667,-76.42755556,0.0,0.0,,estable,0.0,,0.0,0.0,,,sin_datos,,,,sin_datos,BAJA,ALTA,0.07785234899328859,0.0,369.0,,,21015050
21015050,PURACE  - AUT,HUILA,SAN AGUSTÍN,1.925916667,-76.42755556,0.0540962288686606,0.0,,estable,0.0,0.0,0.0,0.0,0.0,0.0,DEFICIT,,,,sin_datos,BAJA,ALTA,0.07785234899328859,0.0,369.0,,,21015050
21015060,MARENGO,HUILA,PITALITO,2.221111111,-76.11888889,0.16363636363636364,0.0,1.0,insuficiente,0.10610079575596816,0.6483937518420276,,,,,sin_datos,,,,sin_datos,ALTA,NORMAL,0.090014064697609,0.0,5.0,0.0,insuficiente,21015060
21015060,MARENGO  - AUT,HUILA,PITALITO,2.221111111,-76.11888889,0.04954751131221719,0.0,1.0,insuficiente,0.10610079575596816,2.141395055896709,,,,,sin_datos,,,,sin_datos,MODERADA,NORMAL,0.090014064697609,0.0,5.0,0.0,insuficiente,21015060
21015070,LOS GUACHAROS,HUILA,PALESTINA,1.675833,-76.106841,0.0,0.0022239665096807962,0.6307698107534958,estable,0.013736263736263736,,0.034482758620689655,0.0,,,sin_datos,0.0,2.164625850340136,0.0,DEFICIT,BAJA,LEVE,0.07646474677259185,0.0,1.0,3.5667060212514756,estable,21015070
21015070,LOS GUACHAROS  - AUT,HUILA,PALESTINA,1.675833,-76.106841,0.05084067253803042,0.0022239665096807962,0.6307698107534958,estable,0.013736263736263736,0.27018257333217965,0.034482758620689655,0.0,0.6782514254683683,0.0,DEFICIT,0.0,2.164625850340136,0.0,DEFICIT,BAJA,LEVE,0.07646474677259185,0.0,1.0,3.5667060212514756,estable,21015070
21015501,PITALITO  - AUT,HUILA,PITALITO,1.777527778,-76.19163889,0.05219454329774614,,,,,,,,,,sin_datos,,,,sin_datos,BAJA,NORMAL,0.087248322147651,0.0,0.0,,,21015501
21015502,SAN AGUSTIN,HUILA,SAN AGUSTÍN,1.85141667,-76.30433056,0.0,,,,,,,,,,sin_datos,,,,sin_datos,BAJA,NORMAL,0.08176100628930817,0.0,3.0,,,21015502
21015502,SAN AGUSTIN  - AUT,HUILA,SAN AGUSTÍN,1.851416667,-76.30433056,0.05303933253873659,,,,,,,,,,sin_datos,,,,sin_datos,BAJA,NORMAL,0.08176100628930817,0.0,3.0,,,21015502
21017030,CASCADA SIMON BOLIVAR,HUILA,ISNOS,1.8735,-76.23172222,0.07520891364902507,0.0009209785555483672,0.6910170983557342,estable,0.08282169719031933,1.1012218256046162,0.08333333333333333,0.10625,1.1080246913580245,1.4127314814814813,EXCESO,236.8,132.7257619433872,1.7841298971107402,EXCESO,ALTA,NORMAL,0.0945273631840796,0.0625,2.0,0.7556390977443609,estable,21017030
21017030,CASCADA SIMON BOLIVAR  - AUT,HUILA,ISNOS,1.8735,-76.23172222,0.03225806451612903,0.0009209785555483672,0.6910170983557342,estable,0.08282169719031933,2.5674726128998993,0.08333333333333333,0.10625,2.5833333333333335,3.29375,EXCESO,236.8,132.7257619433872,1.7841298971107402,EXCESO,ALTA,NORMAL,0.0945273631840796,0.0625,2.0,0.7556390977443609,estable,21017030
21017040,SALADO BLANCO,HUILA,ELÍAS,1.988,-76.012,0.06925675675675676,0.0,,estable,0.0,0.0,0.0,0.0,0.0,0.0,DEFICIT,245.2,3409.6599309637177,0.07191333005772685,DEFICIT,BAJA,NORMAL,0.07462686567164178,0.07692307692307693,2.0,1.0307692307692309,estable,21017040
21017040,SALADO BLANCO,HUILA,ELÍAS,1.9880833,-76.012083333,0.0,0.0,,estable,0.0,,0.0,0.0,,,sin_datos,245.2,3409.6599309637177,0.07191333005772685,DEFICIT,BAJA,NORMAL,0.07462686567164178,0.07692307692307693,2.0,1.0307692307692309,estable,21017040
21017040,SALADO BLANCO,HUILA,ELÍAS,1.988111111,-76.01202778,0.0,0.0,,estable,0.0,,0.0,0.0,,,sin_datos,245.2,3409.6599309637177,0.07191333005772685,DEFICIT,BAJA,NORMAL,0.07462686567164178,0.07692307692307693,2.0,1.0307692307692309,estable,21017040
21017080,LA MAGDALENA,HUILA,SAN AGUSTÍN,1.905,-76.401,0.07792207792207792,,,,,,,,,,sin_datos,,,,sin_datos,BAJA,NORMAL,0.0,0.0,0.0,,,21017080
21025030,ALTAMIRA EL GRIFO,HUILA,ALTAMIRA,2.079,-75.736,0.0625,-0.003944565677408933,0.0063149338515135316,decreciente,0.03527676765815761,0.5644282825305218,0.004149377593360996,0.0,0.06639004149377593,0.0,DEFICIT,0.0,176.78581729691942,0.0,DEFICIT,BAJA,ALTA,0.09230769230769231,0.0,221.0,0.808457711442786,creciente,21025030
21025030,ALTAMIRA EL GRIFO,HUILA,ALTAMIRA,2.079166667,-75.73622222,0.06571428571428571,-0.003944565677408933,0.0063149338515135316,decreciente,0.03527676765815761,0.5368203774067463,0.004149377593360996,0.0,0.06314270250766733,0.0,DEFICIT,0.0,176.78581729691942,0.0,DEFICIT,BAJA,ALTA,0.09230769230769231,0.0,221.0,0.808457711442786,creciente,21025030
21025030,ALTAMIRA EL GRIFO,HUILA,ALTAMIRA,2.07916667,-75.73622222,0.026845637583892617,-0.003944565677408933,0.0063149338515135316,decreciente,0.03527676765815761,1.3140595952663712,0.004149377593360996,0.0,0.1545643153526971,0.0,DEFICIT,0.0,176.78581729691942,0.0,DEFICIT,MODERADA,ALTA,0.09230769230769231,0.0,221.0,0.808457711442786,creciente,21025030
21035040,LIBANO EL,HUILA,SUAZA,1.868,-75.828,0.06074766355140187,-0.00042139254126932757,0.7960530520999888,estable,0.06725722660316653,1.1071574225444336,0.07883817427385892,0.0625,1.2977976380466008,1.0288461538461537,NORMAL,261.8,186.37729709766182,1.4046775228359312,EXCESO,ALTA,NORMAL,0.07818930041152264,0.0,2.0,0.8654531064503362,estable,21035040
21035040,LIBANO EL,HUILA,SUAZA,1.87,-75.83,0.05672823218997362,-0.00042139254126932757,0.7960530520999888,estable,0.06725722660316653,1.1856041340744239,0.07883817427385892,0.0625,1.3897520023159315,1.1017441860465116,NORMAL,261.8,186.37729709766182,1.4046775228359312,EXCESO,ALTA,NORMAL,0.07818930041152264,0.0,2.0,0.8654531064503362,estable,21035040
21035501,ACEVEDO  - AUT,HUILA,ACEVEDO,1.763191667,-75.93224722,0.05417607223476298,,,,,,,,,,sin_datos,,,,sin_datos,BAJA,NORMAL,0.09868421052631579,0.0,3.0,,,21035501
21037020,SAN MARCOS,HUILA,ACEVEDO,1.752277778,-75.94541667,0.10326086956521739,0.004677639013867302,0.5725917512390386,estable,0.10852810321896343,1.0510089995941723,0.15306122448979592,0.11764705882352941,1.4822771213748658,1.1393188854489165,NORMAL,57.0,24.699999999999996,2.307692307692308,EXCESO,CRÍTICA,NORMAL,0.09848484848484848,0.0,2.0,0.4993694829760404,estable,21037020
21037020,SAN MARCOS  - AUT,HUILA,ACEVEDO,1.752277778,-75.94541667,0.041666666666666664,0.004677639013867302,0.5725917512390386,estable,0.10852810321896343,2.6046744772551227,0.15306122448979592,0.11764705882352941,3.673469387755102,2.823529411764706,EXCESO,57.0,24.699999999999996,2.307692307692308,EXCESO,ALTA,NORMAL,0.09848484848484848,0.0,2.0,0.4993694829760404,estable,21037020
21045010,BETULIA LA,HUILA,AGRADO,2.281583333,-75.70508333,0.06857142857142857,-0.002269295449099306,0.23213846840404279,estable,0.07007788307878095,1.021969128232222,0.06639004149377593,0.04375,0.9681881051175657,0.6380208333333333,DEFICIT,38.0,80.22319508448541,0.4736784661840142,DEFICIT,BAJA,ALTA,0.10619469026548672,0.4,11.0,1.0089285714285714,creciente,21045010
21045010,BETULIA LA,HUILA,AGRADO,2.282,-75.705,0.0,-0.002269295449099306,0.23213846840404279,estable,0.07007788307878095,,0.06639004149377593,0.04375,,,sin_datos,38.0,80.22319508448541,0.4736784661840142,DEFICIT,BAJA,ALTA,0.10619469026548672,0.4,11.0,1.0089285714285714,creciente,21045010
21045501,OPORAPA  - AUT,HUILA,OPORAPA,2.041941667,-76.01191667,0.051771117166212535,,,,,,,,,,sin_datos,,,,sin_datos,BAJA,NORMAL,0.09701492537313433,0.0,1.0,,,21045501
21047010,PTE BALSEADERO,HUILA,AGRADO,2.232,-75.649,0.05660377358490566,,,,,,,,,,sin_datos,,,,sin_datos,BAJA,NORMAL,,,,,,21047010
21050060,ARGENTINA LA,HUILA,LA ARGENTINA,2.199,-75.972,0.05581395348837209,-0.0060499120813842485,0.0001514613839079042,decreciente,0.07073257035367714,1.2672918855033821,0.03734439834024896,0.025,0.6690871369294605,0.4479166666666667,DEFICIT,138.5,134.64238053922904,1.0286508560330083,NORMAL,MODERADA,NORMAL,0.09787234042553192,0.06666666666666667,0.0,0.6914024190912063,estable,21050060
21050060,ARGENTINA LA,HUILA,LA ARGENTINA,2.199055556,-75.97227778,0.06639839034205232,-0.0060499120813842485,0.0001514613839079042,decreciente,0.07073257035367714,1.0652753777508344,0.03734439834024896,0.025,0.5624292719728404,0.3765151515151515,DEFICIT,138.5,134.64238053922904,1.0286508560330083,NORMAL,BAJA,NORMAL,0.09787234042553192,0.06666666666666667,0.0,0.6914024190912063,estable,21050060
21050060,ARGENTINA LA,HUILA,LA ARGENTINA,2.19905556,-75.97227778,0.0390625,-0.0060499120813842485,0.0001514613839079042,decreciente,0.07073257035367714,1.8107538010541346,0.03734439834024896,0.025,0.9560165975103734,0.64,DEFICIT,138.5,134.64238053922904,1.0286508560330083,NORMAL,MODERADA,NORMAL,0.09787234042553192,0.06666666666666667,0.0,0.6914024190912063,estable,21050060
21050090,NATAGA  - AUT,HUILA,NÁTAGA,2.551444444,-75.8065,0.056790123456790124,,,,,,,,,,sin_datos,,,,sin_datos,BAJA,ALTA,0.08074534161490683,0.0,8.0,,,21050090
21055020,ESCUELA AGRICOLA LA PLATA,HUILA,LA PLATA,2.38,-75.89,0.07255520504731862,0.0010013890823486033,0.8191547308711818,estable,0.08022900410335725,1.1057649695984455,,,,,sin_datos,,,,sin_datos,MODERADA,NORMAL,0.06349206349206349,0.0,2.0,1.0161290322580645,estable,21055020
21055070,INZA - AUT,CAUCA,INZÁ,2.548194444,-76.06394444,0.05020737830168086,,,,,,,,,,sin_datos,,,,sin_datos,BAJA,ALTA,0.09408194233687406,0.0,559.0,,,21055070
21055501,SIMON CAMPOS,HUILA,LA PLATA,2.34583056,-75.87805556,0.0,,,,,,,,,,sin_datos,,,,sin_datos,BAJA,NORMAL,0.08361204013377926,0.0,3.0,,,21055501
21055501,SIMON CAMPOS  - AUT,HUILA,LA PLATA,2.345830556,-75.87805556,0.05308713214079631,,,,,,,,,,sin_datos,,,,sin_datos,BAJA,NORMAL,0.08361204013377926,0.0,3.0,,,21055501
21057030,PTE RICAURTE,CAUCA,PÁEZ (BELALCÁZAR),2.523,-75.962,0.07142857142857142,,,,,,,,,,sin_datos,,,,sin_datos,BAJA,NORMAL,,,,,,21057030
21057050,VEGA EL SALADO,HUILA,LA PLATA,2.331444444,-75.94216667,0.01675977653631285,0.0006907981795538015,0.37484741018547835,estable,0.014634746119003988,0.8732065184339046,0.01276595744680851,0.01948051948051948,0.7617021276595745,1.1623376623376622,EXCESO,29.0,66.95207439432254,0.4331456532504267,DEFICIT,BAJA,NORMAL,0.07526881720430108,0.1,2.0,0.861111111111111,estable,21057050
21057050,VEGA EL SALADO  - AUT,HUILA,LA PLATA,2.331444444,-75.94216667,0.08047945205479452,0.0006907981795538015,0.37484741018547835,estable,0.014634746119003988,0.18184450496804955,0.01276595744680851,0.01948051948051948,0.15862381167949297,0.24205581652390162,DEFICIT,29.0,66.95207439432254,0.4331456532504267,DEFICIT,BAJA,NORMAL,0.07526881720430108,0.1,2.0,0.861111111111111,estable,21057050
21057060,PAICOL,HUILA,TESALIA,2.46,-75.76,0.08244680851063829,-0.003894992584314473,0.0823673685920484,estable,0.07990068237212809,0.9691179539329086,0.06511627906976744,0.04477611940298507,0.7897974493623406,0.5430909966297545,DEFICIT,35.2,111.53965678108287,0.3155828251209925,DEFICIT,BAJA,ALTA,0.09693877551020408,0.3333333333333333,0.0,0.937799043062201,creciente,21057060
21057060,PAICOL - AUT,HUILA,TESALIA,2.460444444,-75.76113889,0.03685897435897436,-0.003894992584314473,0.0823673685920484,estable,0.07990068237212809,2.1677402521829534,0.06511627906976744,0.04477611940298507,1.7666329625884731,1.2147955872809864,EXCESO,35.2,111.53965678108287,0.3155828251209925,DEFICIT,MODERADA,ALTA,0.09693877551020408,0.3333333333333333,0.0,0.937799043062201,creciente,21057060
21065040,ZULUAGA,HUILA,GARZÓN,2.252,-75.529,0.056074766355140186,-0.0025476498329668517,0.032203642034719454,decreciente,0.0398976169877171,0.7115075029476217,0.024896265560165973,0.0125,0.44398340248962653,0.22291666666666668,DEFICIT,99.30000000000001,151.5766770992384,0.6551139786168261,DEFICIT,BAJA,MODERADA,0.09178743961352658,0.15384615384615385,0.0,1.0005370569280343,estable,21065040
21065040,ZULUAGA,HUILA,GARZÓN,2.2525,-75.52944444,0.05699481865284974,-0.0025476498329668517,0.032203642034719454,decreciente,0.0398976169877171,0.7000218253299455,0.024896265560165973,0.0125,0.4368162957374575,0.21931818181818183,DEFICIT,99.30000000000001,151.5766770992384,0.6551139786168261,DEFICIT,BAJA,MODERADA,0.09178743961352658,0.15384615384615385,0.0,1.0005370569280343,estable,21065040
21065501,JORGE VILLAMIL,HUILA,GIGANTE,2.32555278,-75.50972222,0.0,,,,,,,,,,sin_datos,,,,sin_datos,BAJA,NORMAL,0.08713692946058091,0.0,3.0,,,21065501
21065501,JORGE VILLAMIL  - AUT,HUILA,GIGANTE,2.325552778,-75.50972222,0.05380794701986755,,,,,,,,,,sin_datos,,,,sin_datos,BAJA,NORMAL,0.08713692946058091,0.0,3.0,,,21065501
21085030,SAN RAFAEL,HUILA,TERUEL,2.76,-75.58,0.06793478260869565,-0.0039244499259996415,0.012091480722509625,decreciente,0.0535956316439059,0.7889276977982949,0.02074688796680498,0.025,0.3053941908713693,0.36800000000000005,DEFICIT,42.0,173.18913978494624,0.24250943247453371,DEFICIT,BAJA,MODERADA,0.10714285714285714,0.2222222222222222,4.0,1.0,estable,21085030
21085501,TERUEL  - AUT,HUILA,TERUEL,2.762997222,-75.61144167,0.05415617128463476,,,,,,,,,,sin_datos,,,,sin_datos,BAJA,ALTA,0.08333333333333333,0.0,15.0,,,21085501
21087080,HDA VENECIA,HUILA,YAGUARÁ,2.644,-75.544,0.04520654715510522,,,,,,,,,,sin_datos,,,,sin_datos,BAJA,MODERADA,0.16666666666666666,0.0,0.0,,,21087080
21095010,JUNCAL EL,HUILA,PALERMO,2.828805556,-75.33116667,0.05730659025787966,0.008522349037647774,0.051113539554131865,estable,0.11894836971465908,2.075649051520801,0.23651452282157676,0.19375,4.127178423236514,3.3809375,EXCESO,21.5,34.32086021505376,0.6264411749962404,DEFICIT,MODERADA,SEVERA,0.10843373493975904,0.3333333333333333,30.0,1.0506329113924051,estable,21095010
21095010,JUNCAL EL,HUILA,PALERMO,2.829,-75.331,0.0625,0.008522349037647774,0.051113539554131865,estable,0.11894836971465908,1.9031739154345453,0.23651452282157676,0.19375,3.784232365145228,3.1,EXCESO,21.5,34.32086021505376,0.6264411749962404,DEFICIT,MODERADA,SEVERA,0.10843373493975904,0.3333333333333333,30.0,1.0506329113924051,estable,21095010
21097070,PTE SANTANDER - TX GPRS,HUILA,NEIVA,2.943,-75.309,0.0462689952370152,0.002009908763628928,0.7311936989244208,estable,0.0946797079861596,2.046288394661655,0.13278008298755187,0.1125,2.869742087706452,2.4314338235294115,EXCESO,69.5,562.5927829716169,0.12353517873603137,DEFICIT,MODERADA,MODERADA,0.10179640718562874,0.125,2.0,0.15592903828197946,estable,21097070
21097070,PUENTE SANTANDER,HUILA,NEIVA,2.94261111,-75.30852778,0.1328125,0.002009908763628928,0.7311936989244208,estable,0.0946797079861596,0.7128825071899075,0.13278008298755187,0.1125,0.9997559189650964,0.8470588235294118,DEFICIT,69.5,562.5927829716169,0.12353517873603137,DEFICIT,ALTA,MODERADA,0.10179640718562874,0.125,2.0,0.15592903828197946,estable,21097070
21097070,PUENTE SANTANDER,HUILA,NEIVA,2.942611111,-75.30852778,0.041811846689895474,0.002009908763628928,0.7311936989244208,estable,0.0946797079861596,2.264423016002317,0.13278008298755187,0.1125,3.1756569847856153,2.690625,EXCESO,69.5,562.5927829716169,0.12353517873603137,DEFICIT,MODERADA,MODERADA,0.10179640718562874,0.125,2.0,0.15592903828197946,estable,21097070
21097120,LA ESPERANZA,HUILA,PALERMO,2.728416667,-75.39638889,0.0679886685552408,-0.003619196695665374,0.03967527466186945,decreciente,0.04527674566393686,0.6659454674737378,0.02631578947368421,0.0,0.3870614035087719,0.0,DEFICIT,0.8,14.03327660303895,0.05700735634518581,DEFICIT,BAJA,ALTA,0.09090909090909091,0.0,33.0,0.4852941176470588,estable,21097120
21097120,LA ESPERANZA - AUT,HUILA,PALERMO,2.728416667,-75.39638889,0.04562043795620438,-0.003619196695665374,0.03967527466186945,decreciente,0.04527674566393686,0.9924662649534959,0.02631578947368421,0.0,0.5768421052631578,0.0,DEFICIT,0.8,14.03327660303895,0.05700735634518581,DEFICIT,BAJA,ALTA,0.09090909090909091,0.0,33.0,0.4852941176470588,estable,21097120
21105030,ALGECIRAS,HUILA,ALGECIRAS,2.52,-75.319997222,0.09731543624161074,-0.00893534536191018,0.0001844304744803988,decreciente,0.07817020822352834,0.8032662776072912,0.029045643153526972,0.0,0.2984690227500358,0.0,DEFICIT,36.2,101.18016446740924,0.35777763547380126,DEFICIT,BAJA,SEVERA,0.07228915662650602,0.18181818181818182,11.0,0.9493464052287583,creciente,21105030
21105030,ALGECIRAS - AUT,HUILA,ALGECIRAS,2.521694444,-75.32225,0.03645200486026731,-0.00893534536191018,0.0001844304744803988,decreciente,0.07817020822352834,2.1444693789321274,0.029045643153526972,0.0,0.7968188105117566,0.0,DEFICIT,36.2,101.18016446740924,0.35777763547380126,DEFICIT,MODERADA,SEVERA,0.07228915662650602,0.18181818181818182,11.0,0.9493464052287583,creciente,21105030
21105040,POTOSI HACIENDA,HUILA,CAMPOALEGRE,2.696805556,-75.29888889,0.06818181818181818,-0.030952380952380953,0.1706765661485176,estable,0.12844695163938769,1.8838886240443529,,,,,sin_datos,,,,sin_datos,MODERADA,NORMAL,0.07920792079207921,0.0,1.0,0.0,estable,21105040
21105040,POTOSI HACIENDA,HUILA,CAMPOALEGRE,2.69680556,-75.29888889,0.0234375,-0.030952380952380953,0.1706765661485176,estable,0.12844695163938769,5.480403269947208,,,,,sin_datos,,,,sin_datos,MODERADA,NORMAL,0.07920792079207921,0.0,1.0,0.0,estable,21105040
21105040,POTOSI HACIENDA,HUILA,CAMPOALEGRE,2.697,-75.299,0.08411214953271028,-0.030952380952380953,0.1706765661485176,estable,0.12844695163938769,1.5270915361571649,,,,,sin_datos,,,,sin_datos,MODERADA,NORMAL,0.07920792079207921,0.0,1.0,0.0,estable,21105040
21105050,ROSALES LOS,HUILA,CAMPOALEGRE,2.603,-75.418,0.07476635514018691,0.008156335908070642,0.24680421916843825,estable,0.09287001724432202,1.242136480642807,,,,,sin_datos,,,,sin_datos,MODERADA,NORMAL,0.09615384615384616,0.0,3.0,0.0,estable,21105050
21105050,ROSALES LOS,HUILA,CAMPOALEGRE,2.603055556,-75.418333333,0.08163265306122448,0.008156335908070642,0.24680421916843825,estable,0.09287001724432202,1.137657711242945,,,,,sin_datos,,,,sin_datos,MODERADA,NORMAL,0.09615384615384616,0.0,3.0,0.0,estable,21105050
21105050,ROSALES LOS,HUILA,CAMPOALEGRE,2.60305556,-75.41833333,0.015625,0.008156335908070642,0.24680421916843825,estable,0.09287001724432202,5.943681103636609,,,,,sin_datos,,,,sin_datos,MODERADA,NORMAL,0.09615384615384616,0.0,3.0,0.0,estable,21105050
21105501,ALGECIRAS  - AUT,HUILA,ALGECIRAS,2.595027778,-75.22852778,0.05333333333333334,,,,,,,,,,sin_datos,,,,sin_datos,BAJA,MODERADA,0.10810810810810811,0.0,4.0,,,21105501
21107020,PUENTE MULAS,HUILA,CAMPOALEGRE,2.566388889,-75.37427778,0.0,,,,,,,,,,sin_datos,,,,sin_datos,BAJA,MODERADA,0.11428571428571428,0.0,0.0,,,21107020
21107020,PUENTE MULAS,HUILA,CAMPOALEGRE,2.56638889,-75.37427778,0.0,,,,,,,,,,sin_datos,,,,sin_datos,BAJA,MODERADA,0.11428571428571428,0.0,0.0,,,21107020
21107020,PUENTE MULAS  - AUT,HUILA,CAMPOALEGRE,2.566388889,-75.37427778,0.07526881720430108,,,,,,,,,,sin_datos,,,,sin_datos,BAJA,MODERADA,0.11428571428571428,0.0,0.0,,,21107020
21115010,DESIERTO TATACOA,HUILA,VILLAVIEJA,3.234,-75.168,0.05399239543726236,,,,,,,,,,sin_datos,,,,sin_datos,BAJA,ALTA,0.09929078014184398,0.0,37.0,,,21115010
21115100,PALACIO-VEGALARGA,HUILA,NEIVA,2.942638889,-75.06638889,0.014285714285714285,0.029448783810953897,2.0617791642192493e-05,creciente,0.18056235619349223,12.639364933544456,0.44398340248962653,0.53125,31.07883817427386,37.1875,EXCESO,85.39999999999999,0.0,,sin_datos,MODERADA,MODERADA,0.11538461538461539,0.15384615384615385,1.0,0.8496732026143791,estable,21115100
21115100,PALACIO-VEGALARGA,HUILA,NEIVA,2.94263889,-75.06638889,0.0,0.029448783810953897,2.0617791642192493e-05,creciente,0.18056235619349223,,0.44398340248962653,0.53125,,,sin_datos,85.39999999999999,0.0,,sin_datos,MODERADA,MODERADA,0.11538461538461539,0.15384615384615385,1.0,0.8496732026143791,estable,21115100
21115100,PALACIO-VEGALARGA,HUILA,NEIVA,2.943,-75.066,0.5,0.029448783810953897,2.0617791642192493e-05,creciente,0.18056235619349223,0.36112471238698446,0.44398340248962653,0.53125,0.8879668049792531,1.0625,NORMAL,85.39999999999999,0.0,,sin_datos,CRÍTICA,MODERADA,0.11538461538461539,0.15384615384615385,1.0,0.8496732026143791,estable,21115100
21115160,HACIENDA MANILA,HUILA,BARAYA,3.133055833,-75.081528056,0.058823529411764705,0.0,1.0,insuficiente,0.03904923599320883,0.6638370118845501,,,,,sin_datos,,,,sin_datos,BAJA,MODERADA,0.1,0.0,5.0,1.0,insuficiente,21115160
21115170,LA PLATA,HUILA,NEIVA,2.759138889,-75.07455556,0.19230769230769232,0.007677765484217098,0.6883295296627814,estable,0.18643300546526353,0.9694516284193704,0.12048192771084337,0.4,0.6265060240963854,2.08,EXCESO,,,,sin_datos,ALTA,LEVE,0.09448818897637795,0.0,0.0,1.2450980392156863,estable,21115170
21115170,LA PLATA - AUT,HUILA,NEIVA,2.759138889,-75.07455556,0.045285238188590475,0.007677765484217098,0.6883295296627814,estable,0.18643300546526353,4.116860436702638,0.12048192771084337,0.4,2.6605121785844674,8.832900432900432,EXCESO,,,,sin_datos,MODERADA,LEVE,0.09448818897637795,0.0,0.0,1.2450980392156863,estable,21115170
21115180,HACIENDA MANILA,HUILA,BARAYA,3.133055556,-75.08152778,0.2545454545454545,-0.041102094472406724,0.00023510545977933908,decreciente,0.20905037657158068,0.8212693365312099,,,,,sin_datos,,,,sin_datos,ALTA,NORMAL,0.08932461873638345,0.0,4.0,0.0,estable,21115180
21115180,HACIENDA MANILA,HUILA,BARAYA,3.133091,-75.081536,0.14655172413793102,-0.041102094472406724,0.00023510545977933908,decreciente,0.20905037657158068,1.4264613930766683,,,,,sin_datos,,,,sin_datos,CRÍTICA,NORMAL,0.08932461873638345,0.0,4.0,0.0,estable,21115180
21115180,HACIENDA MANILA - AUT,HUILA,BARAYA,3.133055556,-75.08152778,0.04454521205654841,-0.041102094472406724,0.00023510545977933908,decreciente,0.20905037657158068,4.69299318423267,,,,,sin_datos,,,,sin_datos,MODERADA,NORMAL,0.08932461873638345,0.0,4.0,0.0,estable,21115180
21115501,TELLO  - AUT,HUILA,TELLO,2.960666667,-75.02849722,0.05266711681296422,,,,,,,,,,sin_datos,,,,sin_datos,BAJA,NORMAL,0.09166666666666666,0.0,0.0,,,21115501
21117100,PUEBLO NUEVO,HUILA,NEIVA,2.827444444,-75.08883333,0.041666666666666664,-0.009313725490196078,0.7153378358488534,estable,0.03553921568627451,0.8529411764705882,0.0,,0.0,,sin_datos,,,,sin_datos,BAJA,ALTA,0.08196721311475409,0.0,20.0,0.8714285714285714,insuficiente,21117100
21117100,PUEBLO NUEVO - AUT,HUILA,NEIVA,2.82744444,-75.08883333,0.06713780918727916,-0.009313725490196078,0.7153378358488534,estable,0.03553921568627451,0.5293472652218781,0.0,,0.0,,sin_datos,,,,sin_datos,BAJA,ALTA,0.08196721311475409,0.0,20.0,0.8714285714285714,insuficiente,21117100
21117110,MOTILON  - AUT,HUILA,RIVERA,2.805583333,-75.08555556,0.05055112124667427,,,,,,,,,,sin_datos,,,,sin_datos,BAJA,NORMAL,0.08835341365461848,0.0,10.0,,,21117110
21125010,SANTA MARIA,HUILA,SANTA MARÍA,2.93569444,-75.58905556,0.04296875,-0.004130400454190172,0.040658121608478426,decreciente,0.06011622562883223,1.39906852372555,0.04564315352697095,0.01875,1.062240663900415,0.43636363636363634,DEFICIT,61.2,158.21986104693477,0.386803525139271,DEFICIT,MODERADA,NORMAL,0.09569377990430622,0.0,1.0,0.6473451327433628,estable,21125010
21125010,SANTA MARIA,HUILA,SANTA MARÍA,2.935694444,-75.58905556,0.06237424547283702,-0.004130400454190172,0.040658121608478426,decreciente,0.06011622562883223,0.9637988431461167,0.04564315352697095,0.01875,0.7317628162227279,0.3006048387096774,DEFICIT,61.2,158.21986104693477,0.386803525139271,DEFICIT,BAJA,NORMAL,0.09569377990430622,0.0,1.0,0.6473451327433628,estable,21125010
21125010,SANTA MARIA,HUILA,SANTA MARÍA,2.936,-75.589,0.05660377358490566,-0.004130400454190172,0.040658121608478426,decreciente,0.06011622562883223,1.0620533194427026,0.04564315352697095,0.01875,0.8063623789764868,0.33125,DEFICIT,61.2,158.21986104693477,0.386803525139271,DEFICIT,BAJA,NORMAL,0.09569377990430622,0.0,1.0,0.6473451327433628,estable,21125010
21127030,SANTA MARIA,HUILA,SANTA MARÍA,2.971777778,-75.59244444,0.08100558659217877,-0.004615205088714826,0.0064211099736491235,decreciente,0.05258858342835289,0.6491969954258736,0.02074688796680498,0.00625,0.256116754900558,0.0771551724137931,DEFICIT,54.6,207.5215860853299,0.26310515946784097,DEFICIT,BAJA,MODERADA,0.10077519379844961,0.15384615384615385,1.0,0.6843501326259946,estable,21127030
21127030,SANTA MARIA  - AUT,HUILA,SANTA MARÍA,2.971777778,-75.59244444,0.04177545691906005,-0.004615205088714826,0.0064211099736491235,decreciente,0.05258858342835289,1.2588392158161972,0.02074688796680498,0.00625,0.49662863070539415,0.14960937500000002,DEFICIT,54.6,207.5215860853299,0.26310515946784097,DEFICIT,MODERADA,MODERADA,0.10077519379844961,0.15384615384615385,1.0,0.6843501326259946,estable,21127030
21130050,PEREZ HACIENDA,HUILA,AIPE,3.243555556,-75.25594444,0.06571428571428571,0.0010617882673599048,0.5170995386485816,estable,0.06438044042481655,0.9797023542906867,0.07053941908713693,0.06875,1.0734259426303445,1.046195652173913,NORMAL,28.6,28.07688172043011,1.018631637401145,NORMAL,BAJA,SEVERA,0.09345794392523364,0.5,24.0,1.0490196078431373,estable,21130050
21130050,PEREZ HACIENDA,HUILA,AIPE,3.244,-75.256,0.04,0.0010617882673599048,0.5170995386485816,estable,0.06438044042481655,1.6095110106204138,0.07053941908713693,0.06875,1.7634854771784232,1.71875,EXCESO,28.6,28.07688172043011,1.018631637401145,NORMAL,MODERADA,SEVERA,0.09345794392523364,0.5,24.0,1.0490196078431373,estable,21130050
21135020,JABALCON,TOLIMA,SALDAÑA,3.85575,-75.01575,0.06756756756756757,-0.001740353166848895,0.1786916772426993,estable,0.04721284641412235,0.6987501269290107,0.03319502074688797,0.01875,0.4912863070539419,0.27749999999999997,DEFICIT,31.5,112.72495204603581,0.27944123664063036,DEFICIT,BAJA,MODERADA,0.1,0.75,0.0,1.1458333333333333,estable,21135020
21135020,JABALCON,TOLIMA,SALDAÑA,3.85583333,-75.01572222,0.0,-0.001740353166848895,0.1786916772426993,estable,0.04721284641412235,,0.03319502074688797,0.01875,,,sin_datos,31.5,112.72495204603581,0.27944123664063036,DEFICIT,BAJA,MODERADA,0.1,0.75,0.0,1.1458333333333333,estable,21135020
21135020,JABALCON,TOLIMA,SALDAÑA,3.855833333,-75.01572222,0.05660377358490566,-0.001740353166848895,0.1786916772426993,estable,0.04721284641412235,0.8340936199828282,0.03319502074688797,0.01875,0.5864453665283541,0.33125,DEFICIT,31.5,112.72495204603581,0.27944123664063036,DEFICIT,BAJA,MODERADA,0.1,0.75,0.0,1.1458333333333333,estable,21135020
21135020,JABALCON,TOLIMA,SALDAÑA,3.856,-75.016,0.09302325581395349,-0.001740353166848895,0.1786916772426993,estable,0.04721284641412235,0.5075380989518152,0.03319502074688797,0.01875,0.35684647302904565,0.2015625,DEFICIT,31.5,112.72495204603581,0.27944123664063036,DEFICIT,BAJA,MODERADA,0.1,0.75,0.0,1.1458333333333333,estable,21135020
21137010,PURIFICACION,TOLIMA,PURIFICACIÓN,3.84952778,-74.93577778,0.0,-0.2823529411764706,0.22540333075851665,estable,0.23529411764705882,,0.2857142857142857,0.2857142857142857,,,sin_datos,0.0,64.3659420289855,0.0,DEFICIT,BAJA,ALTA,0.09774436090225563,0.0,31.0,10.230769230769232,insuficiente,21137010
21137010,PURIFICACION,TOLIMA,PURIFICACIÓN,3.85,-74.936,0.05376799322607959,-0.2823529411764706,0.22540333075851665,estable,0.23529411764705882,4.37610004631774,0.2857142857142857,0.2857142857142857,5.313835770528684,5.313835770528684,EXCESO,0.0,64.3659420289855,0.0,DEFICIT,MODERADA,ALTA,0.09774436090225563,0.0,31.0,10.230769230769232,insuficiente,21137010
21137030,PUENTE CARRETERA  - AUT,HUILA,AIPE,3.263416667,-75.25097222,0.05361930294906166,,,,,,,,,,sin_datos,,,,sin_datos,BAJA,ALTA,0.1111111111111111,0.0,32.0,,,21137030
21137050,ANGOSTURA,TOLIMA,NATAGAIMA,3.44,-75.12,0.02666666666666667,-0.003792242703533026,0.31201971278207524,estable,0.010560675883256527,0.3960253456221197,0.0,0.0,0.0,0.0,DEFICIT,,,,sin_datos,BAJA,NORMAL,0.08651399491094147,0.0,3.0,1.0508021390374331,estable,21137050
21137050,RIO ANGOSTURA  - AUT,TOLIMA,NATAGAIMA,3.443194444,-75.11880556,0.051617118588696505,-0.003792242703533026,0.31201971278207524,estable,0.010560675883256527,0.2045963853079002,0.0,0.0,0.0,0.0,DEFICIT,,,,sin_datos,BAJA,NORMAL,0.08651399491094147,0.0,3.0,1.0508021390374331,estable,21137050
21140120,CRUCES LAS,TOLIMA,ALPUJARRA,3.42586111,-74.92025,0.0,-0.007177912137787887,0.040961842404274376,decreciente,0.07986052812964484,,0.056074766355140186,0.11538461538461539,,,sin_datos,4.9,5.767857142857143,0.8495356037151702,DEFICIT,BAJA,MODERADA,0.09166666666666666,0.0,4.0,0.8677685950413223,estable,21140120
21140120,CRUCES LAS,TOLIMA,ALPUJARRA,3.425861111,-74.92025,0.06,-0.007177912137787887,0.040961842404274376,decreciente,0.07986052812964484,1.3310088021607474,0.056074766355140186,0.11538461538461539,0.9345794392523364,1.9230769230769234,EXCESO,4.9,5.767857142857143,0.8495356037151702,DEFICIT,MODERADA,MODERADA,0.09166666666666666,0.0,4.0,0.8677685950413223,estable,21140120
21140120,CRUCES LAS,TOLIMA,ALPUJARRA,3.426,-74.92,0.05917159763313609,-0.007177912137787887,0.040961842404274376,decreciente,0.07986052812964484,1.3496429253909978,0.056074766355140186,0.11538461538461539,0.9476635514018692,1.9500000000000002,EXCESO,4.9,5.767857142857143,0.8495356037151702,DEFICIT,MODERADA,MODERADA,0.09166666666666666,0.0,4.0,0.8677685950413223,estable,21140120
21145080,SANTA ANA,HUILA,COLOMBIA,3.589777778,-74.70294444,0.08602150537634409,0.018454780031134717,0.7373281068052484,estable,0.17743941881872916,2.062733243767726,0.5,0.5,5.812499999999999,5.812499999999999,EXCESO,3.8,1.2,3.1666666666666665,EXCESO,ALTA,MODERADA,0.125,0.0,1.0,0.6666666666666666,estable,21145080
21145080,SANTA ANA - AUT,HUILA,COLOMBIA,3.589777778,-74.70294444,0.06593406593406594,0.018454780031134717,0.7373281068052484,estable,0.17743941881872916,2.6911645187507256,0.5,0.5,7.583333333333333,7.583333333333333,EXCESO,3.8,1.2,3.1666666666666665,EXCESO,ALTA,MODERADA,0.125,0.0,1.0,0.6666666666666666,estable,21145080
21147010,SAN ALFONSO,HUILA,VILLAVIEJA,3.3705,-75.11416667,0.07462686567164178,-0.005850481656933269,0.03763626890864338,decreciente,0.022351652727996812,0.2995121465551573,0.004149377593360996,0.00625,0.05560165975103735,0.08375000000000002,DEFICIT,42.2,24.525,1.7206931702344548,EXCESO,ALTA,MODERADA,0.07017543859649122,0.2222222222222222,1.0,1.0,estable,21147010
21147030,CARRASPOSO,HUILA,COLOMBIA,3.327527778,-74.86691667,0.0273972602739726,0.06094649398220827,0.04491373550757049,creciente,0.12736350950636663,4.648768096982383,0.10465116279069768,0.4,3.8197674418604657,14.600000000000001,EXCESO,,,,sin_datos,MODERADA,NORMAL,0.09523809523809523,0.0,0.0,0.328125,estable,21147030
21147030,CARRASPOSO  - AUT,HUILA,COLOMBIA,3.327527778,-74.86691667,0.057803468208092484,0.06094649398220827,0.04491373550757049,creciente,0.12736350950636663,2.2033887144601425,0.10465116279069768,0.4,1.81046511627907,6.920000000000001,EXCESO,,,,sin_datos,MODERADA,NORMAL,0.09523809523809523,0.0,0.0,0.328125,estable,21147030
21160260,PUERTO LLERAS TOLIMA,TOLIMA,VILLARRICA,3.839777778,-74.68830556,0.0,0.011538461538461539,0.9124962038092853,estable,0.24450549450549447,,0.1746031746031746,0.5,,,sin_datos,,,,sin_datos,BAJA,LEVE,0.09876543209876543,0.0,1.0,3.375,insuficiente,21160260
21160260,PUERTO LLERAS TOLIMA  - AUT,TOLIMA,VILLARRICA,3.839777778,-74.68830556,0.0531986531986532,0.011538461538461539,0.9124962038092853,estable,0.24450549450549447,4.596084295451384,0.1746031746031746,0.5,3.2820976491862566,9.398734177215191,EXCESO,,,,sin_datos,MODERADA,LEVE,0.09876543209876543,0.0,1.0,3.375,insuficiente,21160260
21165501,DOLORES,TOLIMA,DOLORES,3.53715556,-74.82982778,0.0,,,,,,,,,,sin_datos,,,,sin_datos,BAJA,NORMAL,0.09545454545454546,0.0,5.0,,,21165501
21165501,DOLORES  - AUT,TOLIMA,DOLORES,3.537155556,-74.82982778,0.052825552825552825,,,,,,,,,,sin_datos,,,,sin_datos,BAJA,NORMAL,0.09545454545454546,0.0,5.0,,,21165501
21165502,VILLARICA  - AUT,TOLIMA,VILLARRICA,3.955641667,-74.59178611,0.05236270753512133,,,,,,,,,,sin_datos,,,,sin_datos,BAJA,ALTA,0.08571428571428572,0.0,22.0,,,21165502
21167060,SAN PABLO TOLIMA,TOLIMA,CUNDAY,3.92648,-74.657784,0.0,0.0,,estable,0.0,,0.0,0.0,,,sin_datos,,,,sin_datos,BAJA,ALTA,0.07692307692307693,0.0,762.0,,,21167060
21167060,SAN PABLO TOLIMA  - AUT,TOLIMA,CUNDAY,3.926666667,-74.65694444,0.05571161048689138,0.0,,estable,0.0,0.0,0.0,0.0,0.0,0.0,DEFICIT,,,,sin_datos,BAJA,ALTA,0.07692307692307693,0.0,762.0,,,21167060
21167080,LA MORA,TOLIMA,PRADO,3.725194444,-74.82644444,0.21978021978021978,0.0406437848135641,0.06556185593016661,estable,0.27197075263289183,1.237466924479658,0.38372093023255816,0.4,1.7459302325581396,1.82,EXCESO,,,,sin_datos,CRÍTICA,NORMAL,0.09953703703703703,0.0,0.0,0.0,estable,21167080
21167080,LA MORA - AUT,TOLIMA,PRADO,3.725194444,-74.82644444,0.04719101123595506,0.0406437848135641,0.06556185593016661,estable,0.27197075263289183,5.7631897581731835,0.38372093023255816,0.4,8.131229235880399,8.476190476190476,EXCESO,,,,sin_datos,MODERADA,NORMAL,0.09953703703703703,0.0,0.0,0.0,estable,21167080
21167090,HDA EL RUBY - En Siniestro,TOLIMA,CUNDAY,4.011,-74.719,0.0989010989010989,,,,,,,,,,sin_datos,,,,sin_datos,BAJA,NORMAL,0.0,0.0,0.0,,,21167090
21185030,GUAMO,TOLIMA,GUAMO,4.00883333,-74.98138889,0.0,0.0006024115516864234,0.571011499996279,estable,0.054135854511714966,,0.06639004149377593,0.0625,,,sin_datos,12.6,15.836878023936848,0.795611356035929,DEFICIT,BAJA,MODERADA,0.09375,0.3333333333333333,0.0,1.090909090909091,estable,21185030
21185030,GUAMO,TOLIMA,GUAMO,4.008833333,-74.98138889,0.0547945205479452,0.0006024115516864234,0.571011499996279,estable,0.054135854511714966,0.9879793448387982,0.06639004149377593,0.0625,1.211618257261411,1.140625,NORMAL,12.6,15.836878023936848,0.795611356035929,DEFICIT,BAJA,MODERADA,0.09375,0.3333333333333333,0.0,1.090909090909091,estable,21185030
21185030,GUAMO,TOLIMA,GUAMO,4.009,-74.981,0.06976744186046512,0.0006024115516864234,0.571011499996279,estable,0.054135854511714966,0.7759472480012478,0.06639004149377593,0.0625,0.9515905947441218,0.8958333333333334,NORMAL,12.6,15.836878023936848,0.795611356035929,DEFICIT,BAJA,MODERADA,0.09375,0.3333333333333333,0.0,1.090909090909091,estable,21185030
21185080,VALLE DE SAN JUAN,TOLIMA,VALLE DE SAN JUAN,4.216,-75.105,0.06763285024154589,-0.005740943350255628,0.0002535241058031202,decreciente,0.061859996292931034,0.9146442309026233,0.024896265560165973,0.0125,0.36810906935388266,0.1848214285714286,DEFICIT,17.6,83.07112177490734,0.2118666466030112,DEFICIT,BAJA,NORMAL,0.09497206703910614,0.0,3.0,0.6888400219901044,estable,21185080
21185080,VALLE DE SAN JUAN,TOLIMA,VALLE DE SAN JUAN,4.21645833,-75.10461111,0.01171875,-0.005740943350255628,0.0002535241058031202,decreciente,0.061859996292931034,5.278719683663448,0.024896265560165973,0.0125,2.12448132780083,1.0666666666666667,NORMAL,17.6,83.07112177490734,0.2118666466030112,DEFICIT,MODERADA,NORMAL,0.09497206703910614,0.0,3.0,0.6888400219901044,estable,21185080
21185080,VALLE DE SAN JUAN,TOLIMA,VALLE DE SAN JUAN,4.216458333,-75.104611111,0.07645875251509054,-0.005740943350255628,0.0002535241058031202,decreciente,0.061859996292931034,0.8090636357259664,0.024896265560165973,0.0125,0.32561694693164445,0.16348684210526315,DEFICIT,17.6,83.07112177490734,0.2118666466030112,DEFICIT,BAJA,NORMAL,0.09497206703910614,0.0,3.0,0.6888400219901044,estable,21185080
21185090,NATAIMA,TOLIMA,ESPINAL,4.188138889,-74.96047222,0.14854111405835543,-0.0022986192160458466,0.4927926686280283,estable,0.13090314067597603,0.8812586434793386,0.14107883817427386,0.06875,0.9497628927089509,0.46283482142857146,DEFICIT,7.1000000000000005,67.96849614077033,0.10446016026741432,DEFICIT,ALTA,SEVERA,0.10075566750629723,1.0,39.0,0.7236979166666667,estable,21185090
21185090,NATAIMA - AUT,TOLIMA,ESPINAL,4.188138889,-74.96047222,0.04109269203829092,-0.0022986192160458466,0.4927926686280283,estable,0.13090314067597603,3.1855576790636664,0.14107883817427386,0.06875,3.4331855903432666,1.673046875,EXCESO,7.1000000000000005,67.96849614077033,0.10446016026741432,DEFICIT,MODERADA,SEVERA,0.10075566750629723,1.0,39.0,0.7236979166666667,estable,21185090
21185501,ROVIRA,TOLIMA,ROVIRA,4.26666667,-75.28305556,0.0,,,,,,,,,,sin_datos,,,,sin_datos,BAJA,MODERADA,0.10080645161290322,0.0,5.0,,,21185501
21185501,ROVIRA  - AUT,TOLIMA,ROVIRA,4.266666667,-75.28305556,0.05305039787798409,,,,,,,,,,sin_datos,,,,sin_datos,BAJA,MODERADA,0.10080645161290322,0.0,5.0,,,21185501
21187030,CUCUNUBA,TOLIMA,VALLE DE SAN JUAN,4.231946,-75.092981,0.09090909090909091,-0.009055189486878291,0.6480384855284721,estable,0.11150244676493887,1.2265269144143276,0.21348314606741572,0.0,2.3483146067415728,0.0,DEFICIT,0.0,11.78888888888889,0.0,DEFICIT,MODERADA,MODERADA,0.10101010101010101,0.0,4.0,0.0,estable,21187030
21187030,CUCUNUBA  - AUT,TOLIMA,VALLE DE SAN JUAN,4.232055556,-75.09272222,0.0446927374301676,-0.009055189486878291,0.6480384855284721,estable,0.11150244676493887,2.4948672463655073,0.21348314606741572,0.0,4.776685393258426,0.0,DEFICIT,0.0,11.78888888888889,0.0,DEFICIT,MODERADA,MODERADA,0.10101010101010101,0.0,4.0,0.0,estable,21187030
21195120,ITA VALSALICE,CUNDINAMARCA,SILVANIA,4.39292,-74.39272,0.05865921787709497,-0.004072561551071595,0.061738885833545455,estable,0.06631151274522085,1.1304534077518602,0.058091286307053944,0.04375,0.9903181189488244,0.7458333333333332,DEFICIT,39.8,191.3663492151907,0.20797804924023008,DEFICIT,MODERADA,NORMAL,0.08487084870848709,0.0,0.0,0.4134248665141113,estable,21195120
21195120,ITA VALSALICE  - AUT,CUNDINAMARCA,SILVANIA,4.395777778,-74.39613889,0.05,-0.004072561551071595,0.061738885833545455,estable,0.06631151274522085,1.326230254904417,0.058091286307053944,0.04375,1.1618257261410787,0.8749999999999999,NORMAL,39.8,191.3663492151907,0.20797804924023008,DEFICIT,MODERADA,NORMAL,0.08487084870848709,0.0,0.0,0.4134248665141113,estable,21195120
21195160,SUBIA,CUNDINAMARCA,SILVANIA,4.477,-74.384,0.05299145299145299,,,,,,,,,,sin_datos,,,,sin_datos,BAJA,MODERADA,0.10071942446043165,0.0,1.0,,,21195160
21195170,PAQUILO,CUNDINAMARCA,CABRERA,3.993611,-74.398056,0.176056338028169,-0.002870092731412072,0.5651400479035906,estable,0.18353270241479364,1.042465749716028,0.16037735849056603,0.1518987341772152,0.9109433962264151,0.8627848101265824,NORMAL,114.2,59.57273070090822,1.9169844768968929,EXCESO,CRÍTICA,MODERADA,0.10046189376443418,0.16666666666666666,1.0,0.39035384268649986,estable,21195170
21195170,PAQUILO,CUNDINAMARCA,CABRERA,3.993611111,-74.39805556,0.15337423312883436,-0.002870092731412072,0.5651400479035906,estable,0.18353270241479364,1.1966332197444545,0.16037735849056603,0.1518987341772152,1.0456603773584905,0.990379746835443,NORMAL,114.2,59.57273070090822,1.9169844768968929,EXCESO,CRÍTICA,MODERADA,0.10046189376443418,0.16666666666666666,1.0,0.39035384268649986,estable,21195170
21195170,PAQUILO - AUT,CUNDINAMARCA,CABRERA,3.993611111,-74.39805556,0.04394166043380703,-0.002870092731412072,0.5651400479035906,estable,0.18353270241479364,4.176735712826878,0.16037735849056603,0.1518987341772152,3.6497792051384983,3.4568273633180717,EXCESO,114.2,59.57273070090822,1.9169844768968929,EXCESO,ALTA,MODERADA,0.10046189376443418,0.16666666666666666,1.0,0.39035384268649986,estable,21195170
21195190,PASCA,CUNDINAMARCA,PASCA,4.307189,-74.308399,0.09090909090909091,0.024615334416093426,0.4763840822421593,estable,0.17921329022372665,1.971346192460993,0.11764705882352941,0.10526315789473684,1.2941176470588234,1.157894736842105,EXCESO,43.6,26.941743493989968,1.6183065513086068,EXCESO,ALTA,NORMAL,0.08310249307479224,0.0,0.0,0.0,estable,21195190
21195190,PASCA - AUT,CUNDINAMARCA,PASCA,4.310111111,-74.31175,0.04939759036144578,0.024615334416093426,0.4763840822421593,estable,0.17921329022372665,3.627976363065686,0.11764705882352941,0.10526315789473684,2.381635581061693,2.1309370988446728,EXCESO,43.6,26.941743493989968,1.6183065513086068,EXCESO,ALTA,NORMAL,0.08310249307479224,0.0,0.0,0.0,estable,21195190
21195501,GRANJA TIBACUY  - AUT,CUNDINAMARCA,TIBACUY,4.363052778,-74.43527778,0.05533596837944664,,,,,,,,,,sin_datos,,,,sin_datos,BAJA,MODERADA,0.1111111111111111,0.0,10.0,,,21195501
21195502,AGUAS CLARAS - CAR,CUNDINAMARCA,SAN BERNARDO,4.145,-74.428,0.052564914502849905,,,,,,,,,,sin_datos,,,,sin_datos,BAJA,MODERADA,0.10112359550561797,0.0,0.0,,,21195502
21197010,EL PROFUNDO,CUNDINAMARCA,CABRERA,4.011694,-74.504444,0.08035714285714286,-0.014439209712864965,0.0010019411352121764,decreciente,0.09194998495765364,1.1442664794730228,0.0,0.0,0.0,0.0,DEFICIT,0.1,28.61312398151952,0.0034948997552517306,DEFICIT,MODERADA,ALTA,0.09151414309484193,0.0,78.0,0.9933884297520661,creciente,21197010
21197010,EL PROFUNDO,CUNDINAMARCA,CABRERA,4.011694444,-74.504444444,0.15060240963855423,-0.014439209712864965,0.0010019411352121764,decreciente,0.09194998495765364,0.6105479001188201,0.0,0.0,0.0,0.0,DEFICIT,0.1,28.61312398151952,0.0034948997552517306,DEFICIT,ALTA,ALTA,0.09151414309484193,0.0,78.0,0.9933884297520661,creciente,21197010
21197010,EL PROFUNDO - AUT,CUNDINAMARCA,CABRERA,4.011694444,-74.504444444,0.045647558386411886,-0.014439209712864965,0.0010019411352121764,decreciente,0.09194998495765364,2.0143461820955753,0.0,0.0,0.0,0.0,DEFICIT,0.1,28.61312398151952,0.0034948997552517306,DEFICIT,MODERADA,ALTA,0.09151414309484193,0.0,78.0,0.9933884297520661,creciente,21197010
21197030,LA PLAYA,TOLIMA,ICONONZO,4.19225,-74.500722222,0.07692307692307693,-0.00236398498861842,0.6301606625042118,estable,0.04775849896817638,0.6208604865862929,0.03319502074688797,0.05,0.43153526970954353,0.65,DEFICIT,29.900000000000002,1618.6681720430106,0.01847197623108976,DEFICIT,BAJA,MODERADA,0.10256410256410256,0.0,0.0,0.7500000000000001,estable,21197030
21197030,LA PLAYA - AUT,TOLIMA,ICONONZO,4.19225,-74.50072222,0.0625,-0.00236398498861842,0.6301606625042118,estable,0.04775849896817638,0.7641359834908221,0.03319502074688797,0.05,0.5311203319502075,0.8,DEFICIT,29.900000000000002,1618.6681720430106,0.01847197623108976,DEFICIT,BAJA,MODERADA,0.10256410256410256,0.0,0.0,0.7500000000000001,estable,21197030
21197080,BONANZA LA HACIENDA  - AUT,CUNDINAMARCA,SILVANIA,4.400027778,-74.36358333,0.05726872246696035,-0.10230769230769231,0.08192575351111632,estable,0.16395604395604396,2.8629247675401523,0.10344827586206896,0.0,1.806366047745358,0.0,DEFICIT,,,,sin_datos,MODERADA,NORMAL,0.09523809523809523,0.0,1.0,0.0,estable,21197080
21197080,HACIENDA LA BONANZA,CUNDINAMARCA,SILVANIA,4.400028,-74.363583,0.5,-0.10230769230769231,0.08192575351111632,estable,0.16395604395604396,0.3279120879120879,0.10344827586206896,0.0,0.20689655172413793,0.0,DEFICIT,,,,sin_datos,ALTA,NORMAL,0.09523809523809523,0.0,1.0,0.0,estable,21197080
21197430,PROVIDENCIA - PROVIDENCIA,CUNDINAMARCA,FUSAGASUGÁ,4.367,-74.3,0.051181102362204724,,,,,,,,,,sin_datos,,,,sin_datos,BAJA,MODERADA,0.10135135135135136,0.0,0.0,,,21197430
21201200,ESC LA UNION - FOPAE,BOGOTA D.C.,"BOGOTA, D.C",4.343,-74.184,0.041302887844190735,0.004133167895134984,0.11966594111787808,estable,0.14907849713000565,3.6093964589687544,0.17616580310880828,0.13934426229508196,4.265217574455537,3.373717179794748,EXCESO,98.0,54.07637367209611,1.8122516978347027,EXCESO,ALTA,NORMAL,0.09514563106796116,0.0,0.0,0.3153061224489796,estable,21201200
21201200,ESCUELA LA UNION,BOGOTÁ,BOGOTA D.C,4.34264,-74.18381,0.038461538461538464,0.004133167895134984,0.11966594111787808,estable,0.14907849713000565,3.876040925380147,0.17616580310880828,0.13934426229508196,4.580310880829015,3.6229508196721305,EXCESO,98.0,54.07637367209611,1.8122516978347027,EXCESO,ALTA,NORMAL,0.09514563106796116,0.0,0.0,0.3153061224489796,estable,21201200
21201200,ESCUELA LA UNION,BOGOTÁ,BOGOTÁ D.C,4.34264,-74.18381,0.12224938875305623,0.004133167895134984,0.11966594111787808,estable,0.14907849713000565,1.2194621065234463,0.17616580310880828,0.13934426229508196,1.4410362694300518,1.1398360655737705,NORMAL,98.0,54.07637367209611,1.8122516978347027,EXCESO,CRÍTICA,NORMAL,0.09514563106796116,0.0,0.0,0.3153061224489796,estable,21201200
21201580,PASQUILLA,BOGOTÁ,BOGOTA D.C,4.44647201,-74.154839,0.023529411764705882,0.009399442295795733,0.0008082079661406533,creciente,0.15109159309428127,6.421392706506954,0.20725388601036268,0.22131147540983606,8.808290155440414,9.405737704918034,EXCESO,188.5,50.21510792810143,3.7538503406165424,EXCESO,ALTA,MODERADA,0.10067114093959731,0.0,0.0,0.41824561403508775,estable,21201580
21201580,PASQUILLA,BOGOTÁ,BOGOTÁ D.C,4.44647201,-74.154839,0.10148514851485149,0.009399442295795733,0.0008082079661406533,creciente,0.15109159309428127,1.488804966099747,0.20725388601036268,0.22131147540983606,2.0422090231265004,2.180727708916433,EXCESO,188.5,50.21510792810143,3.7538503406165424,EXCESO,CRÍTICA,MODERADA,0.10067114093959731,0.0,0.0,0.41824561403508775,estable,21201580
21201580,PASQUILLA - FOPAE,BOGOTA D.C.,"BOGOTA, D.C",4.447,-74.155,0.014285714285714285,0.009399442295795733,0.0008082079661406533,creciente,0.15109159309428127,10.57641151659969,0.20725388601036268,0.22131147540983606,14.507772020725389,15.491803278688526,EXCESO,188.5,50.21510792810143,3.7538503406165424,EXCESO,ALTA,MODERADA,0.10067114093959731,0.0,0.0,0.41824561403508775,estable,21201580
21201980,CERRO GUADALUPE - FOPAE,BOGOTA D.C.,"BOGOTA, D.C",4.567,-74.05,0.04045676998368679,0.00591930173923216,0.03453379859694522,creciente,0.15716411697350113,3.884742084869201,0.2,0.20253164556962025,4.943548387096774,5.0061249489587585,EXCESO,83.8,21.72649791429655,3.857041311055364,EXCESO,ALTA,NORMAL,0.0851063829787234,0.0,2.0,0.13202247191011235,estable,21201980
21201980,GUADALUPE,BOGOTÁ,BOGOTA D.C,4.59157,-74.05471,0.05319148936170213,0.00591930173923216,0.03453379859694522,creciente,0.15716411697350113,2.9546853991018214,0.2,0.20253164556962025,3.7600000000000002,3.8075949367088606,EXCESO,83.8,21.72649791429655,3.857041311055364,EXCESO,ALTA,NORMAL,0.0851063829787234,0.0,2.0,0.13202247191011235,estable,21201980
21201980,GUADALUPE,BOGOTÁ,BOGOTÁ D.C,4.59157,-74.05471,0.14488636363636365,0.00591930173923216,0.03453379859694522,creciente,0.15716411697350113,1.0847405720524,0.2,0.20253164556962025,1.380392156862745,1.3978654753040456,EXCESO,83.8,21.72649791429655,3.857041311055364,EXCESO,CRÍTICA,NORMAL,0.0851063829787234,0.0,2.0,0.13202247191011235,estable,21201980
21202170,SIERRA MORENA - FOPAE,BOGOTA D.C.,"BOGOTA, D.C",4.567,-74.167,0.05067903279231534,,,,,,,,,,sin_datos,,,,sin_datos,BAJA,ALTA,0.09345794392523364,0.0,27.0,,,21202170
21202180,QUIBA,BOGOTÁ,BOGOTA D.C,4.54311,-74.15601,0.043478260869565216,-0.0020239826057539324,0.51268542248231,estable,0.12020439711485319,2.764701133641623,0.11333333333333333,0.0759493670886076,2.6066666666666665,1.7468354430379749,EXCESO,15.0,13.819286821705427,1.0854395160566515,NORMAL,MODERADA,NORMAL,0.09200968523002422,0.0,3.0,0.13757495003331113,estable,21202180
21202180,QUIBA,BOGOTÁ,BOGOTÁ D.C,4.54311,-74.15601,0.11634349030470914,-0.0020239826057539324,0.51268542248231,estable,0.12020439711485319,1.0331854132967142,0.11333333333333333,0.0759493670886076,0.9741269841269841,0.6528028933092225,DEFICIT,15.0,13.819286821705427,1.0854395160566515,NORMAL,ALTA,NORMAL,0.09200968523002422,0.0,3.0,0.13757495003331113,estable,21202180
21202180,QUIBA - FOPAE,BOGOTA D.C.,"BOGOTA, D.C",4.543,-74.156,0.04143373890167708,-0.0020239826057539324,0.51268542248231,estable,0.12020439711485319,2.9011235843354646,0.11333333333333333,0.0759493670886076,2.735291005291005,1.8330319469559977,EXCESO,15.0,13.819286821705427,1.0854395160566515,NORMAL,MODERADA,NORMAL,0.09200968523002422,0.0,3.0,0.13757495003331113,estable,21202180
21202190,JUAN REY,BOGOTÁ,BOGOTA D.C,4.51872,-74.08867,0.00909090909090909,0.0011033030920207143,0.555048011816394,estable,0.09348743241679838,10.283617565847823,0.09933774834437085,0.0625,10.927152317880795,6.875,EXCESO,102.5,75.47326315789475,1.3580968373603197,EXCESO,ALTA,NORMAL,0.1,0.0,3.0,0.21276595744680848,estable,21202190
21202190,JUAN REY,BOGOTÁ,BOGOTÁ D.C,4.51872,-74.08867,0.08179419525065963,0.0011033030920207143,0.555048011816394,estable,0.09348743241679838,1.142959254386019,0.09933774834437085,0.0625,1.2144840845973082,0.7641129032258064,DEFICIT,102.5,75.47326315789475,1.3580968373603197,EXCESO,ALTA,NORMAL,0.1,0.0,3.0,0.21276595744680848,estable,21202190
21202200,VITELMA,BOGOTA D.C.,"BOGOTA, D.C",4.575,-74.072,0.05102383350117489,,,,,,,,,,sin_datos,,,,sin_datos,BAJA,NORMAL,0.09166666666666666,0.0,4.0,,,21202200
21202210,MICAELA - FOPAE,BOGOTA D.C.,"BOGOTA, D.C",4.506,-74.086,0.05105762217359591,,,,,,,,,,sin_datos,,,,sin_datos,BAJA,MODERADA,0.10396039603960396,0.0,5.0,,,21202210
21202220,PARAISO,BOGOTÁ,BOGOTA D.C,4.62789,-74.0587,0.022026431718061675,-0.011760640247529496,0.010613678533138198,decreciente,0.15816495309361778,7.180688870450247,0.12751677852348994,0.1,5.789261744966443,4.54,EXCESO,19.2,18.486339522546423,1.0386047479320164,NORMAL,MODERADA,NORMAL,0.08547008547008547,0.0,2.0,0.12446808510638298,estable,21202220
21202220,PARAISO,BOGOTÁ,BOGOTÁ D.C,4.62789,-74.0587,0.1375,-0.011760640247529496,0.010613678533138198,decreciente,0.15816495309361778,1.1502905679535838,0.12751677852348994,0.1,0.9273947528981086,0.7272727272727273,DEFICIT,19.2,18.486339522546423,1.0386047479320164,NORMAL,CRÍTICA,NORMAL,0.08547008547008547,0.0,2.0,0.12446808510638298,estable,21202220
21202220,PARAISO - FOPAE,BOGOTA D.C.,"BOGOTA, D.C",4.617,-74.05,0.039655172413793106,-0.011760640247529496,0.010613678533138198,decreciente,0.15816495309361778,3.9885075127955782,0.12751677852348994,0.1,3.2156405018967025,2.5217391304347827,EXCESO,19.2,18.486339522546423,1.0386047479320164,NORMAL,MODERADA,NORMAL,0.08547008547008547,0.0,2.0,0.12446808510638298,estable,21202220
21202230,UAN SEDE USME,BOGOTÁ,BOGOTA D.C,4.48152,-74.12708,0.008888888888888889,-0.005223910813473592,0.12852101725834394,estable,0.1680237841449794,18.90267571631018,0.11258278145695365,0.15,12.665562913907285,16.875,EXCESO,46.6,22.377940168988353,2.0824079270968334,EXCESO,ALTA,MODERADA,0.10135135135135136,0.0,1.0,0.3182795698924731,estable,21202230
21202230,UAN SEDE USME,BOGOTÁ,BOGOTÁ D.C,4.48152,-74.12708,0.15608465608465608,-0.005223910813473592,0.12852101725834394,estable,0.1680237841449794,1.0764913628271562,0.11258278145695365,0.15,0.7212930744191268,0.9610169491525424,NORMAL,46.6,22.377940168988353,2.0824079270968334,EXCESO,CRÍTICA,MODERADA,0.10135135135135136,0.0,1.0,0.3182795698924731,estable,21202230
21202230,UAN SEDE USME - FOPAE,BOGOTA D.C.,"BOGOTA, D.C",4.467,-74.117,0.039356605065023954,-0.005223910813473592,0.12852101725834394,estable,0.1680237841449794,4.269265193666346,0.11258278145695365,0.15,2.860581629714944,3.811304347826087,EXCESO,46.6,22.377940168988353,2.0824079270968334,EXCESO,ALTA,MODERADA,0.10135135135135136,0.0,1.0,0.3182795698924731,estable,21202230
21202240,UAN SEDE CIRCUNVALAR,BOGOTÁ,BOGOTA D.C,4.63546,-74.05746,0.0182648401826484,0.003608825832530695,0.17351861094923696,estable,0.1277917377712605,6.996597642976512,0.17218543046357615,0.125,9.427152317880795,6.84375,EXCESO,20.6,18.61439354476278,1.106670488644304,NORMAL,MODERADA,NORMAL,0.09243697478991597,0.0,2.0,0.12727272727272726,estable,21202240
21202240,UAN SEDE CIRCUNVALAR,BOGOTÁ,BOGOTÁ D.C,4.63546,-74.05746,0.1099476439790576,0.003608825832530695,0.17351861094923696,estable,0.1277917377712605,1.1622962816338454,0.17218543046357615,0.125,1.5660674865972877,1.1369047619047619,NORMAL,20.6,18.61439354476278,1.106670488644304,NORMAL,CRÍTICA,NORMAL,0.09243697478991597,0.0,2.0,0.12727272727272726,estable,21202240
21202240,UAN SEDE CIRCUNVALAR - FOPAE,BOGOTA D.C.,"BOGOTA, D.C",4.633,-74.05,0.044005544005544,0.003608825832530695,0.17351861094923696,estable,0.1277917377712605,2.903991773290219,0.17218543046357615,0.125,3.912812222975439,2.8405511811023625,EXCESO,20.6,18.61439354476278,1.106670488644304,NORMAL,MODERADA,NORMAL,0.09243697478991597,0.0,2.0,0.12727272727272726,estable,21202240
21202250,DOÑA JUANA,BOGOTÁ,BOGOTA D.C,4.50082,-74.13739,0.026905829596412557,-0.004344376401109869,0.35364531099927776,estable,0.19905204112075384,7.398100861654684,0.2,0.175,7.433333333333334,6.5041666666666655,EXCESO,45.900000000000006,18.2995493465525,2.508258489362593,EXCESO,ALTA,NORMAL,0.09210526315789473,0.0,3.0,0.2215743440233236,estable,21202250
21202250,DOÑA JUANA,BOGOTÁ,BOGOTÁ D.C,4.50082,-74.13739,0.15263157894736842,-0.004344376401109869,0.35364531099927776,estable,0.19905204112075384,1.3041340625152837,0.2,0.175,1.3103448275862069,1.146551724137931,NORMAL,45.900000000000006,18.2995493465525,2.508258489362593,EXCESO,CRÍTICA,NORMAL,0.09210526315789473,0.0,3.0,0.2215743440233236,estable,21202250
21202250,DOÑA JUANA - FOPAE,BOGOTA D.C.,"BOGOTA, D.C",4.5,-74.133,0.04001333777925975,-0.004344376401109869,0.35364531099927776,estable,0.19905204112075384,4.974642261009507,0.2,0.175,4.998333333333334,4.373541666666667,EXCESO,45.900000000000006,18.2995493465525,2.508258489362593,EXCESO,ALTA,NORMAL,0.09210526315789473,0.0,3.0,0.2215743440233236,estable,21202250
21202270,PLUVIOMETROS IDEAM BOGOTA Pruebas GPRS,BOGOTA D.C.,"BOGOTA, D.C",4.608,-74.073,0.055130168453292494,,,,,,,,,,sin_datos,,,,sin_datos,BAJA,ALTA,0.1,0.0,27.0,,,21202270
21205012,UNIVERSIDAD NACIONAL,BOGOTÁ,BOGOTA D.C,4.63723,-74.08892,0.15151515151515152,-0.004353262449489262,0.1531007243463011,estable,0.12014392699453395,0.792949918163924,0.11618257261410789,0.05625,0.7668049792531121,0.37125,DEFICIT,50.2,84.13308187825317,0.5966737326066712,DEFICIT,ALTA,MODERADA,0.09652509652509653,0.1111111111111111,7.0,0.48411214953271026,estable,21205012
21205012,UNIVERSIDAD NACIONAL,BOGOTÁ,BOGOTÁ D.C,4.63723,-74.08892,0.12011173184357542,-0.004353262449489262,0.1531007243463011,estable,0.12014392699453395,1.0002680433498408,0.11618257261410789,0.05625,0.9672874650197819,0.4683139534883721,DEFICIT,50.2,84.13308187825317,0.5966737326066712,DEFICIT,ALTA,MODERADA,0.09652509652509653,0.1111111111111111,7.0,0.48411214953271026,estable,21205012
21205012,UNIVERSIDAD NACIONAL  - AUT,BOGOTA,"BOGOTA, D.C",4.638083333,-74.08908333,0.04243008678881389,-0.004353262449489262,0.1531007243463011,estable,0.12014392699453395,2.831573915757539,0.11618257261410789,0.05625,2.738211995473406,1.3257102272727272,EXCESO,50.2,84.13308187825317,0.5966737326066712,DEFICIT,MODERADA,MODERADA,0.09652509652509653,0.1111111111111111,7.0,0.48411214953271026,estable,21205012
21205420,TIBAITATA,CUNDINAMARCA,MOSQUERA,4.688662,-74.205626,0.06578947368421052,0.0018427740371012961,0.565188084363049,estable,0.0724461225909485,1.1011810633824173,0.0954356846473029,0.05,1.450622406639004,0.7600000000000001,DEFICIT,134.6,122.98509216589862,1.0944415914933303,NORMAL,MODERADA,NORMAL,0.09259259259259259,0.07692307692307693,0.0,1.0,estable,21205420
21205420,TIBAITATA,CUNDINAMARCA,MOSQUERA,4.691416667,-74.209,0.06521739130434782,0.0018427740371012961,0.565188084363049,estable,0.0724461225909485,1.1108405463945437,0.0954356846473029,0.05,1.4633471645919778,0.7666666666666667,DEFICIT,134.6,122.98509216589862,1.0944415914933303,NORMAL,MODERADA,NORMAL,0.09259259259259259,0.07692307692307693,0.0,1.0,estable,21205420
21205501,MESITAS DE SANTA INES  - AUT,CUNDINAMARCA,CACHIPAY,4.718611111,-74.45527778,0.06511627906976744,,,,,,,,,,sin_datos,,,,sin_datos,BAJA,NORMAL,0.06060606060606061,0.0,1.0,,,21205501
21205502,MISIONES,CUNDINAMARCA,EL COLEGIO,4.54499722,-74.44055556,0.0,,,,,,,,,,sin_datos,,,,sin_datos,BAJA,NORMAL,0.09933774834437085,0.0,0.0,,,21205502
21205502,MISIONES  - AUT,CUNDINAMARCA,EL COLEGIO,4.544997222,-74.44055556,0.052336448598130844,,,,,,,,,,sin_datos,,,,sin_datos,BAJA,NORMAL,0.09933774834437085,0.0,0.0,,,21205502
21205503,EL DELIRIO- CAR,CUNDINAMARCA,EL COLEGIO,4.523,-74.406,0.05333333333333334,,,,,,,,,,sin_datos,,,,sin_datos,BAJA,NORMAL,0.06806282722513089,0.0,2.0,,,21205503
21205505,PTAR TOCANCIPA - CAR,CUNDINAMARCA,TOCANCIPÁ,4.97,-73.918,0.05389221556886228,,,,,,,,,,sin_datos,,,,sin_datos,BAJA,NORMAL,0.0967741935483871,0.0,2.0,,,21205505
21205506,GUAMAL - CAR,CUNDINAMARCA,SUBACHOQUE,5.025,-74.153,0.05433070866141732,,,,,,,,,,sin_datos,,,,sin_datos,BAJA,NORMAL,0.09424083769633508,0.0,0.0,,,21205506
21205507,CACHIPAY - CAR,CUNDINAMARCA,CACHIPAY,4.73,-74.431,0.054502369668246446,,,,,,,,,,sin_datos,,,,sin_datos,BAJA,NORMAL,0.09659090909090909,0.0,3.0,,,21205507
21205660,MERCEDES,CUNDINAMARCA,ANAPOIMA,4.5791,-74.52318,0.061452513966480445,-0.0012426298716812455,0.616744331315771,estable,0.07980990960845703,1.2987248927194373,0.10212765957446808,0.05844155844155844,1.6618955512572533,0.9510035419126328,NORMAL,71.0,121.60162599292559,0.5838737715902792,DEFICIT,MODERADA,SEVERA,0.09205020920502092,0.4,11.0,0.9976808905380334,estable,21205660
21205660,MERCEDES - AUT,CUNDINAMARCA,ANAPOIMA,4.581888889,-74.52661111,0.05213903743315508,-0.0012426298716812455,0.616744331315771,estable,0.07980990960845703,1.5307131381314323,0.10212765957446808,0.05844155844155844,1.9587561374795417,1.120879120879121,NORMAL,71.0,121.60162599292559,0.5838737715902792,DEFICIT,MODERADA,SEVERA,0.09205020920502092,0.4,11.0,0.9976808905380334,estable,21205660
21205670,FLORIDA LA,CUNDINAMARCA,ANOLAIMA,4.770888889,-74.43763889,0.0,-0.006112151696218536,0.04160541116841822,decreciente,0.08954280730907538,,0.07053941908713693,0.025,,,sin_datos,60.1,118.21541613985634,0.5083939300175359,DEFICIT,BAJA,MODERADA,0.10050251256281408,0.14285714285714285,0.0,0.621875,estable,21205670
21205670,FLORIDA LA,CUNDINAMARCA,ANOLAIMA,4.77088889,-74.43763889,0.03515625,-0.006112151696218536,0.04160541116841822,decreciente,0.08954280730907538,2.5469954079025885,0.07053941908713693,0.025,2.0064545873674504,0.7111111111111111,DEFICIT,60.1,118.21541613985634,0.5083939300175359,DEFICIT,MODERADA,MODERADA,0.10050251256281408,0.14285714285714285,0.0,0.621875,estable,21205670
21205670,FLORIDA LA,CUNDINAMARCA,ANOLAIMA,4.771,-74.438,0.05,-0.006112151696218536,0.04160541116841822,decreciente,0.08954280730907538,1.7908561461815076,0.07053941908713693,0.025,1.4107883817427385,0.5,DEFICIT,60.1,118.21541613985634,0.5083939300175359,DEFICIT,MODERADA,MODERADA,0.10050251256281408,0.14285714285714285,0.0,0.621875,estable,21205670
21205670,LA FLORIDA,CUNDINAMARCA,ANOLAIMA,4.767988,-74.434235,0.08441558441558442,-0.006112151696218536,0.04160541116841822,decreciente,0.08954280730907538,1.060737871199816,0.07053941908713693,0.025,0.8356208107245452,0.29615384615384616,DEFICIT,60.1,118.21541613985634,0.5083939300175359,DEFICIT,BAJA,MODERADA,0.10050251256281408,0.14285714285714285,0.0,0.621875,estable,21205670
21205670,LA FLORIDA,CUNDINAMARCA,ANOLAIMA,4.770888889,-74.43763889,0.061946902654867256,-0.006112151696218536,0.04160541116841822,decreciente,0.08954280730907538,1.4454767465607883,0.07053941908713693,0.025,1.1387077652637818,0.4035714285714286,DEFICIT,60.1,118.21541613985634,0.5083939300175359,DEFICIT,MODERADA,MODERADA,0.10050251256281408,0.14285714285714285,0.0,0.621875,estable,21205670
21205700,GUASCA,CUNDINAMARCA,GUASCA,4.877953,-73.864453,0.056451612903225805,0.0010740866805930146,0.642879688700701,estable,0.0740723058485328,1.3121379893168668,0.0912863070539419,0.0625,1.6170717249555424,1.1071428571428572,NORMAL,191.6,115.44000000000001,1.6597366597366596,EXCESO,ALTA,NORMAL,0.08045977011494253,0.0,0.0,1.0,estable,21205700
21205700,GUASCA,CUNDINAMARCA,GUASCA,4.879861111,-73.86811111,0.08247422680412371,0.0010740866805930146,0.642879688700701,estable,0.0740723058485328,0.8981267084134603,0.0912863070539419,0.0625,1.1068464730290457,0.7578125,DEFICIT,191.6,115.44000000000001,1.6597366597366596,EXCESO,ALTA,NORMAL,0.08045977011494253,0.0,0.0,1.0,estable,21205700
21205710,JARDIN BOTANICO,BOGOTÁ,BOGOTA D.C,4.66933333,-74.10266667,0.09090909090909091,-0.006774951723341583,0.011504182422134909,decreciente,0.0722482928020712,0.7947312208227832,0.05056179775280899,0.010309278350515464,0.5561797752808988,0.1134020618556701,DEFICIT,0.8,14.405387024608501,0.055534780053696046,DEFICIT,BAJA,ALTA,0.09602649006622517,0.0,11.0,0.4577491474043198,estable,21205710
21205710,JARDIN BOTANICO,BOGOTÁ,BOGOTÁ D.C,4.667867,-74.101034,0.052980132450331126,-0.006774951723341583,0.011504182422134909,decreciente,0.0722482928020712,1.363686526639094,0.05056179775280899,0.010309278350515464,0.9543539325842696,0.19458762886597938,DEFICIT,0.8,14.405387024608501,0.055534780053696046,DEFICIT,MODERADA,ALTA,0.09602649006622517,0.0,11.0,0.4577491474043198,estable,21205710
21205710,JARDIN BOTANICO,BOGOTÁ,BOGOTÁ D.C,4.669333333,-74.10266667,0.08695652173913043,-0.006774951723341583,0.011504182422134909,decreciente,0.0722482928020712,0.8308553672238189,0.05056179775280899,0.010309278350515464,0.5814606741573034,0.11855670103092783,DEFICIT,0.8,14.405387024608501,0.055534780053696046,DEFICIT,BAJA,ALTA,0.09602649006622517,0.0,11.0,0.4577491474043198,estable,21205710
21205710,JARDIN BOTANICO  - AUT,BOGOTA,"BOGOTA, D.C",4.669333333,-74.10266667,0.047128129602356406,-0.006774951723341583,0.011504182422134909,decreciente,0.0722482928020712,1.5330184628939485,0.05056179775280899,0.010309278350515464,1.0728581460674158,0.21875,DEFICIT,0.8,14.405387024608501,0.055534780053696046,DEFICIT,MODERADA,ALTA,0.09602649006622517,0.0,11.0,0.4577491474043198,estable,21205710
21205791,APTO EL DORADO - TX GPRS,BOGOTA D.C.,"BOGOTA, D.C",4.706,-74.151,0.03166730255627623,-0.008502456740553062,0.00010671749293261221,decreciente,0.16580441085048364,5.235823624567683,0.11440677966101695,0.07096774193548387,3.612773126403921,2.2410415856976296,EXCESO,117.06299999999999,91.09208443372573,1.2851061728109807,EXCESO,ALTA,NORMAL,0.0891304347826087,0.0,0.0,0.0942816150850584,estable,21205791
21205791,EL DORADO CATAM,BOGOTÁ,BOGOTÁ D.C,4.705583,-74.150667,0.17532467532467533,-0.008502456740553062,0.00010671749293261221,decreciente,0.16580441085048364,0.9456992322583141,0.11440677966101695,0.07096774193548387,0.652542372881356,0.404778972520908,DEFICIT,117.06299999999999,91.09208443372573,1.2851061728109807,EXCESO,CRÍTICA,NORMAL,0.0891304347826087,0.0,0.0,0.0942816150850584,estable,21205791
21205791,EL DORADO CATAM,BOGOTÁ,BOGOTÁ D.C,4.705583333,-74.15066667,0.21153846153846154,-0.008502456740553062,0.00010671749293261221,decreciente,0.16580441085048364,0.7838026694750135,0.11440677966101695,0.07096774193548387,0.5408320493066255,0.33548387096774196,DEFICIT,117.06299999999999,91.09208443372573,1.2851061728109807,EXCESO,CRÍTICA,NORMAL,0.0891304347826087,0.0,0.0,0.0942816150850584,estable,21205791
21205910,LA COSECHA,CUNDINAMARCA,ZIPAQUIRÁ,4.98922,-74.00119,0.08356545961002786,-0.004396454845919326,0.0878746384526478,estable,0.10907507849494429,1.3052651059895,0.1037344398340249,0.06875,1.2413554633471646,0.8227083333333334,DEFICIT,107.8,84.16890817811533,1.2807579702932272,EXCESO,ALTA,NORMAL,0.08133971291866028,0.0625,2.0,0.491764705882353,estable,21205910
21205910,LA COSECHA - AUT,CUNDINAMARCA,ZIPAQUIRÁ,4.989222222,-74.00119444,0.037257824143070044,-0.004396454845919326,0.0878746384526478,estable,0.10907507849494429,2.9275751068043045,0.1037344398340249,0.06875,2.7842323651452285,1.8452500000000003,EXCESO,107.8,84.16890817811533,1.2807579702932272,EXCESO,ALTA,NORMAL,0.08133971291866028,0.0625,2.0,0.491764705882353,estable,21205910
21205940,VILLA INES,CUNDINAMARCA,FACATATIVÁ,4.83211,-74.38056,0.058823529411764705,-0.0005049385802923989,0.7150365944620543,estable,0.05226899665188585,0.8885729430820595,0.05416666666666667,0.03125,0.9208333333333334,0.53125,DEFICIT,92.4,83.50657211004291,1.106499736071522,NORMAL,BAJA,NORMAL,0.09375,0.0,0.0,0.7943262411347517,estable,21205940
21205940,VILLA INES  - AUT,CUNDINAMARCA,FACATATIVÁ,4.834972222,-74.38397222,0.05144291091593475,-0.0005049385802923989,0.7150365944620543,estable,0.05226899665188585,1.016058300769586,0.05416666666666667,0.03125,1.0529471544715447,0.607469512195122,DEFICIT,92.4,83.50657211004291,1.106499736071522,NORMAL,BAJA,NORMAL,0.09375,0.0,0.0,0.7943262411347517,estable,21205940
21205970,HACIENDA SANTA ANA,CUNDINAMARCA,NEMOCÓN,5.09,-73.881,0.007692307692307693,0.02715132042500903,0.001653954214524402,creciente,0.2149213694418301,27.93977802743791,0.43568464730290457,0.60625,56.63900414937759,78.81249999999999,EXCESO,132.7,0.0,,sin_datos,MODERADA,MODERADA,0.10606060606060606,0.0,8.0,0.8979591836734693,estable,21205970
21205970,HACIENDA SANTA ANA,CUNDINAMARCA,NEMOCÓN,5.09046,-73.88125,0.0,0.02715132042500903,0.001653954214524402,creciente,0.2149213694418301,,0.43568464730290457,0.60625,,,sin_datos,132.7,0.0,,sin_datos,MODERADA,MODERADA,0.10606060606060606,0.0,8.0,0.8979591836734693,estable,21205970
21205970,HACIENDA SANTA ANA,CUNDINAMARCA,NEMOCÓN,5.0905,-73.88125,0.07614213197969544,0.02715132042500903,0.001653954214524402,creciente,0.2149213694418301,2.822633985336035,0.43568464730290457,0.60625,5.7219917012448125,7.962083333333332,EXCESO,132.7,0.0,,sin_datos,MODERADA,MODERADA,0.10606060606060606,0.0,8.0,0.8979591836734693,estable,21205970
21206280,ACAPULCO,CUNDINAMARCA,BOJACÁ,4.64823,-74.32035,0.04261363636363636,0.0005474522136425789,0.7062394140368904,estable,0.04007491122473954,0.9404245834072212,0.04219409282700422,0.057692307692307696,0.9901547116736991,1.353846153846154,EXCESO,58.0,65.55240037835875,0.8847883474172201,NORMAL,BAJA,NORMAL,0.09950248756218906,0.0,0.0,1.039655172413793,estable,21206280
21206280,ACAPULCO,CUNDINAMARCA,BOJACÁ,4.653833333,-74.33305556,0.059147180192572216,0.0005474522136425789,0.7062394140368904,estable,0.04007491122473954,0.6775455921019917,0.04219409282700422,0.057692307692307696,0.7133745461681875,0.975402504472272,NORMAL,58.0,65.55240037835875,0.8847883474172201,NORMAL,BAJA,NORMAL,0.09950248756218906,0.0,0.0,1.039655172413793,estable,21206280
21206560,INEM KENNEDY,BOGOTÁ,BOGOTA D.C,4.66111111,-74.13477778,0.4,-0.001108149491033626,0.6943469469626572,estable,0.07309116442789439,0.18272791106973596,0.07883817427385892,0.03125,0.1970954356846473,0.078125,DEFICIT,63.0,105.86996996996997,0.5950695935577384,DEFICIT,ALTA,MODERADA,0.09174311926605505,0.2,7.0,0.9342857142857143,estable,21206560
21206560,INEM KENNEDY,BOGOTÁ,BOGOTÁ D.C,4.62543,-74.15606,0.06451612903225806,-0.001108149491033626,0.6943469469626572,estable,0.07309116442789439,1.132913048632363,0.07883817427385892,0.03125,1.2219917012448134,0.484375,DEFICIT,63.0,105.86996996996997,0.5950695935577384,DEFICIT,MODERADA,MODERADA,0.09174311926605505,0.2,7.0,0.9342857142857143,estable,21206560
21206560,INEM KENNEDY,BOGOTÁ,BOGOTÁ D.C,4.62547,-74.156066,0.058823529411764705,-0.001108149491033626,0.6943469469626572,estable,0.07309116442789439,1.2425497952742046,0.07883817427385892,0.03125,1.3402489626556016,0.53125,DEFICIT,63.0,105.86996996996997,0.5950695935577384,DEFICIT,MODERADA,MODERADA,0.09174311926605505,0.2,7.0,0.9342857142857143,estable,21206560
21206560,INEM KENNEDY,BOGOTÁ,BOGOTÁ D.C,4.661111111,-74.13477778,0.0625,-0.001108149491033626,0.6943469469626572,estable,0.07309116442789439,1.1694586308463102,0.07883817427385892,0.03125,1.2614107883817427,0.5,DEFICIT,63.0,105.86996996996997,0.5950695935577384,DEFICIT,MODERADA,MODERADA,0.09174311926605505,0.2,7.0,0.9342857142857143,estable,21206560
21206600,NUEVA GENERACION,BOGOTÁ,BOGOTÁ D.C,4.782222222,-74.09433333,0.13761467889908258,-0.008797307927984525,0.005458649504772013,decreciente,0.050403651220984495,0.36626653220582067,0.0,0.0,0.0,0.0,DEFICIT,0.6000000000000001,158.7496339086423,0.0037795362749956946,DEFICIT,ALTA,ALTA,0.09748427672955975,0.0,136.0,1.810246679316888,creciente,21206600
21206600,NUEVA GENERACION,BOGOTÁ,BOGOTÁ D.C,4.786594,-74.102247,0.032679738562091505,-0.008797307927984525,0.005458649504772013,decreciente,0.050403651220984495,1.5423517273621254,0.0,0.0,0.0,0.0,DEFICIT,0.6000000000000001,158.7496339086423,0.0037795362749956946,DEFICIT,MODERADA,ALTA,0.09748427672955975,0.0,136.0,1.810246679316888,creciente,21206600
21206600,NUEVA GENERACION  - AUT,BOGOTA,"BOGOTA, D.C",4.782222222,-74.09433333,0.04599602911978822,-0.008797307927984525,0.005458649504772013,decreciente,0.050403651220984495,1.0958261438116197,0.0,0.0,0.0,0.0,DEFICIT,0.6000000000000001,158.7496339086423,0.0037795362749956946,DEFICIT,BAJA,ALTA,0.09748427672955975,0.0,136.0,1.810246679316888,creciente,21206600
21206620,COL H DURAN DUSAN,BOGOTA D.C.,"BOGOTA, D.C",4.635,-74.174,0.0,,,,,,,,,,sin_datos,,,,sin_datos,BAJA,MODERADA,0.0,0.0,2.0,,,21206620
21206780,LA INDEPENDENCI,BOGOTÁ,BOGOTA D.C,4.619272,-74.194594,0.03365384615384615,-0.010970570826932965,0.10829073999458112,estable,0.1725359424080225,5.126782288695526,0.1456953642384106,0.1,4.329233680227058,2.9714285714285715,EXCESO,7.0,8.360277851990382,0.8372927459980851,DEFICIT,MODERADA,MODERADA,0.10344827586206896,0.0,3.0,0.13063063063063063,estable,21206780
21206780,LA INDEPENDENCI,BOGOTÁ,BOGOTÁ D.C,4.619272,-74.194594,0.1387434554973822,-0.010970570826932965,0.10829073999458112,estable,0.1725359424080225,1.2435609433936716,0.1456953642384106,0.1,1.0501062101711858,0.720754716981132,DEFICIT,7.0,8.360277851990382,0.8372927459980851,DEFICIT,CRÍTICA,MODERADA,0.10344827586206896,0.0,3.0,0.13063063063063063,estable,21206780
21206780,LA INDEPENDENCIA FOPAE Fuera de Servicio,BOGOTA D.C.,"BOGOTA, D.C",4.617,-74.317,0.032849020846494,-0.010970570826932965,0.10829073999458112,estable,0.1725359424080225,5.2523922467673,0.1456953642384106,0.1,4.435303107488537,3.0442307692307695,EXCESO,7.0,8.360277851990382,0.8372927459980851,DEFICIT,MODERADA,MODERADA,0.10344827586206896,0.0,3.0,0.13063063063063063,estable,21206780
21206790,HACIENDA SANTA ANA,CUNDINAMARCA,NEMOCÓN,5.0905,-73.88125,0.0,,,,,,,,,,sin_datos,,,,sin_datos,BAJA,ALTA,0.09782608695652174,0.0,69.0,,,21206790
21206790,HACIENDA SANTA ANA - AUT,CUNDINAMARCA,NEMOCÓN,5.0905,-73.88125,0.049790156428843955,,,,,,,,,,sin_datos,,,,sin_datos,BAJA,ALTA,0.09782608695652174,0.0,69.0,,,21206790
21206810,SAN BENITO,BOGOTÁ,BOGOTA D.C,4.56365303,-74.13845,0.013215859030837005,-0.006487475434303864,0.20131791813202218,estable,0.17617031291947866,13.330220344240551,0.1456953642384106,0.1,11.024282560706402,7.566666666666667,EXCESO,15.0,10.427556270096463,1.438496193304286,EXCESO,ALTA,NORMAL,0.09365558912386707,0.0,2.0,0.1423655913978495,estable,21206810
21206810,SAN BENITO,BOGOTÁ,BOGOTÁ D.C,4.56365303,-74.13845,0.1444141689373297,-0.006487475434303864,0.20131791813202218,estable,0.17617031291947866,1.2198963177631825,0.1456953642384106,0.1,1.008871673122579,0.6924528301886793,DEFICIT,15.0,10.427556270096463,1.438496193304286,EXCESO,CRÍTICA,NORMAL,0.09365558912386707,0.0,2.0,0.1423655913978495,estable,21206810
21206810,SAN BENITO - FOPAE,BOGOTA D.C.,"BOGOTA, D.C",4.55,-74.233,0.04176334106728538,-0.006487475434303864,0.20131791813202218,estable,0.17617031291947866,4.21830027046085,0.1456953642384106,0.1,3.4885945548197204,2.394444444444445,EXCESO,15.0,10.427556270096463,1.438496193304286,EXCESO,ALTA,NORMAL,0.09365558912386707,0.0,2.0,0.1423655913978495,estable,21206810
21206890,CERRO CAZADORES,BOGOTÁ,BOGOTA D.C,4.66577,-74.02861,0.018018018018018018,-0.010105891737502619,0.12220797688040115,estable,0.20294517296615588,11.263457099621652,0.18543046357615894,0.175,10.291390728476822,9.7125,EXCESO,46.7,22.178233060847557,2.105668196013417,EXCESO,ALTA,NORMAL,0.09090909090909091,0.0,2.0,0.2268041237113402,estable,21206890
21206890,CERRO CAZADORES,BOGOTÁ,BOGOTÁ D.C,4.66577,-74.02861,0.16230366492146597,-0.010105891737502619,0.12220797688040115,estable,0.20294517296615588,1.2504041302108313,0.18543046357615894,0.175,1.1424909207434308,1.0782258064516128,NORMAL,46.7,22.178233060847557,2.105668196013417,EXCESO,CRÍTICA,NORMAL,0.09090909090909091,0.0,2.0,0.2268041237113402,estable,21206890
21206890,CERRO CAZADORES - FOPAE,BOGOTA D.C.,"BOGOTA, D.C",4.65,-74.017,0.026335040234089245,-0.010105891737502619,0.12220797688040115,estable,0.20294517296615588,7.706279206798198,0.18543046357615894,0.175,7.041206769683591,6.645138888888889,EXCESO,46.7,22.178233060847557,2.105668196013417,EXCESO,ALTA,NORMAL,0.09090909090909091,0.0,2.0,0.2268041237113402,estable,21206890
21206900,LA ESPERANZA USME,BOGOTÁ,BOGOTA D.C,4.44914,-74.10792,0.030303030303030304,0.005791170699462079,0.06235505277601836,estable,0.13429574987085088,4.431759745738079,0.14,0.20253164556962025,4.62,6.6835443037974684,EXCESO,121.9,41.31545935061666,2.9504694348310703,EXCESO,ALTA,NORMAL,0.09012875536480687,0.0,1.0,0.46230158730158727,estable,21206900
21206900,LA ESPERANZA USME,BOGOTÁ,BOGOTÁ D.C,4.44914,-74.10792,0.11859838274932614,0.005791170699462079,0.06235505277601836,estable,0.13429574987085088,1.1323573455019473,0.14,0.20253164556962025,1.1804545454545456,1.70771001150748,EXCESO,121.9,41.31545935061666,2.9504694348310703,EXCESO,CRÍTICA,NORMAL,0.09012875536480687,0.0,1.0,0.46230158730158727,estable,21206900
21206900,LA ESPERANZA USME - FOPAE,BOGOTA D.C.,"BOGOTA, D.C",4.45,-74.1,0.0247074122236671,0.005791170699462079,0.06235505277601836,estable,0.13429574987085088,5.435443771088649,0.14,0.20253164556962025,5.666315789473685,8.19720186542305,EXCESO,121.9,41.31545935061666,2.9504694348310703,EXCESO,ALTA,NORMAL,0.09012875536480687,0.0,1.0,0.46230158730158727,estable,21206900
21206920,VILLA TERESA,BOGOTÁ,BOGOTÁ D.C,4.356239,-74.159168,0.13131313131313133,0.020201347250683118,0.14256707245952965,estable,0.20345794148925078,1.5494104774950634,0.2,0.2413793103448276,1.523076923076923,1.8381962864721484,EXCESO,52.0,19.002466915910034,2.73648680616633,EXCESO,CRÍTICA,NORMAL,0.09795918367346938,0.0,2.0,0.26175213675213677,estable,21206920
21206920,VILLA TERESA - AUT,BOGOTA,"BOGOTA, D.C",4.35,-74.15,0.04851297194684666,0.020201347250683118,0.14256707245952965,estable,0.20345794148925078,4.193887393915382,0.2,0.2413793103448276,4.122608695652174,4.975562218890555,EXCESO,52.0,19.002466915910034,2.73648680616633,EXCESO,ALTA,NORMAL,0.09795918367346938,0.0,2.0,0.26175213675213677,estable,21206920
21206930,PARAMO GUERRERO,CUNDINAMARCA,ZIPAQUIRÁ,5.08644,-74.02217,0.11428571428571428,0.0035954010147558535,0.6847798289251702,estable,0.09796583344970443,0.8572010426849138,0.11627906976744186,0.3333333333333333,1.0174418604651163,2.9166666666666665,EXCESO,,,,sin_datos,ALTA,NORMAL,0.09886714727085479,0.0,1.0,0.0,estable,21206930
21206930,PARAMO GUERRERO  - AUT,CUNDINAMARCA,ZIPAQUIRÁ,5.086444444,-74.02216667,0.04817275747508306,0.0035954010147558535,0.6847798289251702,estable,0.09796583344970443,2.0336355771283467,0.11627906976744186,0.3333333333333333,2.413793103448276,6.919540229885056,EXCESO,,,,sin_datos,MODERADA,NORMAL,0.09886714727085479,0.0,1.0,0.0,estable,21206930
21206940,CIUDAD BOLIVAR,BOGOTA D.C.,"BOGOTA, D.C",4.577,-74.177,0.05033074489502445,,,,,,,,,,sin_datos,,,,sin_datos,BAJA,NORMAL,0.09635416666666667,0.0,8.0,,,21206940
21206950,PARAMO GUACHENEQUE,CUNDINAMARCA,VILLAPINZÓN,5.234558,-73.527321,0.2962962962962963,-0.0579536694744068,0.0015340966604230652,decreciente,0.23400389932647997,0.78976316022687,0.1744186046511628,0.4,0.5886627906976745,1.35,EXCESO,,,,sin_datos,ALTA,NORMAL,0.08,0.0,2.0,0.0,estable,21206950
21206950,PARAMO GUACHENEQUE  - AUT,CUNDINAMARCA,VILLAPINZÓN,5.236055556,-73.52508333,0.046343371138052404,-0.0579536694744068,0.0015340966604230652,decreciente,0.23400389932647997,5.049349962681935,0.1744186046511628,0.4,3.7636149543715045,8.631223628691984,EXCESO,,,,sin_datos,MODERADA,NORMAL,0.08,0.0,2.0,0.0,estable,21206950
21206960,IDEAM BOGOTA  - AUT,BOGOTA,"BOGOTA, D.C",4.6,-74.06666667,0.049954379562043794,,,,,,,,,,sin_datos,,,,sin_datos,BAJA,MODERADA,0.09557522123893805,0.0,9.0,,,21206960
21206980,SANTA CRUZ DE SIECHA,CUNDINAMARCA,GUASCA,4.784277778,-73.87080556,0.28125,-0.011567469875693908,0.16275263381149493,estable,0.19724035040412213,0.7012990236591009,0.1652892561983471,0.15,0.5876951331496786,0.5333333333333333,DEFICIT,107.2,42.994895591647335,2.493319230686209,EXCESO,CRÍTICA,NORMAL,0.09058402860548272,0.0,0.0,0.20443469785575047,estable,21206980
21206980,SANTA CRUZ DE SIECHA,CUNDINAMARCA,GUASCA,4.785022,-73.870106,0.2185430463576159,-0.011567469875693908,0.16275263381149493,estable,0.19724035040412213,0.9025240276067407,0.1652892561983471,0.15,0.7563235662409216,0.6863636363636363,DEFICIT,107.2,42.994895591647335,2.493319230686209,EXCESO,CRÍTICA,NORMAL,0.09058402860548272,0.0,0.0,0.20443469785575047,estable,21206980
21206980,SANTA CRUZ DE SIECHA  - AUT,CUNDINAMARCA,GUASCA,4.784277778,-73.87080556,0.043258540529613906,-0.011567469875693908,0.16275263381149493,estable,0.19724035040412213,4.559570156304637,0.1652892561983471,0.15,3.8209623851085195,3.4675233644859813,EXCESO,107.2,42.994895591647335,2.493319230686209,EXCESO,ALTA,NORMAL,0.09058402860548272,0.0,0.0,0.20443469785575047,estable,21206980
21206990,TIBAITATA,CUNDINAMARCA,MOSQUERA,4.68863,-74.20559,0.0,,,,,,,,,,sin_datos,,,,sin_datos,BAJA,NORMAL,0.0985576923076923,0.0,13.0,,,21206990
21206990,TIBAITATA - AUT,CUNDINAMARCA,MOSQUERA,4.691416667,-74.209,0.049681966649475676,,,,,,,,,,sin_datos,,,,sin_datos,BAJA,NORMAL,0.0985576923076923,0.0,13.0,,,21206990
21207702,GRANJA BOSCONIA - CAR,CUNDINAMARCA,APULO,4.493,-74.543,0.05434782608695652,,,,,,,,,,sin_datos,,,,sin_datos,BAJA,NORMAL,0.08227848101265822,0.0,0.0,,,21207702
21207714,LA PRADERA - CAR,CUNDINAMARCA,SUBACHOQUE,5.0,-74.132,0.05363204344874406,,,,,,,,,,sin_datos,,,,sin_datos,BAJA,NORMAL,0.08875739644970414,0.0,0.0,,,21207714
21208480,KENNEDY,BOGOTÁ,BOGOTA D.C,4.61104201,-74.178333,0.02666666666666667,-0.011125361784968644,0.06669427741513728,estable,0.24994297945518335,9.372861729569374,0.21333333333333335,0.175,8.0,6.562499999999999,EXCESO,9.0,5.967497314715359,1.5081699287583654,EXCESO,ALTA,NORMAL,0.0958904109589041,0.0,3.0,0.0,estable,21208480
21208480,KENNEDY,BOGOTÁ,BOGOTÁ D.C,4.61104201,-74.178333,0.21372031662269128,-0.011125361784968644,0.06669427741513728,estable,0.24994297945518335,1.1694862865865987,0.21333333333333335,0.175,0.9981893004115228,0.8188271604938272,DEFICIT,9.0,5.967497314715359,1.5081699287583654,EXCESO,CRÍTICA,NORMAL,0.0958904109589041,0.0,3.0,0.0,estable,21208480
21208480,KENNEDY - FOPAE,BOGOTA D.C.,"BOGOTA, D.C",4.633,-74.15,0.016290726817042606,-0.011125361784968644,0.06669427741513728,estable,0.24994297945518335,15.342653661941256,0.21333333333333335,0.175,13.095384615384617,10.742307692307692,EXCESO,9.0,5.967497314715359,1.5081699287583654,EXCESO,ALTA,NORMAL,0.0958904109589041,0.0,3.0,0.0,estable,21208480
21209170,PTE CHOCONTA - CAR,CUNDINAMARCA,CHOCONTÁ,5.15,-73.667,0.05217391304347826,,,,,,,,,,sin_datos,,,,sin_datos,BAJA,NORMAL,0.09944751381215469,0.0,0.0,,,21209170
21209200,LA CAMPINA,CUNDINAMARCA,GIRARDOT,4.30488889,-74.79377778,0.05714285714285714,0.0031034482758620697,0.9204970572324473,estable,0.04224137931034483,0.7392241379310345,,,,,sin_datos,,,,sin_datos,BAJA,ALTA,0.109375,0.0,6.0,1.3061224489795917,insuficiente,21209200
21209200,LA CAMPINA - AUT,CUNDINAMARCA,GIRARDOT,4.304888889,-74.793777778,0.05519480519480519,0.0031034482758620697,0.9204970572324473,estable,0.04224137931034483,0.7653144016227181,,,,,sin_datos,,,,sin_datos,BAJA,ALTA,0.109375,0.0,6.0,1.3061224489795917,insuficiente,21209200
21209200,LA CAMPIÑA,CUNDINAMARCA,GIRARDOT,4.304888889,-74.793777778,0.0641025641025641,0.0031034482758620697,0.9204970572324473,estable,0.04224137931034483,0.6589655172413794,,,,,sin_datos,,,,sin_datos,BAJA,ALTA,0.109375,0.0,6.0,1.3061224489795917,insuficiente,21209200
21209920,SANTA ROSITA,CUNDINAMARCA,SUESCA,5.105878,-73.753646,0.2582781456953642,-0.00028686608079638243,0.9483476888194919,estable,0.25853540166245315,1.0009960423341135,0.24,0.2777777777777778,0.9292307692307692,1.0754985754985755,NORMAL,211.0,55.67065724026625,3.7901474575619876,EXCESO,CRÍTICA,NORMAL,0.09973045822102426,0.0,0.0,0.0,estable,21209920
21209920,SANTA ROSITA,CUNDINAMARCA,SUESCA,5.1059444,-73.753694444,0.2634146341463415,-0.00028686608079638243,0.9483476888194919,estable,0.25853540166245315,0.9814769877926461,0.24,0.2777777777777778,0.911111111111111,1.0545267489711934,NORMAL,211.0,55.67065724026625,3.7901474575619876,EXCESO,CRÍTICA,NORMAL,0.09973045822102426,0.0,0.0,0.0,estable,21209920
21209920,SANTA ROSITA,CUNDINAMARCA,SUESCA,5.1059444,-73.75369444,0.0,-0.00028686608079638243,0.9483476888194919,estable,0.25853540166245315,,0.24,0.2777777777777778,,,sin_datos,211.0,55.67065724026625,3.7901474575619876,EXCESO,ALTA,NORMAL,0.09973045822102426,0.0,0.0,0.0,estable,21209920
21209920,SANTA ROSITA - AUT,CUNDINAMARCA,SUESCA,5.19225,-73.77905556,0.03772949300993768,-0.00028686608079638243,0.9483476888194919,estable,0.25853540166245315,6.852342319955287,0.24,0.2777777777777778,6.361071428571428,7.362351190476191,EXCESO,211.0,55.67065724026625,3.7901474575619876,EXCESO,ALTA,NORMAL,0.09973045822102426,0.0,0.0,0.0,estable,21209920
21215150,NEVADO DEL TOLIMA,TOLIMA,ANZOÁTEGUI,4.670777778,-75.32777778,0.0,0.0,,estable,0.0,,0.0,0.0,,,sin_datos,,,,sin_datos,BAJA,MODERADA,0.2,0.0,2.0,1.0,insuficiente,21215150
21215160,CERROS NOROCCIDENTALES,TOLIMA,IBAGUÉ,4.470361111,-75.24386111,0.002785515320334262,-6.375111564452378e-05,0.7707477522250357,estable,0.001402524544179523,0.5035063113604488,0.0,0.0,0.0,0.0,DEFICIT,0.0,66.9280145860062,0.0,DEFICIT,BAJA,ALTA,0.09565217391304348,0.0,330.0,6.969696969696969,insuficiente,21215160
21215160,CERROS NOROCCIDENTALES  - AUT,TOLIMA,IBAGUÉ,4.470361111,-75.24386111,0.05412104936996488,-6.375111564452378e-05,0.7707477522250357,estable,0.001402524544179523,0.025914585184630044,0.0,0.0,0.0,0.0,DEFICIT,0.0,66.9280145860062,0.0,DEFICIT,BAJA,ALTA,0.09565217391304348,0.0,330.0,6.969696969696969,insuficiente,21215160
21215170,LA MARTINICA,TOLIMA,IBAGUÉ,4.402,-75.229,0.054945054945054944,,,,,,,,,,sin_datos,,,,sin_datos,BAJA,NORMAL,0.1,0.0,5.0,,,21215170
21215180,BATALLON ROOKE,TOLIMA,IBAGUÉ,4.4180556,-75.248055556,0.019801980198019802,0.0002060861154013823,0.9752145778425375,estable,0.09945028118451843,5.022239199818181,0.15126050420168066,0.05063291139240506,7.6386554621848735,2.5569620253164556,EXCESO,10.6,45.833174415565914,0.23127352916668184,DEFICIT,MODERADA,SEVERA,0.09939148073022312,0.6666666666666666,27.0,1.5091836734693878,estable,21215180
21215180,BATALLON ROOKE,TOLIMA,IBAGUÉ,4.418388889,-75.24866667,0.1016949152542373,0.0002060861154013823,0.9752145778425375,estable,0.09945028118451843,0.9779277649810978,0.15126050420168066,0.05063291139240506,1.487394957983193,0.49789029535864976,DEFICIT,10.6,45.833174415565914,0.23127352916668184,DEFICIT,ALTA,SEVERA,0.09939148073022312,0.6666666666666666,27.0,1.5091836734693878,estable,21215180
21215180,BATALLON ROOKE  - AUT,TOLIMA,IBAGUÉ,4.418388889,-75.24866667,0.05042613636363636,0.0002060861154013823,0.9752145778425375,estable,0.09945028118451843,1.9721971254619994,0.15126050420168066,0.05063291139240506,2.999644928393893,1.0041005526831879,NORMAL,10.6,45.833174415565914,0.23127352916668184,DEFICIT,MODERADA,SEVERA,0.09939148073022312,0.6666666666666666,27.0,1.5091836734693878,estable,21215180
21215190,CAJAMARCA,TOLIMA,CAJAMARCA,4.435666667,-75.50036111,0.20334261838440112,-0.001958751093676718,0.6033976458133901,estable,0.18361653613117743,0.9029909105629136,0.15544041450777202,0.08928571428571429,0.7644261480587692,0.43909001956947163,DEFICIT,46.900000000000006,42.21457567852583,1.1109906767073725,NORMAL,ALTA,NORMAL,0.08649289099526067,0.0,0.0,0.10705225773718924,estable,21215190
21215190,CAJAMARCA - AUT,TOLIMA,CAJAMARCA,4.435666667,-75.50036111,0.038093164997823246,-0.001958751093676718,0.6033976458133901,estable,0.18361653613117743,4.820196382780738,0.15544041450777202,0.08928571428571429,4.080532938564026,2.3438775510204084,EXCESO,46.900000000000006,42.21457567852583,1.1109906767073725,NORMAL,MODERADA,NORMAL,0.08649289099526067,0.0,0.0,0.10705225773718924,estable,21215190
21215501,ESPERANZA LA  - AUT,TOLIMA,IBAGUÉ,4.45,-75.25,0.053462940461725394,,,,,,,,,,sin_datos,,,,sin_datos,BAJA,NORMAL,0.08045977011494253,0.0,0.0,,,21215501
21217180,MONTEZUMA,TOLIMA,IBAGUÉ,4.4819444,-75.28611111,0.1377049180327869,-0.006165253471486194,0.12372424971488388,estable,0.1395775028763703,1.013598532792689,0.11618257261410789,0.0625,0.8437067773167358,0.4538690476190476,DEFICIT,108.5,169.23574779113963,0.6411175027506838,DEFICIT,ALTA,SEVERA,0.08860759493670886,0.125,26.0,0.5478502080443828,estable,21217180
21217180,MONTEZUMA,TOLIMA,IBAGUÉ,4.482055556,-75.28605556,0.08641975308641975,-0.006165253471486194,0.12372424971488388,estable,0.1395775028763703,1.615111104712285,0.11618257261410789,0.0625,1.3443983402489628,0.7232142857142858,DEFICIT,108.5,169.23574779113963,0.6411175027506838,DEFICIT,MODERADA,SEVERA,0.08860759493670886,0.125,26.0,0.5478502080443828,estable,21217180
21217180,MONTEZUMA,TOLIMA,IBAGUÉ,4.48205556,-75.28605556,0.0,-0.006165253471486194,0.12372424971488388,estable,0.1395775028763703,,0.11618257261410789,0.0625,,,sin_datos,108.5,169.23574779113963,0.6411175027506838,DEFICIT,BAJA,SEVERA,0.08860759493670886,0.125,26.0,0.5478502080443828,estable,21217180
21217180,MONTEZUMA - RIO COMBEIMA,TOLIMA,IBAGUÉ,4.482,-75.286,0.03652090341182124,-0.006165253471486194,0.12372424971488388,estable,0.1395775028763703,3.8218524142858765,0.11618257261410789,0.0625,3.1812622843415594,1.7113486842105263,EXCESO,108.5,169.23574779113963,0.6411175027506838,DEFICIT,MODERADA,SEVERA,0.08860759493670886,0.125,26.0,0.5478502080443828,estable,21217180
21217200,CARMEN EL,TOLIMA,ROVIRA,4.300611111,-75.20655556,0.056818181818181816,,,,,,,,,,sin_datos,,,,sin_datos,BAJA,ALTA,0.13043478260869565,0.0,35.0,,,21217200
21227010,PIEDRAS,TOLIMA,PIEDRAS,4.535225,-74.88053056,0.0392156862745098,0.002956747216214256,0.16582830922106456,estable,0.0677485547109203,1.7275881451284676,0.08225108225108226,0.04666666666666667,2.0974025974025974,1.1900000000000002,EXCESO,0.0,82.19921423784243,0.0,DEFICIT,MODERADA,ALTA,0.10638297872340426,0.0,72.0,0.6163934426229508,decreciente,21227010
21227010,PIEDRAS,TOLIMA,PIEDRAS,4.535225,-74.880530556,0.05421686746987952,0.002956747216214256,0.16582830922106456,estable,0.0677485547109203,1.2495844535569745,0.08225108225108226,0.04666666666666667,1.517075517075517,0.8607407407407408,NORMAL,0.0,82.19921423784243,0.0,DEFICIT,MODERADA,ALTA,0.10638297872340426,0.0,72.0,0.6163934426229508,decreciente,21227010
21227010,PIEDRAS  - AUT,TOLIMA,PIEDRAS,4.535225,-74.88053056,0.05333333333333334,0.002956747216214256,0.16582830922106456,estable,0.0677485547109203,1.2702854008297555,0.08225108225108226,0.04666666666666667,1.5422077922077921,0.875,NORMAL,0.0,82.19921423784243,0.0,DEFICIT,MODERADA,ALTA,0.10638297872340426,0.0,72.0,0.6163934426229508,decreciente,21227010
21235030,UNIVERSIDAD DE CUNDINAMARCA,CUNDINAMARCA,GIRARDOT,4.30533333,-74.80811111,0.11428571428571428,-0.0007381383149344426,0.829340203883956,estable,0.0891772537710665,0.7803009704968319,0.125,0.047619047619047616,1.09375,0.41666666666666663,DEFICIT,0.0,10.196508120760031,0.0,DEFICIT,ALTA,MODERADA,0.09845288326300984,0.0,10.0,0.527643784786642,estable,21235030
21235030,UNIVERSIDAD DE CUNDINAMARCA,CUNDINAMARCA,GIRARDOT,4.305333333,-74.80811111,0.09313725490196079,-0.0007381383149344426,0.829340203883956,estable,0.0891772537710665,0.9574820931209245,0.125,0.047619047619047616,1.3421052631578947,0.5112781954887218,DEFICIT,0.0,10.196508120760031,0.0,DEFICIT,BAJA,MODERADA,0.09845288326300984,0.0,10.0,0.527643784786642,estable,21235030
21235030,UNIVERSIDAD DE CUNDINAMARCA,CUNDINAMARCA,GIRARDOT,4.306785,-74.806777,0.12871287128712872,-0.0007381383149344426,0.829340203883956,estable,0.0891772537710665,0.6928386639136704,0.125,0.047619047619047616,0.9711538461538461,0.3699633699633699,DEFICIT,0.0,10.196508120760031,0.0,DEFICIT,ALTA,MODERADA,0.09845288326300984,0.0,10.0,0.527643784786642,estable,21235030
21235030,UNIVERSIDAD DE CUNDINAMARCA - AUT,CUNDINAMARCA,GIRARDOT,4.305333333,-74.80811111,0.046881207787048074,-0.0007381383149344426,0.829340203883956,estable,0.0891772537710665,1.9021961673031726,0.125,0.047619047619047616,2.6663135593220337,1.015738498789346,NORMAL,0.0,10.196508120760031,0.0,DEFICIT,MODERADA,MODERADA,0.09845288326300984,0.0,10.0,0.527643784786642,estable,21235030
21237010,NARINO,CUNDINAMARCA,NARIÑO,4.387777778,-74.838375,0.09574468085106383,-0.012212628964575574,0.05904553835607631,estable,0.062031593010458415,0.6478855269981212,0.025423728813559324,0.03773584905660377,0.2655367231638418,0.3941299790356394,DEFICIT,79.80000000000001,130.21843651318204,0.6128164500878632,DEFICIT,BAJA,ALTA,0.10029498525073746,0.6666666666666666,24.0,0.3762486126526082,creciente,21237010
21237010,NARINO - AUT,CUNDINAMARCA,NARIÑO,4.387777778,-74.838375,0.049718851731281447,-0.012212628964575574,0.05904553835607631,estable,0.062031593010458415,1.247647337990113,0.025423728813559324,0.03773584905660377,0.5113498789346247,0.758984725965858,DEFICIT,79.80000000000001,130.21843651318204,0.6128164500878632,DEFICIT,MODERADA,ALTA,0.10029498525073746,0.6666666666666666,24.0,0.3762486126526082,creciente,21237010
21237020,ARRANCAPLUMAS  - AUT,CUNDINAMARCA,GUADUAS,5.202416667,-74.72761111,0.05107033639143731,,,,,,,,,,sin_datos,,,,sin_datos,BAJA,ALTA,0.10093896713615023,0.0,108.0,,,21237020
21245140,SANTA ISABEL,TOLIMA,SANTA ISABEL,4.711861111,-75.09445556,0.07264957264957266,-0.004421704085474518,0.14415471589962955,estable,0.06294848122805112,0.8664673298449389,0.03319502074688797,0.05,0.4569196973395167,0.6882352941176471,DEFICIT,171.0,256.47913978494626,0.6667208886593304,DEFICIT,BAJA,MODERADA,0.08888888888888889,0.2222222222222222,1.0,1.0,estable,21245140
21255090,ARMERO GRANJA,TOLIMA,ARMERO,5.0,-74.89999167,0.0,0.0021094344560719236,0.19314204680220004,estable,0.0673473912928169,,0.08713692946058091,0.06875,,,sin_datos,262.0,225.95806451612907,1.1595071880308934,EXCESO,ALTA,MODERADA,0.09090909090909091,0.16666666666666666,0.0,1.03125,estable,21255090
21255090,ARMERO GRANJA,TOLIMA,ARMERO,5.0,-74.899991667,0.06303724928366762,0.0021094344560719236,0.19314204680220004,estable,0.0673473912928169,1.0683745255087773,0.08713692946058091,0.06875,1.3823085628064882,1.0906250000000002,NORMAL,262.0,225.95806451612907,1.1595071880308934,EXCESO,ALTA,MODERADA,0.09090909090909091,0.16666666666666666,0.0,1.03125,estable,21255090
21255090,ARMERO GRANJA,TOLIMA,ARMERO (GUAYABAL),5.005,-74.91,0.1111111111111111,0.0021094344560719236,0.19314204680220004,estable,0.0673473912928169,0.6061265216353522,0.08713692946058091,0.06875,0.7842323651452282,0.6187500000000001,DEFICIT,262.0,225.95806451612907,1.1595071880308934,EXCESO,CRÍTICA,MODERADA,0.09090909090909091,0.16666666666666666,0.0,1.03125,estable,21255090
21255160,HACIENDA PAJONALES,TOLIMA,AMBALEMA,4.75786,-74.83091,0.010869565217391304,0.015039028431885577,0.21929963908632844,estable,0.046760531135531136,4.301968864468865,0.10465116279069768,0.2,9.627906976744187,18.400000000000002,EXCESO,,,,sin_datos,MODERADA,LEVE,0.09752066115702479,0.0,0.0,2.366362451108214,estable,21255160
21255160,HACIENDA PAJONALES,TOLIMA,AMBALEMA,4.760722222,-74.83425,0.051622117935115286,0.015039028431885577,0.21929963908632844,estable,0.046760531135531136,0.9058235695463955,0.10465116279069768,0.2,2.0272543432300765,3.8743083003952568,EXCESO,,,,sin_datos,BAJA,LEVE,0.09752066115702479,0.0,0.0,2.366362451108214,estable,21255160
21255170,MURILLO,TOLIMA,MURILLO,4.870555556,-75.173277778,0.07163323782234957,0.0009980550188968902,0.7744537094760576,estable,0.06381067146918093,0.8907969737097658,0.1111111111111111,0.0,1.551111111111111,0.0,DEFICIT,1.2000000000000002,9.076638655462185,0.1322075324963893,DEFICIT,BAJA,MODERADA,0.09298780487804878,0.0,8.0,1.4027084818246613,estable,21255170
21255170,MURILLO - AUT,TOLIMA,MURILLO,4.870555556,-75.17327778,0.04874248831515691,0.0009980550188968902,0.7744537094760576,estable,0.06381067146918093,1.3091385703699996,0.1111111111111111,0.0,2.2795535261288684,0.0,DEFICIT,1.2000000000000002,9.076638655462185,0.1322075324963893,DEFICIT,MODERADA,MODERADA,0.09298780487804878,0.0,8.0,1.4027084818246613,estable,21255170
21255501,LA TRINIDAD,TOLIMA,LÍBANO,4.895,-75.04,0.0,,,,,,,,,,sin_datos,,,,sin_datos,BAJA,NORMAL,0.09375,0.0,5.0,,,21255501
21255501,LA TRINIDAD  - AUT,TOLIMA,LÍBANO,4.895,-75.04,0.055013309671694766,,,,,,,,,,sin_datos,,,,sin_datos,BAJA,NORMAL,0.09375,0.0,5.0,,,21255501
21257070,PUENTE SAN FRANCISCO  - AUT,TOLIMA,ARMERO (GUAYABAL),5.019916667,-74.89088889,0.056818181818181816,,,,,,,,,,sin_datos,,,,sin_datos,BAJA,ALTA,0.125,0.0,101.0,,,21257070
21257090,LA ESMERALDA,TOLIMA,LÉRIDA,4.890777778,-74.85313889,0.07446808510638298,-0.00921373316760188,0.1765743667249694,estable,0.08224850368667573,1.1044799066496456,0.10062893081761007,0.0641025641025641,1.3513027852650497,0.8608058608058607,NORMAL,171.0,93.93887416044676,1.8203326527836976,EXCESO,ALTA,MODERADA,0.09174311926605505,0.4,0.0,1.211111111111111,estable,21257090
21257090,LA ESMERALDA - AUT,TOLIMA,LÉRIDA,4.890777778,-74.85313889,0.05390334572490706,-0.00921373316760188,0.1765743667249694,estable,0.08224850368667573,1.525851551152812,0.10062893081761007,0.0641025641025641,1.8668401648232489,1.1892130857648098,EXCESO,171.0,93.93887416044676,1.8203326527836976,EXCESO,ALTA,MODERADA,0.09174311926605505,0.4,0.0,1.211111111111111,estable,21257090
21257100,LA NUEVA,TOLIMA,VENADILLO,4.795083333,-74.97194444,0.0480225988700565,0.0008699443598371795,0.7273683312900315,estable,0.0490620854730525,1.0216457798506227,0.065,0.09774436090225563,1.3535294117647059,2.035382574082264,EXCESO,30.5,24.507471256721157,1.2445184442126151,EXCESO,ALTA,MODERADA,0.10869565217391304,0.0,0.0,0.92,estable,21257100
21257100,LA NUEVA - AUT,TOLIMA,VENADILLO,4.795083333,-74.97194444,0.038922155688622756,0.0008699443598371795,0.7273683312900315,estable,0.0490620854730525,1.260518195999964,0.065,0.09774436090225563,1.67,2.5112781954887216,EXCESO,30.5,24.507471256721157,1.2445184442126151,EXCESO,ALTA,MODERADA,0.10869565217391304,0.0,0.0,0.92,estable,21257100
21257120,PUENTE GATO NEGRO,TOLIMA,VILLAHERMOSA,4.940194444,-75.08980556,0.13829787234042554,-0.0037869090288445103,0.8993378549449449,estable,0.15445788530465948,1.1168493245106146,0.2558139534883721,0.0,1.849731663685152,0.0,DEFICIT,,,,sin_datos,CRÍTICA,ALTA,0.10153846153846154,0.0,31.0,0.37878787878787884,estable,21257120
21257120,PUENTE NEGRO  - AUT,TOLIMA,VILLAHERMOSA,4.940194444,-75.08980556,0.04932108626198083,-0.0037869090288445103,0.8993378549449449,estable,0.15445788530465948,3.1316805247195734,0.2558139534883721,0.0,5.18670558327841,0.0,DEFICIT,,,,sin_datos,MODERADA,ALTA,0.10153846153846154,0.0,31.0,0.37878787878787884,estable,21257120
22017020,SARDINAS LAS,TOLIMA,RIOBLANCO,3.438472222,-75.68658333,0.06876790830945559,-0.002112195004074641,0.22025107064843655,estable,0.06485823876618312,0.9431468887249128,0.04564315352697095,0.03125,0.6637275242047026,0.4544270833333333,DEFICIT,47.0,178.12559139784946,0.26385877307783323,DEFICIT,BAJA,MODERADA,0.09821428571428571,0.4444444444444444,0.0,1.0,estable,22017020
22020020,PENA RICA,TOLIMA,PLANADAS,3.045,-75.762,0.06666666666666667,-0.0019181022125305757,0.3180026499766821,estable,0.06443529700141226,0.9665294550211839,0.04564315352697095,0.0375,0.6846473029045643,0.5625,DEFICIT,99.5,144.12663446610316,0.6903651109913428,DEFICIT,BAJA,MODERADA,0.06818181818181818,0.14285714285714285,5.0,0.9617486338797815,estable,22020020
22020020,PENA RICA,TOLIMA,PLANADAS,3.045055556,-75.76177778,0.0659025787965616,-0.0019181022125305757,0.3180026499766821,estable,0.06443529700141226,0.9777355936301253,0.04564315352697095,0.0375,0.6925852426483854,0.5690217391304349,DEFICIT,99.5,144.12663446610316,0.6903651109913428,DEFICIT,BAJA,MODERADA,0.06818181818181818,0.14285714285714285,5.0,0.9617486338797815,estable,22020020
22020020,PENA RICA,TOLIMA,PLANADAS,3.04505556,-75.76177778,0.0,-0.0019181022125305757,0.3180026499766821,estable,0.06443529700141226,,0.04564315352697095,0.0375,,,sin_datos,99.5,144.12663446610316,0.6903651109913428,DEFICIT,BAJA,MODERADA,0.06818181818181818,0.14285714285714285,5.0,0.9617486338797815,estable,22020020
22025501,ATACO  - AUT,TOLIMA,ATACO,3.416666667,-75.63305556,0.05292652552926526,,,,,,,,,,sin_datos,,,,sin_datos,BAJA,MODERADA,0.09950248756218906,0.0,9.0,,,22025501
22045010,DEMOSTRACION GRANJA,TOLIMA,CHAPARRAL,3.722444444,-75.50344444,0.08356545961002786,-0.002565504411584455,0.45623527798435837,estable,0.08905604593376634,1.0657040163407372,0.07547169811320754,,0.9031446540880502,,sin_datos,,,,sin_datos,BAJA,NORMAL,0.09352517985611511,0.0,0.0,0.7128205128205128,estable,22045010
22045010,DEMOSTRACION GRANJA  - AUT,TOLIMA,CHAPARRAL,3.722444444,-75.50344444,0.024390243902439025,-0.002565504411584455,0.45623527798435837,estable,0.08905604593376634,3.65129788328442,0.07547169811320754,,3.094339622641509,,sin_datos,,,,sin_datos,MODERADA,NORMAL,0.09352517985611511,0.0,0.0,0.7128205128205128,estable,22045010
22045502,EL RUBY,TOLIMA,CHAPARRAL,3.95,-75.66666667,0.0,,,,,,,,,,sin_datos,,,,sin_datos,BAJA,MODERADA,0.09771986970684039,0.0,5.0,,,22045502
22045502,EL RUBY  - AUT,TOLIMA,PLANADAS,3.95,-75.66666667,0.052881758764111705,,,,,,,,,,sin_datos,,,,sin_datos,BAJA,MODERADA,0.09771986970684039,0.0,5.0,,,22045502
22055020,MESA DE POLE,TOLIMA,ATACO,3.455777778,-75.53636111,0.06976744186046512,-0.0044872711989593994,0.019414078135387716,decreciente,0.0712123324292401,1.0207100981524415,0.05394190871369295,0.0125,0.7731673582295989,0.17916666666666667,DEFICIT,0.0,149.88561928163782,0.0,DEFICIT,BAJA,ALTA,0.0967741935483871,0.0,88.0,0.7161716171617163,estable,22055020
22055020,MESA DE POLE,TOLIMA,ATACO,3.45577778,-75.53636111,0.020242914979757085,-0.0044872711989593994,0.019414078135387716,decreciente,0.0712123324292401,3.5178892220044613,0.05394190871369295,0.0125,2.664730290456432,0.6175,DEFICIT,0.0,149.88561928163782,0.0,DEFICIT,MODERADA,ALTA,0.0967741935483871,0.0,88.0,0.7161716171617163,estable,22055020
22055020,MESA DE POLE,TOLIMA,ATACO,3.456,-75.536,0.06741573033707865,-0.0044872711989593994,0.019414078135387716,decreciente,0.0712123324292401,1.0563162643670616,0.05394190871369295,0.0125,0.8001383125864454,0.18541666666666667,DEFICIT,0.0,149.88561928163782,0.0,DEFICIT,BAJA,ALTA,0.0967741935483871,0.0,88.0,0.7161716171617163,estable,22055020
22057010,PIEDRAS DE COBRE,TOLIMA,COYAIMA,3.90865,-75.104,0.15384615384615385,0.03389783539553125,0.1025094835103701,estable,0.20367137342943795,1.3238639272913466,0.19767441860465115,0.6,1.2848837209302324,3.8999999999999995,EXCESO,,,,sin_datos,CRÍTICA,NORMAL,0.0975254730713246,0.0,0.0,0.27712787414279955,estable,22057010
22057010,PIEDRAS DE COBRE  - AUT,TOLIMA,SALDAÑA,3.908388889,-75.10327778,0.04954954954954955,0.03389783539553125,0.1025094835103701,estable,0.20367137342943795,4.110458627394111,0.19767441860465115,0.6,3.9894291754756868,12.10909090909091,EXCESO,,,,sin_datos,MODERADA,NORMAL,0.0975254730713246,0.0,0.0,0.27712787414279955,estable,22057010
22057060,LA MURALLA - AUT,TOLIMA,ATACO,3.481361111,-75.46697222,0.0594059405940594,,,,,,,,,,sin_datos,,,,sin_datos,BAJA,MODERADA,0.10975609756097561,0.0,2.0,,,22057060
22065040,SAN ANTONIO QUINTA,TOLIMA,SAN ANTONIO,3.906916667,-75.48808333,0.0,0.009458806183592617,0.10372102571513217,estable,0.10401229983978932,,0.22406639004149378,0.19375,,,sin_datos,230.0,200.972238514174,1.1444366729476358,NORMAL,BAJA,MODERADA,0.10526315789473684,0.4,0.0,0.994186046511628,estable,22065040
22065040,SAN ANTONIO QUINTA,TOLIMA,SAN ANTONIO,3.90691667,-75.48808333,0.1875,0.009458806183592617,0.10372102571513217,estable,0.10401229983978932,0.5547322658122097,0.22406639004149378,0.19375,1.1950207468879668,1.0333333333333334,NORMAL,230.0,200.972238514174,1.1444366729476358,NORMAL,ALTA,MODERADA,0.10526315789473684,0.4,0.0,0.994186046511628,estable,22065040
22065040,SAN ANTONIO QUINTA,TOLIMA,SAN ANTONIO,3.907,-75.488,0.10526315789473684,0.009458806183592617,0.10372102571513217,estable,0.10401229983978932,0.9881168484779986,0.22406639004149378,0.19375,2.128630705394191,1.8406250000000002,EXCESO,230.0,200.972238514174,1.1444366729476358,NORMAL,ALTA,MODERADA,0.10526315789473684,0.4,0.0,0.994186046511628,estable,22065040
22065040,SAN ANTONIO QUINTA,TOLIMA,SAN ANTONIO,3.9212,-75.46775,0.05244755244755245,0.009458806183592617,0.10372102571513217,estable,0.10401229983978932,1.9831678502786498,0.22406639004149378,0.19375,4.272199170124481,3.694166666666667,EXCESO,230.0,200.972238514174,1.1444366729476358,NORMAL,MODERADA,MODERADA,0.10526315789473684,0.4,0.0,0.994186046511628,estable,22065040
22070030,SANTA HELENA,TOLIMA,RONCESVALLES,4.124555556,-75.49952778,0.07630522088353414,-0.00519812364334055,0.002087475841353263,decreciente,0.06828560970779175,0.8949008851179023,0.029045643153526972,0.0375,0.3806507971172745,0.4914473684210526,DEFICIT,228.8,178.54468555164001,1.2814719144010858,EXCESO,ALTA,NORMAL,0.08173076923076923,0.07692307692307693,1.0,0.38235294117647056,estable,22070030
22070030,SANTA HELENA,TOLIMA,RONCESVALLES,4.12455556,-75.49952778,0.03571428571428571,-0.00519812364334055,0.002087475841353263,decreciente,0.06828560970779175,1.9119970718181691,0.029045643153526972,0.0375,0.8132780082987553,1.05,NORMAL,228.8,178.54468555164001,1.2814719144010858,EXCESO,ALTA,NORMAL,0.08173076923076923,0.07692307692307693,1.0,0.38235294117647056,estable,22070030
22070030,SANTA HELENA,TOLIMA,RONCESVALLES,4.125,-75.5,0.03553299492385787,-0.00519812364334055,0.002087475841353263,decreciente,0.06828560970779175,1.921752158919282,0.029045643153526972,0.0375,0.8174273858921162,1.0553571428571427,NORMAL,228.8,178.54468555164001,1.2814719144010858,EXCESO,ALTA,NORMAL,0.08173076923076923,0.07692307692307693,1.0,0.38235294117647056,estable,22070030
22075050,PARAMO DE YERBABUENA,TOLIMA,RONCESVALLES,4.075805556,-75.70083333,0.23943661971830985,0.019405275402342857,0.07926500777826359,estable,0.26134706691158305,1.0915083382777881,0.2558139534883721,0.4,1.0683994528043776,1.670588235294118,EXCESO,,,,sin_datos,ALTA,NORMAL,0.08503401360544217,0.0,1.0,0.25565217391304346,estable,22075050
22075050,PARAMO DE YERBABUENA  - AUT,TOLIMA,RONCESVALLES,4.075805556,-75.70083333,0.043024359379943054,0.019405275402342857,0.07926500777826359,estable,0.26134706691158305,6.0743976360846625,0.2558139534883721,0.4,5.945793433652531,9.297058823529413,EXCESO,,,,sin_datos,MODERADA,NORMAL,0.08503401360544217,0.0,1.0,0.25565217391304346,estable,22075050
22077030,DIAMANTE EL,TOLIMA,RONCESVALLES,4.024166667,-75.6085,0.06857142857142857,-0.006740744023569682,0.003256346482319649,decreciente,0.06955065071424142,1.0142803229160207,0.024896265560165973,0.0375,0.36307053941908707,0.546875,DEFICIT,123.80000000000001,184.8531490015361,0.6697208063194598,DEFICIT,BAJA,MODERADA,0.096,0.45454545454545453,1.0,1.0,estable,22077030
22077050,PIJAITO,TOLIMA,ROVIRA,4.150388889,-75.306,0.056818181818181816,0.004760762534956079,0.7739191363303957,estable,0.10527183688474012,1.852784329171426,0.2413793103448276,0.0,4.248275862068966,0.0,DEFICIT,12.2,7.314285714285714,1.66796875,EXCESO,ALTA,MODERADA,0.10588235294117647,0.0,0.0,0.49707602339181284,estable,22077050
22077050,PIJAITO  - AUT,TOLIMA,ROVIRA,4.150388889,-75.306,0.05660377358490566,0.004760762534956079,0.7739191363303957,estable,0.10527183688474012,1.8598024516304088,0.2413793103448276,0.0,4.264367816091954,0.0,DEFICIT,12.2,7.314285714285714,1.66796875,EXCESO,ALTA,MODERADA,0.10588235294117647,0.0,0.0,0.49707602339181284,estable,22077050
23015501,FRESNO  - AUT,TOLIMA,FRESNO,5.155638889,-75.00313611,0.05314533622559653,,,,,,,,,,sin_datos,,,,sin_datos,BAJA,ALTA,0.10619469026548672,0.0,10.0,,,23015501
23017040,ESPERANZA LA,TOLIMA,MARIQUITA,5.203718,-74.908378,0.07065217391304347,0.006335683900846648,0.08190395830967165,estable,0.09985041648368971,1.4132674333076083,0.16129032258064516,0.13125,2.28287841191067,1.857692307692308,EXCESO,263.0,66.31998753909798,3.9656219755010085,EXCESO,ALTA,MODERADA,0.10247349823321555,0.14285714285714285,0.0,0.7071464267866067,estable,23017040
23017040,ESPERANZA LA,TOLIMA,MARIQUITA,5.206166667,-74.91372222,0.046511627906976744,0.006335683900846648,0.08190395830967165,estable,0.09985041648368971,2.146783954399329,0.16129032258064516,0.13125,3.467741935483871,2.8218750000000004,EXCESO,263.0,66.31998753909798,3.9656219755010085,EXCESO,ALTA,MODERADA,0.10247349823321555,0.14285714285714285,0.0,0.7071464267866067,estable,23017040
23017040,LA ESPERANZA- GUALÍ,TOLIMA,MARIQUITA,5.206,-74.914,0.05081967213114754,0.006335683900846648,0.08190395830967165,estable,0.09985041648368971,1.9647985179048622,0.16129032258064516,0.13125,3.173777315296566,2.582661290322581,EXCESO,263.0,66.31998753909798,3.9656219755010085,EXCESO,ALTA,MODERADA,0.10247349823321555,0.14285714285714285,0.0,0.7071464267866067,estable,23017040
23020080,MANZANARES,CALDAS,MANZANARES,5.266,-75.144,0.0,,,,,,,,,,sin_datos,,,,sin_datos,BAJA,MODERADA,0.0,0.0,1.0,,,23020080
23025040,ALBANIA,TOLIMA,MARIQUITA,5.286,-74.903,0.0761904761904762,-0.0066245289167618324,0.01632482610488498,decreciente,0.06445348782899765,0.8459520277555941,0.03734439834024896,0.00625,0.49014522821576756,0.08203125,DEFICIT,0.0,259.5575696598705,0.0,DEFICIT,BAJA,ALTA,0.09523809523809523,0.0,90.0,2.2211538461538463,creciente,23025040
23025040,ALBANIA,TOLIMA,MARIQUITA,5.301108889,-74.914580556,0.05823293172690763,-0.0066245289167618324,0.01632482610488498,decreciente,0.06445348782899765,1.1068219634083045,0.03734439834024896,0.00625,0.6412934611532408,0.10732758620689656,DEFICIT,0.0,259.5575696598705,0.0,DEFICIT,MODERADA,ALTA,0.09523809523809523,0.0,90.0,2.2211538461538463,creciente,23025040
23025040,ALBANIA,TOLIMA,MARIQUITA,5.30110889,-74.91458056,0.0390625,-0.0066245289167618324,0.01632482610488498,decreciente,0.06445348782899765,1.6500092884223398,0.03734439834024896,0.00625,0.9560165975103734,0.16,DEFICIT,0.0,259.5575696598705,0.0,DEFICIT,MODERADA,ALTA,0.09523809523809523,0.0,90.0,2.2211538461538463,creciente,23025040
23025501,MANZANARES,CALDAS,MANZANARES,5.16391389,-75.11740833,0.0,,,,,,,,,,sin_datos,,,,sin_datos,BAJA,MODERADA,0.0996309963099631,0.0,5.0,,,23025501
23025501,MANZANARES  - AUT,CALDAS,MANZANARES,5.163913889,-75.11740833,0.05263157894736842,,,,,,,,,,sin_datos,,,,sin_datos,BAJA,MODERADA,0.0996309963099631,0.0,5.0,,,23025501
23025502,ALMACAFE LETRAS,CALDAS,MANIZALES,5.04499722,-75.33221944,0.0,,,,,,,,,,sin_datos,,,,sin_datos,BAJA,MODERADA,0.09274193548387097,0.0,5.0,,,23025502
23025502,ALMACAFE LETRAS  - AUT,CALDAS,MANIZALES,5.044997222,-75.33221944,0.05096774193548387,,,,,,,,,,sin_datos,,,,sin_datos,BAJA,MODERADA,0.09274193548387097,0.0,5.0,,,23025502
23035030,BASE PALANQUERO,CUNDINAMARCA,PUERTO SALGAR,5.492861111,-74.658,0.14285714285714285,-0.0028792317022198,0.33828466166452503,estable,0.13006428889700597,0.9104500222790418,0.13692946058091288,0.1,0.9585062240663902,0.7000000000000001,DEFICIT,10.2,78.05377266556833,0.13067914146447787,DEFICIT,ALTA,SEVERA,0.09090909090909091,0.6666666666666666,49.0,0.4444444444444445,estable,23035030
23035030,BASE PALANQUERO,CUNDINAMARCA,PUERTO SALGAR,5.49423,-74.65807,0.13286713286713286,-0.0028792317022198,0.33828466166452503,estable,0.13006428889700597,0.9789049111722028,0.13692946058091288,0.1,1.030574361214239,0.7526315789473684,DEFICIT,10.2,78.05377266556833,0.13067914146447787,DEFICIT,ALTA,SEVERA,0.09090909090909091,0.6666666666666666,49.0,0.4444444444444445,estable,23035030
23035030,BASE PALANQUERO  - AUT,CUNDINAMARCA,PUERTO SALGAR,5.492861111,-74.658,0.044209514656415184,-0.0028792317022198,0.33828466166452503,estable,0.13006428889700597,2.9419976651594504,0.13692946058091288,0.1,3.097284863792171,2.2619565217391306,EXCESO,10.2,78.05377266556833,0.13067914146447787,DEFICIT,MODERADA,SEVERA,0.09090909090909091,0.6666666666666666,49.0,0.4444444444444445,estable,23035030
23037010,PUERTO SALGAR,CUNDINAMARCA,PUERTO SALGAR,5.469666667,-74.66216667,0.01775147928994083,0.005997724278356689,0.03134667643789611,creciente,0.0347167325428195,1.9557092665788316,0.031413612565445025,0.047619047619047616,1.769633507853403,2.6825396825396823,EXCESO,95.9,21.57667382696454,4.44461462267428,EXCESO,ALTA,ALTA,0.10294117647058823,0.0,2.0,1.7662337662337664,estable,23037010
23037010,PUERTO SALGAR - AUT,CUNDINAMARCA,PUERTO SALGAR,5.469666667,-74.66216667,0.05364186168814094,0.005997724278356689,0.03134667643789611,creciente,0.0347167325428195,0.6471947738252086,0.031413612565445025,0.047619047619047616,0.5856174930705267,0.8877217553688141,NORMAL,95.9,21.57667382696454,4.44461462267428,EXCESO,ALTA,ALTA,0.10294117647058823,0.0,2.0,1.7662337662337664,estable,23037010
23050420,ARGELIA ANTIOQUIA,ANTIOQUIA,ARGELIA,5.73,-75.14,0.2777777777777778,0.001248855721406312,0.8345445521401721,estable,0.27952715715856036,1.0062977657708172,0.2863070539419087,0.26875,1.0307053941908713,0.9674999999999999,NORMAL,1198.4,173.89926389791026,6.891346019173122,EXCESO,CRÍTICA,NORMAL,0.09302325581395349,0.0,0.0,0.13437500000000002,estable,23050420
23050420,ARGELIA ANTIOQUIA - AUT,ANTIOQUIA,ARGELIA,5.731138889,-75.13852778,0.03515185601799775,0.001248855721406312,0.8345445521401721,estable,0.27952715715856036,7.951988566846725,0.2863070539419087,0.26875,8.144863070539419,7.6453999999999995,EXCESO,1198.4,173.89926389791026,6.891346019173122,EXCESO,ALTA,NORMAL,0.09302325581395349,0.0,0.0,0.13437500000000002,estable,23050420
23055501,SANTA HELENA  - AUT,CALDAS,MARQUETALIA,5.317497222,-74.99610833,0.05515587529976019,,,,,,,,,,sin_datos,,,,sin_datos,BAJA,NORMAL,0.09090909090909091,0.0,2.0,,,23055501
23055502,VILLARAZ  - AUT,CALDAS,PENSILVANIA,5.383333333,-75.06638889,0.05218525766470972,,,,,,,,,,sin_datos,,,,sin_datos,BAJA,NORMAL,0.08433734939759036,0.0,1.0,,,23055502
23057140,SAN MIGUEL,ANTIOQUIA,SONSÓN,5.731,-74.726,0.05747126436781609,0.0012761527643560312,0.44351064341602026,estable,0.01843401607466943,0.3207518796992481,0.04145077720207254,0.017857142857142856,0.7212435233160622,0.3107142857142857,DEFICIT,10.0,28.300672043010753,0.3533484994562043,DEFICIT,BAJA,NORMAL,0.09278350515463918,0.0,0.0,1.091420534458509,estable,23057140
23057140,SAN MIGUEL,ANTIOQUIA,SONSÓN,5.731027778,-74.72583333,0.008620689655172414,0.0012761527643560312,0.44351064341602026,estable,0.01843401607466943,2.138345864661654,0.04145077720207254,0.017857142857142856,4.808290155440415,2.071428571428571,EXCESO,10.0,28.300672043010753,0.3533484994562043,DEFICIT,MODERADA,NORMAL,0.09278350515463918,0.0,0.0,1.091420534458509,estable,23057140
23065110,YACOPI,CUNDINAMARCA,YACOPÍ,5.48121,-74.35125,0.0625,-0.0054043626624271784,0.4495484433287422,estable,0.053750147701760606,0.8600023632281697,0.072,0.022727272727272728,1.152,0.36363636363636365,DEFICIT,56.2,302.2377551020408,0.1859463255377406,DEFICIT,BAJA,MODERADA,0.08152173913043478,0.3333333333333333,0.0,1.1151515151515152,estable,23065110
23065110,YACOPI  - AUT,CUNDINAMARCA,YACOPÍ,5.484166667,-74.35458333,0.05375,-0.0054043626624271784,0.4495484433287422,estable,0.053750147701760606,1.0000027479397322,0.072,0.022727272727272728,1.3395348837209302,0.42283298097251587,DEFICIT,56.2,302.2377551020408,0.1859463255377406,DEFICIT,BAJA,MODERADA,0.08152173913043478,0.3333333333333333,0.0,1.1151515151515152,estable,23065110
23065120,CABRERA LA,CUNDINAMARCA,PACHO,5.14155556,-74.13936111,0.04296875,-0.0013994544666910097,0.5744677754423823,estable,0.08614810613211614,2.004901379074703,0.0912863070539419,0.0375,2.12448132780083,0.8727272727272727,NORMAL,53.5,77.53471996720535,0.6900134549093457,DEFICIT,MODERADA,SEVERA,0.09615384615384616,0.2,40.0,1.1093333333333333,estable,23065120
23065120,CABRERA LA,CUNDINAMARCA,PACHO,5.142,-74.139,0.046511627906976744,-0.0013994544666910097,0.5744677754423823,estable,0.08614810613211614,1.852184281840497,0.0912863070539419,0.0375,1.962655601659751,0.80625,DEFICIT,53.5,77.53471996720535,0.6900134549093457,DEFICIT,MODERADA,SEVERA,0.09615384615384616,0.2,40.0,1.1093333333333333,estable,23065120
23065120,LA CABRERA,CUNDINAMARCA,PACHO,5.137887,-74.136578,0.05405405405405406,-0.0013994544666910097,0.5744677754423823,estable,0.08614810613211614,1.5937399634441485,0.0912863070539419,0.0375,1.688796680497925,0.69375,DEFICIT,53.5,77.53471996720535,0.6900134549093457,DEFICIT,MODERADA,SEVERA,0.09615384615384616,0.2,40.0,1.1093333333333333,estable,23065120
23065120,LA CABRERA,CUNDINAMARCA,PACHO,5.141555556,-74.13936111,0.07428571428571429,-0.0013994544666910097,0.5744677754423823,estable,0.08614810613211614,1.1596860440861787,0.0912863070539419,0.0375,1.2288541334184486,0.5048076923076923,DEFICIT,53.5,77.53471996720535,0.6900134549093457,DEFICIT,MODERADA,SEVERA,0.09615384615384616,0.2,40.0,1.1093333333333333,estable,23065120
23065180,VILLETA,CUNDINAMARCA,VILLETA,5.016861,-74.470972,0.2517482517482518,-0.013099970024094888,0.014317545993162182,decreciente,0.2843301932390819,1.1294227120330196,0.2384937238493724,0.13291139240506328,0.9473500697350069,0.5279535864978901,DEFICIT,118.7,83.58041623725359,1.4201891464988046,EXCESO,CRÍTICA,MODERADA,0.10014727540500737,0.14285714285714285,0.0,0.19970588235294118,estable,23065180
23065180,VILLETA,CUNDINAMARCA,VILLETA,5.016861111,-74.47097222,0.3373493975903614,-0.013099970024094888,0.014317545993162182,decreciente,0.2843301932390819,0.842835929958707,0.2384937238493724,0.13291139240506328,0.7069635385534968,0.3939873417721519,DEFICIT,118.7,83.58041623725359,1.4201891464988046,EXCESO,CRÍTICA,MODERADA,0.10014727540500737,0.14285714285714285,0.0,0.19970588235294118,estable,23065180
23065180,VILLETA - AUT,CUNDINAMARCA,VILLETA,5.016861111,-74.47097222,0.03715555555555555,-0.013099970024094888,0.014317545993162182,decreciente,0.2843301932390819,7.652427449616439,0.2384937238493724,0.13291139240506328,6.418790414606315,3.5771606807582823,EXCESO,118.7,83.58041623725359,1.4201891464988046,EXCESO,ALTA,MODERADA,0.10014727540500737,0.14285714285714285,0.0,0.19970588235294118,estable,23065180
23065190,QUEBRADA NEGRA,CUNDINAMARCA,QUEBRADANEGRA,5.137207,-74.480954,0.1893939393939394,0.0054334190490635745,0.15521848563404048,estable,0.13736926675215597,0.7253097284513835,0.15767634854771784,0.11875,0.8325311203319502,0.627,DEFICIT,92.7,66.57931210476097,1.3923243883045644,EXCESO,CRÍTICA,MODERADA,0.10112359550561797,0.16666666666666666,0.0,0.29519071310116085,estable,23065190
23065190,QUEBRADA NEGRA,CUNDINAMARCA,QUEBRADANEGRA,5.137611111,-74.48125,0.0658682634730539,0.0054334190490635745,0.15521848563404048,estable,0.13736926675215597,2.085515231600913,0.15767634854771784,0.11875,2.3938136552244433,1.8028409090909088,EXCESO,92.7,66.57931210476097,1.3923243883045644,EXCESO,ALTA,MODERADA,0.10112359550561797,0.16666666666666666,0.0,0.29519071310116085,estable,23065190
23065190,QUEBRADA NEGRA - AUT,CUNDINAMARCA,QUEBRADANEGRA,5.137611111,-74.48125,0.04534718941898914,0.0054334190490635745,0.15521848563404048,estable,0.13736926675215597,3.0292785178574393,0.15767634854771784,0.11875,3.477091977869986,2.618684895833333,EXCESO,92.7,66.57931210476097,1.3923243883045644,EXCESO,ALTA,MODERADA,0.10112359550561797,0.16666666666666666,0.0,0.29519071310116085,estable,23065190
23065501,PACHO  - AUT,CUNDINAMARCA,PACHO,5.129127778,-74.15769722,0.05418250950570342,,,,,,,,,,sin_datos,,,,sin_datos,BAJA,NORMAL,0.0875,0.0,2.0,,,23065501
23065502,LA PALMA  - AUT,CUNDINAMARCA,LA PALMA,5.330266667,-74.40156111,0.05434782608695652,,,,,,,,,,sin_datos,,,,sin_datos,BAJA,ALTA,0.09420289855072464,0.0,13.0,,,23065502
23065503,EL MIRADOR  - AUT,CUNDINAMARCA,SASAIMA,4.95,-74.4,0.05337690631808279,,,,,,,,,,sin_datos,,,,sin_datos,BAJA,NORMAL,0.1,0.0,3.0,,,23065503
23065504,VIANI - CAR,CUNDINAMARCA,VIANÍ,4.872,-74.573,0.053516819571865444,,,,,,,,,,sin_datos,,,,sin_datos,BAJA,MODERADA,0.1056338028169014,0.0,4.0,,,23065504
23065505,CAPARRAPI - CAR,CUNDINAMARCA,CAPARRAPÍ,5.34,-74.495,0.05357142857142857,,,,,,,,,,sin_datos,,,,sin_datos,BAJA,NORMAL,0.09595959595959595,0.0,0.0,,,23065505
23067020,COLORADOS  - AUT,CUNDINAMARCA,PUERTO SALGAR,5.4695,-74.59338889,0.03,,,,,,,,,,sin_datos,,,,sin_datos,BAJA,ALTA,0.3333333333333333,0.0,92.0,,,23067020
23067040,PUERTO LIBRE,CUNDINAMARCA,PUERTO SALGAR,5.759222222,-74.63175,0.0223463687150838,-0.006817290977468953,0.008617275122180829,decreciente,0.027045924042587,1.2103051009057681,0.0,0.0,0.0,0.0,DEFICIT,0.0,19.546666666666667,0.0,DEFICIT,MODERADA,ALTA,0.1056338028169014,0.0,433.0,1.8933333333333335,estable,23067040
23067040,PUERTO LIBRE  - AUT,CUNDINAMARCA,PUERTO SALGAR,5.759222222,-74.63175,0.06930693069306931,-0.006817290977468953,0.008617275122180829,decreciente,0.027045924042587,0.3902340469001838,0.0,0.0,0.0,0.0,DEFICIT,0.0,19.546666666666667,0.0,DEFICIT,BAJA,ALTA,0.1056338028169014,0.0,433.0,1.8933333333333335,estable,23067040
23067050,GUADUERO,CUNDINAMARCA,GUADUAS,5.192111111,-74.57291667,0.07881773399014778,-0.0036549670302148895,0.10288341859005304,estable,0.05737680971112642,0.7279682732099165,0.0106951871657754,0.018867924528301886,0.1356951871657754,0.23938679245283018,DEFICIT,4.4,17.015913978494623,0.2585814670643547,DEFICIT,BAJA,MODERADA,0.109375,0.0,1.0,1.0,estable,23067050
23067050,GUADUERO,CUNDINAMARCA,GUADUAS,5.192373,-74.575622,0.0547945205479452,-0.0036549670302148895,0.10288341859005304,estable,0.05737680971112642,1.0471267772280572,0.0106951871657754,0.018867924528301886,0.19518716577540107,0.3443396226415094,DEFICIT,4.4,17.015913978494623,0.2585814670643547,DEFICIT,BAJA,MODERADA,0.109375,0.0,1.0,1.0,estable,23067050
23067060,TOBIA,CUNDINAMARCA,LA PEÑA,5.125561,-74.447149,0.1103448275862069,-0.0019457960588201916,0.32881599100515335,estable,0.03914655575438087,0.3547656615240766,0.0,0.0,0.0,0.0,DEFICIT,0.0,43.912375505746525,0.0,DEFICIT,ALTA,ALTA,0.09743589743589744,0.0,235.0,0.9932088285229201,estable,23067060
23067060,TOBIA,CUNDINAMARCA,NIMAIMA,5.125305556,-74.44705556,0.05263157894736842,-0.0019457960588201916,0.32881599100515335,estable,0.03914655575438087,0.7437845593332366,0.0,0.0,0.0,0.0,DEFICIT,0.0,43.912375505746525,0.0,DEFICIT,BAJA,ALTA,0.09743589743589744,0.0,235.0,0.9932088285229201,estable,23067060
23067060,TOBIA  - AUT,CUNDINAMARCA,NIMAIMA,5.125305556,-74.44705556,0.046218487394957986,-0.0019457960588201916,0.32881599100515335,estable,0.03914655575438087,0.8469891154129678,0.0,0.0,0.0,0.0,DEFICIT,0.0,43.912375505746525,0.0,DEFICIT,BAJA,ALTA,0.09743589743589744,0.0,235.0,0.9932088285229201,estable,23067060
23067070,VILLETA,CUNDINAMARCA,VILLETA,5.005664,-74.471465,0.020689655172413793,0.004694284345666238,0.2308375819693927,estable,0.09274090127690088,4.482476895050209,0.15137614678899083,0.14556962025316456,7.31651376146789,7.0358649789029535,EXCESO,155.6,55.492257004323534,2.8039947985513876,EXCESO,ALTA,ALTA,0.1024390243902439,0.3333333333333333,0.0,1.203522504892368,estable,23067070
23067070,VILLETA,CUNDINAMARCA,VILLETA,5.008583333,-74.467111111,0.023668639053254437,0.004694284345666238,0.2308375819693927,estable,0.09274090127690088,3.9183030789490623,0.15137614678899083,0.14556962025316456,6.395642201834863,6.150316455696203,EXCESO,155.6,55.492257004323534,2.8039947985513876,EXCESO,ALTA,ALTA,0.1024390243902439,0.3333333333333333,0.0,1.203522504892368,estable,23067070
23067070,VILLETA - AUT,CUNDINAMARCA,VILLETA,5.008583333,-74.467111111,0.06496815286624204,0.004694284345666238,0.2308375819693927,estable,0.09274090127690088,1.4274825000464155,0.15137614678899083,0.14556962025316456,2.330005396654075,2.2406304293869446,EXCESO,155.6,55.492257004323534,2.8039947985513876,EXCESO,ALTA,ALTA,0.1024390243902439,0.3333333333333333,0.0,1.203522504892368,estable,23067070
23067080,CHARCO LARGO,CUNDINAMARCA,LA PALMA,5.254551,-74.34217,0.061224489795918366,0.05576336372707341,0.08656261363158461,estable,0.13907515722031852,2.2715609012652025,0.22580645161290322,0.4,3.6881720430107525,6.533333333333334,EXCESO,,,,sin_datos,MODERADA,NORMAL,0.1,0.0,0.0,0.7999999999999999,decreciente,23067080
23067080,CHARCO LARGO  - AUT,CUNDINAMARCA,LA PALMA,5.257138889,-74.34569444,0.06666666666666667,0.05576336372707341,0.08656261363158461,estable,0.13907515722031852,2.0861273583047777,0.22580645161290322,0.4,3.3870967741935485,6.0,EXCESO,,,,sin_datos,MODERADA,NORMAL,0.1,0.0,0.0,0.7999999999999999,decreciente,23067080
23085080,GRANJA EXPERIMENTAL EL NUS,ANTIOQUIA,SAN ROQUE,6.483583333,-74.83669444,0.11549295774647887,-0.0016693020277443482,0.486197751552293,estable,0.11342674053362888,0.9821095826692257,0.11158798283261803,0.10897435897435898,0.9661886318434001,0.9435584740462789,NORMAL,849.2,422.59213911088915,2.00950259459788,EXCESO,CRÍTICA,NORMAL,0.09693877551020408,0.07142857142857142,0.0,0.7502392344497607,estable,23085080
23085080,GRANJA EXPERIOMENTAL EL NUS  - AUT,ANTIOQUIA,SAN ROQUE,6.483583333,-74.83669444,0.021346469622331693,-0.0016693020277443482,0.486197751552293,estable,0.11342674053362888,5.3136065373061525,0.11158798283261803,0.10897435897435898,5.227467811158798,5.105029585798817,EXCESO,849.2,422.59213911088915,2.00950259459788,EXCESO,ALTA,NORMAL,0.09693877551020408,0.07142857142857142,0.0,0.7502392344497607,estable,23085080
23085160,CORRIENTES,ANTIOQUIA,SAN VICENTE,6.311944444,-75.25355556,0.06876790830945559,-0.0034050033428651193,0.40757509855044166,estable,0.10372785115830845,1.5083758355937353,0.11814345991561181,0.0641025641025641,1.7180028129395217,0.9321581196581196,NORMAL,776.6,745.1513978494623,1.0422043120918778,NORMAL,MODERADA,MODERADA,0.08928571428571429,0.125,0.0,1.0,estable,23085160
23085220,SAN CARLOS,ANTIOQUIA,SAN CARLOS,6.157666667,-75.03891667,0.06876790830945559,-0.002772486399185579,0.30337549255882335,estable,0.091437459557572,1.3296530577330261,0.07883817427385892,0.1125,1.1464384508990317,1.6359375,EXCESO,2795.2,921.5608602150538,3.033114925635749,EXCESO,ALTA,MODERADA,0.06818181818181818,0.25,0.0,1.0,estable,23085220
23085260,LA SELVA,ANTIOQUIA,RIONEGRO,6.131916667,-75.41455556,0.08659217877094973,0.00653488185682499,0.1137808314160376,estable,0.08965015816348215,1.035314729758923,0.11203319502074689,0.11875,1.2938027037879802,1.3713709677419352,EXCESO,68.2,88.38195523634124,0.7716507268664413,DEFICIT,BAJA,MODERADA,0.09549071618037135,0.2,0.0,0.7854166666666667,estable,23085260
23085260,LA SELVA - AUT,ANTIOQUIA,RIONEGRO,6.131916667,-75.41455556,0.047330447330447334,0.00653488185682499,0.1137808314160376,estable,0.08965015816348215,1.8941329148564978,0.11203319502074689,0.11875,2.3670428094322435,2.5089557926829267,EXCESO,68.2,88.38195523634124,0.7716507268664413,DEFICIT,MODERADA,MODERADA,0.09549071618037135,0.2,0.0,0.7854166666666667,estable,23085260
23085270,AEROPUERTO J.M. CORDOVA,ANTIOQUIA,RIONEGRO,6.1686111,-75.426111111,0.1843817787418655,-0.0025869392738740327,0.44317233980098186,estable,0.2005910612290386,1.0879115203127858,0.2,0.13836477987421383,1.0847058823529412,0.750425453200148,DEFICIT,209.0,279.6988017633122,0.7472323752636624,DEFICIT,ALTA,MODERADA,0.1,0.3333333333333333,0.0,0.5128205128205128,estable,23085270
23085270,AEROPUERTO J.M. CORDOVA,ANTIOQUIA,RIONEGRO,6.1686111,-75.42611111,0.0,-0.0025869392738740327,0.44317233980098186,estable,0.2005910612290386,,0.2,0.13836477987421383,,,sin_datos,209.0,279.6988017633122,0.7472323752636624,DEFICIT,BAJA,MODERADA,0.1,0.3333333333333333,0.0,0.5128205128205128,estable,23085270
23085270,APTO J.M CORDOVA TX GPRS,ANTIOQUIA,RIONEGRO,6.169,-75.426,0.026928343222272933,-0.0025869392738740327,0.44317233980098186,estable,0.2005910612290386,7.4490680534376885,0.2,0.13836477987421383,7.427118644067797,5.138258181430551,EXCESO,209.0,279.6988017633122,0.7472323752636624,DEFICIT,MODERADA,MODERADA,0.1,0.3333333333333333,0.0,0.5128205128205128,estable,23085270
23085501,COCORNA,ANTIOQUIA,COCORNÁ,6.06194167,-75.18666667,0.0,,,,,,,,,,sin_datos,,,,sin_datos,BAJA,NORMAL,0.08300395256916997,0.0,3.0,,,23085501
23085501,COCORNA  - AUT,ANTIOQUIA,COCORNÁ,6.061941667,-75.18666667,0.05474452554744526,,,,,,,,,,sin_datos,,,,sin_datos,BAJA,NORMAL,0.08300395256916997,0.0,3.0,,,23085501
23087150,PUENTE REAL,ANTIOQUIA,RIONEGRO,6.143472222,-75.37994444,0.08100558659217877,-0.0051229793065960235,0.022076849450653333,decreciente,0.06952962262962792,0.858331203496786,0.03932584269662921,0.010309278350515464,0.4854707477721813,0.12726626377532882,DEFICIT,0.0,40.61805555555556,0.0,DEFICIT,BAJA,ALTA,0.09691629955947137,0.0,11.0,0.5264378478664193,estable,23087150
23087150,PUENTE REAL  - AUT,ANTIOQUIA,RIONEGRO,6.143472222,-75.37994444,0.044213263979193757,-0.0051229793065960235,0.022076849450653333,decreciente,0.06952962262962792,1.5725964647701138,0.03932584269662921,0.010309278350515464,0.8894580304031725,0.23317161916312917,DEFICIT,0.0,40.61805555555556,0.0,DEFICIT,MODERADA,ALTA,0.09691629955947137,0.0,11.0,0.5264378478664193,estable,23087150
23087160,CARAMANTA,ANTIOQUIA,YOLOMBÓ,6.507683056,-74.865311111,0.08620689655172414,-0.017995127396655406,0.6778032855071763,estable,0.19143725140572096,2.220672116306363,0.18181818181818182,0.16,2.109090909090909,1.8559999999999999,EXCESO,139.79999999999998,74.10000000000001,1.88663967611336,EXCESO,ALTA,MODERADA,0.10256410256410256,0.0,0.0,0.42391304347826086,estable,23087160
23087160,CARAMANTA  - AUT,ANTIOQUIA,SAN ROQUE,6.507333333,-74.86516667,0.05,-0.017995127396655406,0.6778032855071763,estable,0.19143725140572096,3.828745028114419,0.18181818181818182,0.16,3.6363636363636362,3.1999999999999997,EXCESO,139.79999999999998,74.10000000000001,1.88663967611336,EXCESO,ALTA,MODERADA,0.10256410256410256,0.0,0.0,0.42391304347826086,estable,23087160
23087190,LA GARRUCHA,ANTIOQUIA,SAN LUIS,5.998361111,-74.93825,0.08,-0.017252801957103034,0.0010252910786993227,decreciente,0.0477935180444141,0.5974189755551762,0.0,0.0,0.0,0.0,DEFICIT,,,,sin_datos,BAJA,MODERADA,0.11290322580645161,0.0,1.0,0.42176870748299317,estable,23087190
23087190,LA GARRUCHA - AUT,ANTIOQUIA,SAN LUIS,5.998361111,-74.93825,0.048,-0.017252801957103034,0.0010252910786993227,decreciente,0.0477935180444141,0.9956982925919603,0.0,0.0,0.0,0.0,DEFICIT,,,,sin_datos,BAJA,MODERADA,0.11290322580645161,0.0,1.0,0.42176870748299317,estable,23087190
23087210,CANTERAS,ANTIOQUIA,PUERTO NARE,6.276083333,-74.67330556,0.20212765957446807,0.03429426613950423,0.08526927363846873,estable,0.2571120777370777,1.2720281740676478,0.2823529411764706,0.6,1.396904024767802,2.968421052631579,EXCESO,,,,sin_datos,CRÍTICA,NORMAL,0.09217877094972067,0.0,0.0,0.3390151515151515,estable,23087210
23087210,CANTERAS - AUT,ANTIOQUIA,PUERTO NARE,6.276083333,-74.67330556,0.046890424481737414,0.03429426613950423,0.08526927363846873,estable,0.2571120777370777,5.483253363108626,0.2823529411764706,0.6,6.021547987616099,12.79578947368421,EXCESO,,,,sin_datos,MODERADA,NORMAL,0.09217877094972067,0.0,0.0,0.3390151515151515,estable,23087210
23087230,PUERTO BELLO,ANTIOQUIA,PUERTO NARE,6.211972222,-74.60711111,0.11428571428571428,0.0,1.0,insuficiente,0.1726190476190476,1.5104166666666665,,,,,sin_datos,,,,sin_datos,CRÍTICA,ALTA,0.10256410256410256,0.0,0.0,1.9500000000000002,insuficiente,23087230
23087230,PUERTO BELLO  - AUT,ANTIOQUIA,PUERTO NARE,6.211972222,-74.60711111,0.055031446540880505,0.0,1.0,insuficiente,0.1726190476190476,3.13673469387755,,,,,sin_datos,,,,sin_datos,MODERADA,ALTA,0.10256410256410256,0.0,0.0,1.9500000000000002,insuficiente,23087230
23087660,PUENTE LA FERIA  - AUT,ANTIOQUIA,MARINILLA,6.172666667,-75.33786111,0.06818181818181818,,,,,,,,,,sin_datos,,,,sin_datos,BAJA,ALTA,0.1111111111111111,0.0,44.0,,,23087660
23087670,RIOTEX,ANTIOQUIA,RIONEGRO,6.18125,-75.36638889,0.06876790830945559,-0.0021946114896531817,0.1765863189698444,estable,0.06408340973048451,0.931879583164129,0.04564315352697095,0.04375,0.6637275242047026,0.6361979166666666,DEFICIT,387.1,368.8752688172043,1.0494062159310196,NORMAL,BAJA,MODERADA,0.07964601769911504,0.23076923076923078,0.0,1.0,estable,23087670
23097030,PTO BERRIO TX GPRS,ANTIOQUIA,PUERTO BERRÍO,6.485,-74.401,0.05192878338278932,0.009593614806837616,0.031195102507392294,creciente,0.05054738173017743,0.9733981510325596,0.05555555555555555,0.08,1.0698412698412698,1.5405714285714285,EXCESO,,,,sin_datos,MODERADA,NORMAL,0.09895833333333333,0.0,2.0,0.2887218045112782,estable,23097030
23097030,PUERTO BERRIO,ANTIOQUIA,PUERTO BERRÍO,6.485138889,-74.40116667,0.03305785123966942,0.009593614806837616,0.031195102507392294,creciente,0.05054738173017743,1.5290582973378672,0.05555555555555555,0.08,1.6805555555555554,2.42,EXCESO,,,,sin_datos,MODERADA,NORMAL,0.09895833333333333,0.0,2.0,0.2887218045112782,estable,23097030
23097030,PUERTO BERRIO,ANTIOQUIA,PUERTO BERRÍO,6.48513889,-74.40116667,0.0859375,0.009593614806837616,0.031195102507392294,creciente,0.05054738173017743,0.5881877146784282,0.05555555555555555,0.08,0.6464646464646464,0.9309090909090909,NORMAL,,,,sin_datos,MODERADA,NORMAL,0.09895833333333333,0.0,2.0,0.2887218045112782,estable,23097030
23105030,VEGACHI,ANTIOQUIA,VEGACHÍ,6.774111111,-74.79652778,0.09090909090909091,0.0053239244415715,0.6264038585985233,estable,0.12787444037444037,1.406618844118844,0.21238938053097345,0.21428571428571427,2.336283185840708,2.3571428571428568,EXCESO,677.4,10.8,62.722222222222214,EXCESO,ALTA,MODERADA,0.10714285714285714,0.06666666666666667,0.0,1.0,estable,23105030
23105060,VEGACHA,ANTIOQUIA,VEGACHÍ,6.774,-74.797,0.05129257283545342,,,,,,,,,,sin_datos,,,,sin_datos,BAJA,MODERADA,0.10199004975124377,0.0,1.0,,,23105060
23105070,MACEO,ANTIOQUIA,YOLOMBÓ,6.571638889,-74.79472222,0.002785515320334262,0.0178758301638577,3.480930371188135e-05,creciente,0.09296362045310153,33.373939742663445,0.22083333333333333,0.31446540880503143,79.27916666666667,112.89308176100629,EXCESO,1444.3999999999999,56.43891260644977,25.592271950238384,EXCESO,ALTA,NORMAL,0.09090909090909091,0.0,1.0,0.55,estable,23105070
23105070,MACEO - AUT,ANTIOQUIA,YOLOMBÓ,6.571638889,-74.79472222,0.05378973105134474,0.0178758301638577,3.480930371188135e-05,creciente,0.09296362045310153,1.7282782166053876,0.22083333333333333,0.31446540880503143,4.105492424242424,5.8461978273299025,EXCESO,1444.3999999999999,56.43891260644977,25.592271950238384,EXCESO,ALTA,NORMAL,0.09090909090909091,0.0,1.0,0.55,estable,23105070
23107020,LA BODEGA - AUT,ANTIOQUIA,YONDÓ (CASABE),6.732194444,-74.40694444,0.05747126436781609,,,,,,,,,,sin_datos,,,,sin_datos,BAJA,ALTA,0.09722222222222222,0.0,76.0,,,23107020
23115010,PUERTO BOYACA,BOYACÁ,PUERTO BOYACÁ,5.978,-74.567,0.08653846153846154,0.0038690476190476196,0.7770052941299762,estable,0.0369047619047619,0.4264550264550264,,,,,sin_datos,,,,sin_datos,BAJA,ALTA,0.13333333333333333,0.0,0.0,2.5,insuficiente,23115010
23115010,PUERTO BOYACA,BOYACÁ,PUERTO BOYACÁ,5.97833333,-74.56666667,0.05555555555555555,0.0038690476190476196,0.7770052941299762,estable,0.0369047619047619,0.6642857142857143,,,,,sin_datos,,,,sin_datos,BAJA,ALTA,0.13333333333333333,0.0,0.0,2.5,insuficiente,23115010
23115010,PUERTO BOYACA,BOYACÁ,PUERTO BOYACÁ,5.978333333,-74.56666667,0.05555555555555555,0.0038690476190476196,0.7770052941299762,estable,0.0369047619047619,0.6642857142857143,,,,,sin_datos,,,,sin_datos,BAJA,ALTA,0.13333333333333333,0.0,0.0,2.5,insuficiente,23115010
23117030,EL TAGUAL,SANTANDER,CIMITARRA,6.733,-74.16,0.012542209358417752,,,,,,,,,,sin_datos,,,,sin_datos,BAJA,MODERADA,0.14285714285714285,0.0,0.0,,,23117030
23125080,OTANCHE,BOYACÁ,OTANCHE,5.661722222,-74.18461111,0.06876790830945559,-0.0029056593350883786,0.08814228532584117,estable,0.060830141259824735,0.884571637486618,0.04149377593360996,0.05,0.6033886583679114,0.7270833333333334,DEFICIT,120.8,671.9492473118279,0.17977548227528706,DEFICIT,BAJA,SEVERA,0.09174311926605505,0.375,11.0,1.0,creciente,23125080
23125100,BUENAVISTA,BOYACÁ,BUENAVISTA,5.514916667,-73.94311111,0.06876790830945559,0.003474368002074027,0.3778861585314403,estable,0.10520354646531391,1.529834904849773,0.15352697095435686,0.1375,2.2325380359612725,1.9994791666666667,EXCESO,439.0,111.28172043010753,3.9449426042592663,EXCESO,ALTA,ALTA,0.10126582278481013,0.5,0.0,1.0,creciente,23125100
23125120,CIMITARRA,SANTANDER,CIMITARRA,6.308611111,-73.95222222,0.06906906906906907,-0.0020158370578110037,0.48981509223963243,estable,0.10321064818910566,1.4943106889987907,0.12033195020746888,0.125,1.742197366047267,1.8097826086956523,EXCESO,488.7,339.11867127496157,1.4410884489570202,EXCESO,ALTA,MODERADA,0.09523809523809523,0.15384615384615385,0.0,1.0,estable,23125120
23125140,AEROPUERTO FURATENA,BOYACÁ,QUÍPAMA,5.520833333,-74.18241667,0.05442176870748299,-0.0057026946427868085,0.02881110503002164,decreciente,0.021383932674255254,0.3929297628894403,0.0,0.0,0.0,0.0,DEFICIT,0.0,34.28234013605442,0.0,DEFICIT,BAJA,ALTA,0.08333333333333333,0.0,228.0,1.894736842105263,estable,23125140
23125140,AEROPUERTO FURATENA  - AUT,BOYACÁ,QUÍPAMA,5.520833333,-74.18241667,0.05580357142857143,-0.0057026946427868085,0.02881110503002164,decreciente,0.021383932674255254,0.3832000735226541,0.0,0.0,0.0,0.0,DEFICIT,0.0,34.28234013605442,0.0,DEFICIT,BAJA,ALTA,0.08333333333333333,0.0,228.0,1.894736842105263,estable,23125140
23125160,SAN PABLO DE BORBUR  - AUT,BOYACÁ,SAN PABLO DE BORBUR,5.647027778,-74.07130556,0.05079921173636961,-0.08829670329670329,0.23394634437489656,estable,0.13997252747252747,2.755407469685487,0.1839080459770115,0.0,3.6202933016250496,0.0,DEFICIT,,,,sin_datos,MODERADA,NORMAL,0.097708082026538,0.0,1.0,0.0,estable,23125160
23125170,SAN CAYETANO,CUNDINAMARCA,SAN CAYETANO,5.332411,-74.024004,0.055944055944055944,-0.007525185417805926,0.05010089239335696,estable,0.09964208946411394,1.7811023491710367,0.07563025210084033,0.08917197452229299,1.3518907563025209,1.5939490445859872,EXCESO,23.4,35.04548018038119,0.6677037917460052,DEFICIT,MODERADA,MODERADA,0.09490740740740741,0.14285714285714285,0.0,1.0329985652797704,estable,23125170
23125170,SAN CAYETANO,CUNDINAMARCA,SAN CAYETANO,5.333333333,-74.016666667,0.12179487179487179,-0.007525185417805926,0.05010089239335696,estable,0.09964208946411394,0.8181139977053566,0.07563025210084033,0.08917197452229299,0.6209641751437417,0.732148843446195,DEFICIT,23.4,35.04548018038119,0.6677037917460052,DEFICIT,ALTA,MODERADA,0.09490740740740741,0.14285714285714285,0.0,1.0329985652797704,estable,23125170
23125170,SAN CAYETANO - AUT,CUNDINAMARCA,SAN CAYETANO,5.333333333,-74.016666667,0.047829693115841856,-0.007525185417805926,0.05010089239335696,estable,0.09964208946411394,2.08326842538555,0.07563025210084033,0.08917197452229299,1.5812405887210375,1.8643643459371892,EXCESO,23.4,35.04548018038119,0.6677037917460052,DEFICIT,MODERADA,MODERADA,0.09490740740740741,0.14285714285714285,0.0,1.0329985652797704,estable,23125170
23125501,PAUNA,BOYACÁ,PAUNA,5.65713056,-73.96032778,0.0,,,,,,,,,,sin_datos,,,,sin_datos,BAJA,MODERADA,0.07142857142857142,0.0,7.0,,,23125501
23125501,PAUNA  - AUT,BOYACÁ,PAUNA,5.657130556,-73.96032778,0.05276073619631902,,,,,,,,,,sin_datos,,,,sin_datos,BAJA,MODERADA,0.07142857142857142,0.0,7.0,,,23125501
23127020,PTO ARAUJO - RIO CARARE,SANTANDER,CIMITARRA,6.526,-74.086,0.05253399258343634,-0.0008221569455298942,0.6951816985657711,estable,0.029336109089929126,0.5584214647941803,0.0,0.0,0.0,0.0,DEFICIT,,,,sin_datos,BAJA,ALTA,0.08503401360544217,0.0,18.0,1.372,estable,23127020
23127020,PUERTO ARAUJO,SANTANDER,CIMITARRA,6.525555556,-74.08583333,0.0469208211143695,-0.0008221569455298942,0.6951816985657711,estable,0.029336109089929126,0.6252258249791145,0.0,0.0,0.0,0.0,DEFICIT,,,,sin_datos,BAJA,ALTA,0.08503401360544217,0.0,18.0,1.372,estable,23127020
23127050,BARREDERO FINCA,SANTANDER,PUERTO PARRA,6.645555556,-74.06527778,0.06857142857142857,6.796815758889958e-05,0.9781775698463332,estable,0.0783935647518702,1.1432394859647736,0.08205128205128205,0.06140350877192982,1.1965811965811965,0.8954678362573099,NORMAL,516.5,341.1481797235023,1.5140048538984403,EXCESO,ALTA,NORMAL,0.0859375,0.0625,0.0,1.0,estable,23127050
23127060,SANTA ROSA,SANTANDER,CIMITARRA,6.291944444,-74.09833333,0.034782608695652174,0.027578623498927105,0.0033743411106058043,creciente,0.1835095784811155,5.27590038133207,0.3548387096774194,0.34579439252336447,10.201612903225806,9.941588785046727,EXCESO,1117.6,321.0584544560554,3.4809860462745434,EXCESO,ALTA,NORMAL,0.08695652173913043,0.0,0.0,0.0,estable,23127060
23127060,SANTA ROSA  - AUT,SANTANDER,CIMITARRA,6.291944444,-74.09833333,0.06753246753246753,0.027578623498927105,0.0033743411106058043,creciente,0.1835095784811155,2.717353373662672,0.3548387096774194,0.34579439252336447,5.2543424317617875,5.120416966211359,EXCESO,1117.6,321.0584544560554,3.4809860462745434,EXCESO,ALTA,NORMAL,0.08695652173913043,0.0,0.0,0.0,estable,23127060
23145501,EL CARMEN - ISAGEN - Estacion en Pruebas,SANTANDER,EL CARMEN,6.699,-73.513,0.017543859649122806,0.005085222253761989,0.23282499541928015,estable,0.12328514842707056,7.027253460343022,0.19387755102040816,0.1391304347826087,11.051020408163266,7.930434782608696,EXCESO,244.3,128.55655913978495,1.900330886535026,EXCESO,ALTA,NORMAL,0.07352941176470588,0.0,0.0,0.6538461538461539,estable,23145501
23145501,EL CARMEN-23145501,SANTANDER,EL CARMEN,6.698658333,-73.51262778,0.08211143695014662,0.005085222253761989,0.23282499541928015,estable,0.12328514842707056,1.5014369862011094,0.19387755102040816,0.1391304347826087,2.3611516034985423,1.694409937888199,EXCESO,244.3,128.55655913978495,1.900330886535026,EXCESO,ALTA,NORMAL,0.07352941176470588,0.0,0.0,0.6538461538461539,estable,23145501
23147020,PUENTE FERROCARRIL OPÓN,SANTANDER,SIMACOTA,6.773611111,-73.935,0.06876790830945559,-0.002831363934289776,0.30934275774979486,estable,0.06738605374435919,0.9799055315325564,0.016216216216216217,0.0125,0.23581081081081082,0.18177083333333335,DEFICIT,232.2,508.68709677419355,0.4564692155010051,DEFICIT,BAJA,MODERADA,0.06923076923076923,0.13333333333333333,0.0,1.0,estable,23147020
23147040,AYACUCHO,SANTANDER,SIMACOTA,6.855805556,-73.76933333,0.09523809523809523,-0.022619047619047615,0.011188731640784003,decreciente,0.04404761904761905,0.4625000000000001,0.0,0.0,0.0,0.0,DEFICIT,,,,sin_datos,BAJA,NORMAL,0.06666666666666667,0.0,0.0,1.0,estable,23147040
23155030,AEROPUERTO YARIGUIES,SANTANDER,BARRANCABERMEJA,7.026,-73.809,0.03463203463203463,-0.0021276281236843483,0.4496812725101104,estable,0.08980810852455676,2.5932091336465763,0.0995850622406639,0.075,2.87551867219917,2.165625,EXCESO,470.7,495.95875806451613,0.9490708498362067,NORMAL,MODERADA,NORMAL,0.09340659340659341,0.0625,0.0,1.0309368191721133,estable,23155030
23155030,AEROPUERTO YARIGUIES,SANTANDER,BARRANCABERMEJA,7.026388889,-73.80861111,0.07046070460704607,-0.0021276281236843483,0.4496812725101104,estable,0.08980810852455676,1.274584309444671,0.0995850622406639,0.075,1.4133418448771147,1.064423076923077,NORMAL,470.7,495.95875806451613,0.9490708498362067,NORMAL,MODERADA,NORMAL,0.09340659340659341,0.0625,0.0,1.0309368191721133,estable,23155030
23157030,BARRANCABERMEJA  - AUT,SANTANDER,BARRANCABERMEJA,7.060194444,-73.876,0.051023435182438445,,,,,,,,,,sin_datos,,,,sin_datos,BAJA,ALTA,0.09523809523809523,0.0,56.0,,,23157030
23157050,BARRANCABERMEJA,<nil>,<nil>,7.06,-73.877,0.05357142857142857,,,,,,,,,,sin_datos,,,,sin_datos,BAJA,MODERADA,0.3333333333333333,0.0,22.0,,,23157050
23175020,AEROPUERTO OTU,ANTIOQUIA,REMEDIOS,7.01175,-74.71630556,0.06857142857142857,-0.0009397817008682297,0.8343101382730884,estable,0.11942589624166086,1.7416276535242208,0.15767634854771784,0.1125,2.2994467496542184,1.640625,EXCESO,710.8,748.520138248848,0.9496070495349748,NORMAL,MODERADA,MODERADA,0.0916030534351145,0.14285714285714285,0.0,1.0,estable,23175020
23180070,SABANA DE TORRES,SANTANDER,SABANA DE TORRES,7.39,-73.48944444,0.05405405405405406,-0.0064741554621351735,0.0036448410919257077,decreciente,0.08158067184300911,1.5092424290956685,0.058091286307053944,0.0375,1.0746887966804979,0.69375,DEFICIT,241.20000000000002,477.6443743248621,0.5049782075648435,DEFICIT,MODERADA,MODERADA,0.09652509652509653,0.2727272727272727,1.0,0.7769999999999999,estable,23180070
23190130,TONA,SANTANDER,TONA,7.19611111,-72.97055556,0.0,0.00021874172766363396,0.9211894466768429,estable,0.06769849374988338,,0.0954356846473029,0.05625,,,sin_datos,16.0,75.97566467746519,0.21059374824720276,DEFICIT,BAJA,MODERADA,0.09497206703910614,0.4,2.0,1.4830157415078709,estable,23190130
23190130,TONA,SANTANDER,TONA,7.196111111,-72.97055556,0.08,0.00021874172766363396,0.9211894466768429,estable,0.06769849374988338,0.8462311718735421,0.0954356846473029,0.05625,1.1929460580912863,0.703125,DEFICIT,16.0,75.97566467746519,0.21059374824720276,DEFICIT,BAJA,MODERADA,0.09497206703910614,0.4,2.0,1.4830157415078709,estable,23190130
23190130,TONA,SANTANDER,TONA,7.199737,-72.9692,0.060810810810810814,0.00021874172766363396,0.9211894466768429,estable,0.06769849374988338,1.1132641194425266,0.0954356846473029,0.05625,1.569386814200092,0.9249999999999999,NORMAL,16.0,75.97566467746519,0.21059374824720276,DEFICIT,MODERADA,MODERADA,0.09497206703910614,0.4,2.0,1.4830157415078709,estable,23190130
23190130,TONA  - AUT,SANTANDER,TONA,7.196111111,-72.97055556,0.04881656804733728,0.00021874172766363396,0.9211894466768429,estable,0.06769849374988338,1.3867933871188232,0.0954356846473029,0.05625,1.9549855400477807,1.1522727272727273,EXCESO,16.0,75.97566467746519,0.21059374824720276,DEFICIT,MODERADA,MODERADA,0.09497206703910614,0.4,2.0,1.4830157415078709,estable,23190130
23190380,PALMAS,SANTANDER,LEBRIJA,7.211083333,-73.21788889,0.06876790830945559,0.00044496481897051586,0.900518268588397,estable,0.08417244206100627,1.224007594970466,0.13253012048192772,0.025,1.9272088353413657,0.3635416666666667,DEFICIT,2.6,24.851182795698925,0.10462278682566331,DEFICIT,MODERADA,NORMAL,0.07228915662650602,0.0,2.0,1.0,estable,23190380
23190440,NARANJO EL,SANTANDER,LEBRIJA,7.205,-73.29972222,0.08661417322834646,-0.014789988077610906,0.019920998321837673,decreciente,0.0963730658167157,1.1126708507929903,0.07053941908713693,0.0,0.8144096567333082,0.0,DEFICIT,1194.3,0.0,,sin_datos,MODERADA,NORMAL,0.0975609756097561,0.0,0.0,1.0,estable,23190440
23190600,PANTANO EL,SANTANDER,GIRÓN,6.9975,-73.23027778,0.13043478260869565,0.0,1.0,insuficiente,0.2380952380952381,1.8253968253968256,,,,,sin_datos,,,,sin_datos,CRÍTICA,MODERADA,0.0,0.0,10.0,,insuficiente,23190600
23190700,PIEDECUESTA GRANJA,SANTANDER,PIEDECUESTA,6.99333,-73.06778,0.08356545961002786,-0.0016580439500254527,0.6358483653039297,estable,0.09794824060900333,1.1721139459544065,0.13131313131313133,0.09401709401709402,1.5713804713804715,1.1250712250712251,NORMAL,52.800000000000004,62.46045882581782,0.8453348084944792,DEFICIT,MODERADA,MODERADA,0.09345794392523364,0.3333333333333333,2.0,0.6484848484848486,estable,23190700
23190700,PIEDECUESTA GRANJA,SANTANDER,PIEDECUESTA,6.993333333,-73.06777778,0.0374251497005988,-0.0016580439500254527,0.6358483653039297,estable,0.09794824060900333,2.617176989072569,0.13131313131313133,0.09401709401709402,3.5086868686868695,2.5121367521367524,EXCESO,52.800000000000004,62.46045882581782,0.8453348084944792,DEFICIT,MODERADA,MODERADA,0.09345794392523364,0.3333333333333333,2.0,0.6484848484848486,estable,23190700
23195040,UNIV IND SANTANDER,SANTANDER,BUCARAMANGA,7.145,-73.122,0.009433962264150943,0.0009424085124172866,0.7488458872170544,estable,0.08610936341414996,9.127592521899896,0.17333333333333334,0.18867924528301888,18.373333333333335,20.000000000000004,EXCESO,4.6,16.625866993064054,0.27667730061349693,DEFICIT,MODERADA,MODERADA,0.10714285714285714,0.0,4.0,0.7777777777777778,estable,23195040
23195040,UNIVERSIDAD INDUSTRIAL SANTANDER,SANTANDER,BUCARAMANGA,7.144722222,-73.12222222,0.08231707317073171,0.0009424085124172866,0.7488458872170544,estable,0.08610936341414996,1.0460693036978217,0.17333333333333334,0.18867924528301888,2.105679012345679,2.292103424178896,EXCESO,4.6,16.625866993064054,0.27667730061349693,DEFICIT,BAJA,MODERADA,0.10714285714285714,0.0,4.0,0.7777777777777778,estable,23195040
23195090,VIVERO SURATA,SANTANDER,SURATÁ,7.36583,-72.9875,0.008064516129032258,0.0,,estable,0.0,0.0,0.0,0.0,0.0,0.0,DEFICIT,18.2,79.76751787538304,0.22816304787661798,DEFICIT,BAJA,MODERADA,0.09411764705882353,0.25,0.0,2.65625,insuficiente,23195090
23195090,VIVERO SURATA  - AUT,SANTANDER,SURATÁ,7.365833333,-72.9875,0.056696795398520954,0.0,,estable,0.0,0.0,0.0,0.0,0.0,0.0,DEFICIT,18.2,79.76751787538304,0.22816304787661798,DEFICIT,BAJA,MODERADA,0.09411764705882353,0.25,0.0,2.65625,insuficiente,23195090
23195110,LLANO GRANDE,SANTANDER,GIRÓN,7.025555556,-73.16722222,0.06442577030812324,-0.004244047119164609,0.12840150813530474,estable,0.0964357555821291,1.496850640992178,0.10416666666666667,0.050314465408805034,1.6168478260869568,0.7809680065627564,DEFICIT,92.60000000000001,172.92214141414144,0.535501117686409,DEFICIT,MODERADA,MODERADA,0.09352517985611511,0.15384615384615385,2.0,0.9462219196732471,estable,23195110
23195110,LLANO GRANDE,SANTANDER,GIRÓN,7.02555556,-73.16722222,0.0,-0.004244047119164609,0.12840150813530474,estable,0.0964357555821291,,0.10416666666666667,0.050314465408805034,,,sin_datos,92.60000000000001,172.92214141414144,0.535501117686409,DEFICIT,BAJA,MODERADA,0.09352517985611511,0.15384615384615385,2.0,0.9462219196732471,estable,23195110
23195110,LLANO GRANDE  - AUT,SANTANDER,GIRÓN,7.025555556,-73.16722222,0.05,-0.004244047119164609,0.12840150813530474,estable,0.0964357555821291,1.928715111642582,0.10416666666666667,0.050314465408805034,2.0833333333333335,1.0062893081761006,NORMAL,92.60000000000001,172.92214141414144,0.535501117686409,DEFICIT,MODERADA,MODERADA,0.09352517985611511,0.15384615384615385,2.0,0.9462219196732471,estable,23195110
23195190,SAN ANTONIO,SANTANDER,FLORIDABLANCA,7.1,-73.066,0.05206880520688052,,,,,,,,,,sin_datos,,,,sin_datos,BAJA,NORMAL,0.09287925696594428,0.0,5.0,,,23195190
23195200,CACHIRI,SANTANDER,SURATÁ,7.47389,-72.99111,0.06354515050167224,0.0004367395717280055,0.9089666483232736,estable,0.07432530812296208,1.1696456383560874,0.11618257261410789,0.04375,1.8283468006114874,0.6884868421052631,DEFICIT,77.1,156.69046540717738,0.49205291336423806,DEFICIT,MODERADA,MODERADA,0.09036144578313253,0.1111111111111111,2.0,1.1562189054726368,estable,23195200
23195200,CACHIRI  - AUT,SANTANDER,SURATÁ,7.473888889,-72.99111111,0.051175656984785614,0.0004367395717280055,0.9089666483232736,estable,0.07432530812296208,1.4523566965649077,0.11618257261410789,0.04375,2.2702702702702706,0.8548986486486486,NORMAL,77.1,156.69046540717738,0.49205291336423806,DEFICIT,MODERADA,MODERADA,0.09036144578313253,0.1111111111111111,2.0,1.1562189054726368,estable,23195200
23195230,NEOMUNDO,SANTANDER,BUCARAMANGA,7.09999722,-73.11,0.0,,,,,,,,,,sin_datos,,,,sin_datos,BAJA,MODERADA,0.10060975609756098,0.0,12.0,,,23195230
23195230,NEOMUNDO - AUT,SANTANDER,BUCARAMANGA,7.102611111,-73.10730556,0.051615051615051616,,,,,,,,,,sin_datos,,,,sin_datos,BAJA,MODERADA,0.10060975609756098,0.0,12.0,,,23195230
23195240,AGUACHICA,CESAR,AGUACHICA,8.123416667,-73.57986111,0.09767441860465116,-0.0012065943410712453,0.8699685034032676,estable,0.1636043737457589,1.6749971597780078,0.1888412017167382,0.13815789473684212,1.9333742080523197,1.4144736842105265,EXCESO,190.70000000000002,65.13740756814724,2.9276571960664577,EXCESO,ALTA,NORMAL,0.0958904109589041,0.0,0.0,0.15336134453781514,estable,23195240
23195240,AGUACHICA - AUT,CESAR,AGUACHICA,8.123416667,-73.57986111,0.04657794676806084,-0.0012065943410712453,0.8699685034032676,estable,0.1636043737457589,3.5124857383783334,0.1888412017167382,0.13815789473684212,4.054304983796094,2.966165413533835,EXCESO,190.70000000000002,65.13740756814724,2.9276571960664577,EXCESO,ALTA,NORMAL,0.0958904109589041,0.0,0.0,0.15336134453781514,estable,23195240
23195501,SAN ANTONIO  - AUT,SANTANDER,FLORIDABLANCA,7.099441667,-73.06638611,0.064,,,,,,,,,,sin_datos,,,,sin_datos,BAJA,ALTA,0.1,0.0,30.0,,,23195501
23195502,AEROPUERTO PALONEGRO,SANTANDER,LEBRIJA,7.12147222,-73.18452778,0.00558659217877095,-0.0004095740787185386,0.9076170343083317,estable,0.20794941982789591,37.22294614919337,0.1875,0.16352201257861634,33.5625,29.270440251572325,EXCESO,343.7,123.40989322248406,2.785027934351873,EXCESO,ALTA,MODERADA,0.08670520231213873,0.0,7.0,0.0,estable,23195502
23195502,AEROPUERTO PALONEGRO,SANTANDER,LEBRIJA,7.121472222,-73.18452778,0.1948608137044968,-0.0004095740787185386,0.9076170343083317,estable,0.20794941982789591,1.0671690006552461,0.1875,0.16352201257861634,0.9622252747252747,0.839173405211141,DEFICIT,343.7,123.40989322248406,2.785027934351873,EXCESO,CRÍTICA,MODERADA,0.08670520231213873,0.0,7.0,0.0,estable,23195502
23195502,APTO PALONEGRO,SANTANDER,LEBRIJA,7.121,-73.185,0.025,-0.0004095740787185386,0.9076170343083317,estable,0.20794941982789591,8.317976793115836,0.1875,0.16352201257861634,7.5,6.5408805031446535,EXCESO,343.7,123.40989322248406,2.785027934351873,EXCESO,ALTA,MODERADA,0.08670520231213873,0.0,7.0,0.0,estable,23195502
23197370,SAN RAFAEL,SANTANDER,SABANA DE TORRES,7.578055556,-73.56055556,0.06930693069306931,0.0017928601681563897,0.8199434039026223,estable,0.08016259074763693,1.1566316665016185,,,,,sin_datos,,,,sin_datos,MODERADA,MODERADA,0.13043478260869565,0.0,11.0,1.0,estable,23197370
23197690,PALOGORDO,SANTANDER,GIRÓN,6.969166667,-73.13055556,0.07142857142857142,-0.003093186491380452,0.272212705624111,estable,0.07969845292253512,1.1157783409154918,0.08713692946058091,0.025,1.2199170124481329,0.35000000000000003,DEFICIT,95.69999999999999,1108.10351746157,0.08636377242013309,DEFICIT,MODERADA,NORMAL,0.08908045977011494,0.0,2.0,0.32073732718894005,estable,23197690
23197690,PALOGORDO - AUT,SANTANDER,GIRÓN,6.969166667,-73.13055556,0.04859563085153812,-0.003093186491380452,0.272212705624111,estable,0.07969845292253512,1.6400333018829933,0.08713692946058091,0.025,1.7931021355970915,0.5144495412844037,DEFICIT,95.69999999999999,1108.10351746157,0.08636377242013309,DEFICIT,MODERADA,NORMAL,0.08908045977011494,0.0,2.0,0.32073732718894005,estable,23197690
23197700,MAJADAS,SANTANDER,BUCARAMANGA,7.160277778,-73.09305556,0.0,0.0,1.0,insuficiente,0.0,,,,,,sin_datos,,,,sin_datos,BAJA,ALTA,0.10227272727272728,0.0,36.0,,,23197700
23197700,MAJADAS - AUT,SANTANDER,BUCARAMANGA,7.160277778,-73.09305556,0.05300859598853868,0.0,1.0,insuficiente,0.0,0.0,,,,,sin_datos,,,,sin_datos,BAJA,ALTA,0.10227272727272728,0.0,36.0,,,23197700
23205020,COLEGIO COOPERATIVO,BOLIVAR,SAN PABLO,7.475,-73.92555556,0.0659025787965616,0.0011978403711781257,0.7021155690861979,estable,0.07723016635550199,1.1718838286117477,0.11637931034482758,0.033112582781456956,1.7659295352323838,0.5024474517708034,DEFICIT,369.0,616.232688172043,0.5987997830731444,DEFICIT,MODERADA,NORMAL,0.0847457627118644,0.09090909090909091,2.0,1.0,estable,23205020
23205050,CANELOS  - AUT,BOLIVAR,SANTA ROSA DEL SUR,7.885416667,-74.24097222,0.05451127819548872,,,,,,,,,,sin_datos,,,,sin_datos,BAJA,ALTA,0.10126582278481013,0.0,10.0,,,23205050
23207040,SAN PABLO RIO MAGDALENA  - AUT,BOLIVAR,SAN PABLO,7.480333333,-73.91855556,0.0,,,,,,,,,,sin_datos,,,,sin_datos,BAJA,MODERADA,0.0,0.0,373.0,,,23207040
23217080,GAMARRA,CESAR,GAMARRA,8.284286111,-73.75338889,0.03680981595092025,0.008286260049737931,0.00860577556725667,creciente,0.09101051691949226,2.472452376312873,0.13865546218487396,0.12101910828025478,3.7668067226890756,3.287685774946921,EXCESO,593.4,149.49169836084698,3.9694511903104845,EXCESO,ALTA,NORMAL,0.09876543209876543,0.0,0.0,1.0125000000000002,estable,23217080
23217080,GAMARRA - AUT,CESAR,GAMARRA,8.284286111,-73.75338889,0.05137751303052867,0.008286260049737931,0.00860577556725667,creciente,0.09101051691949226,1.771407597433016,0.13865546218487396,0.12101910828025478,2.698757763975155,2.355487861164959,EXCESO,593.4,149.49169836084698,3.9694511903104845,EXCESO,ALTA,NORMAL,0.09876543209876543,0.0,0.0,1.0125000000000002,estable,23217080
24010390,El TRIANGULO - CAR,CUNDINAMARCA,LENGUAZAQUE,5.305,-73.619,0.05162116040955631,,,,,,,,,,sin_datos,,,,sin_datos,BAJA,MODERADA,0.10305343511450382,0.0,2.0,,,24010390
24015110,LA BOYERA,CUNDINAMARCA,UBATÉ,5.303806,-73.85175,0.08695652173913043,0.005148902905501144,0.7054454579898909,estable,0.11798619838942419,1.3568412814783781,0.17073170731707318,0.11904761904761904,1.9634146341463417,1.369047619047619,EXCESO,28.4,20.9578591237984,1.3551002434094417,EXCESO,ALTA,MODERADA,0.08722741433021806,0.0,12.0,0.3582589285714286,estable,24015110
24015110,LA BOYERA - AUT,CUNDINAMARCA,UBATÉ,5.303805556,-73.85175,0.04967915545435728,0.005148902905501144,0.7054454579898909,estable,0.11798619838942419,2.374963851747118,0.17073170731707318,0.11904761904761904,3.436686991869919,2.396329365079365,EXCESO,28.4,20.9578591237984,1.3551002434094417,EXCESO,ALTA,MODERADA,0.08722741433021806,0.0,12.0,0.3582589285714286,estable,24015110
24015220,VILLA CARMEN,BOYACÁ,SAMACÁ,5.509388889,-73.49577778,0.07142857142857142,-0.004629379415263678,0.20527332896582248,estable,0.10475785884066327,1.4666100237692858,0.07975460122699386,0.07352941176470588,1.116564417177914,1.0294117647058825,NORMAL,58.400000000000006,67.63774193548387,0.8634232653080691,NORMAL,MODERADA,NORMAL,0.08823529411764706,0.0,0.0,1.0,estable,24015220
24015300,VILLA DE LEIVA,BOYACÁ,VILLA DE LEIVA,5.64326,-73.51774,0.036211699164345405,-0.007236227927092173,0.002149764314527967,decreciente,0.03194692976092599,0.8822267526286484,0.0,0.0,0.0,0.0,DEFICIT,0.0,57.549615614265804,0.0,DEFICIT,BAJA,ALTA,0.08904109589041095,0.0,153.0,2.5524475524475525,estable,24015300
24015300,VILLA DE LEIVA  - AUT,BOYACÁ,VILLA DE LEIVA,5.655833333,-73.54394444,0.05896805896805897,-0.007236227927092173,0.002149764314527967,decreciente,0.03194692976092599,0.5417666838623698,0.0,0.0,0.0,0.0,DEFICIT,0.0,57.549615614265804,0.0,DEFICIT,BAJA,ALTA,0.08904109589041095,0.0,153.0,2.5524475524475525,estable,24015300
24015340,EL HATO - CAR,CUNDINAMARCA,CARMEN DE CARUPA,5.283,-73.9,0.051593323216995446,,,,,,,,,,sin_datos,,,,sin_datos,BAJA,NORMAL,0.08843537414965986,0.0,2.0,,,24015340
24015380,CARMEN DE CARUPA,CUNDINAMARCA,CARMEN DE CARUPA,5.34819,-73.89817,0.047619047619047616,-0.003158384384937008,0.18455305870017746,estable,0.060519345113338445,1.2709062473801074,0.06302521008403361,0.044585987261146494,1.3235294117647058,0.9363057324840764,NORMAL,0.0,65.68453554288848,0.0,DEFICIT,MODERADA,ALTA,0.10606060606060606,0.0,85.0,0.639225181598063,estable,24015380
24015380,CARMEN DE CARUPA  - AUT,CUNDINAMARCA,CARMEN DE CARUPA,5.347222222,-73.89833333,0.06636155606407322,-0.003158384384937008,0.18455305870017746,estable,0.060519345113338445,0.9119639246389277,0.06302521008403361,0.044585987261146494,0.9497247174731962,0.67186470459038,DEFICIT,0.0,65.68453554288848,0.0,DEFICIT,BAJA,ALTA,0.10606060606060606,0.0,85.0,0.639225181598063,estable,24015380
24015501,BERTHA,BOYACÁ,MONIQUIRÁ,5.88277778,-73.57333056,0.0,,,,,,,,,,sin_datos,,,,sin_datos,BAJA,MODERADA,0.08115942028985507,0.0,5.0,,,24015501
24015501,BERTHA  - AUT,BOYACÁ,MONIQUIRÁ,5.882777778,-73.57333056,0.053475935828877004,,,,,,,,,,sin_datos,,,,sin_datos,BAJA,MODERADA,0.08115942028985507,0.0,5.0,,,24015501
24015502,SUAITA  - AUT,SANTANDER,SUAITA,6.088602778,-73.44859722,0.06040268456375839,,,,,,,,,,sin_datos,,,,sin_datos,BAJA,ALTA,0.10344827586206896,0.0,29.0,,,24015502
24015503,CONFINES,SANTANDER,CONFINES,6.37302778,-73.20760833,0.0,,,,,,,,,,sin_datos,,,,sin_datos,BAJA,MODERADA,0.08527131782945736,0.0,6.0,,,24015503
24015503,CONFINES  - AUT,SANTANDER,CONFINES,6.373027778,-73.20760833,0.053495440729483285,,,,,,,,,,sin_datos,,,,sin_datos,BAJA,MODERADA,0.08527131782945736,0.0,6.0,,,24015503
24015504,RAQUIRA - CAR,BOYACÁ,RÁQUIRA,5.536,-73.641,0.05221518987341772,,,,,,,,,,sin_datos,,,,sin_datos,BAJA,NORMAL,0.09375,0.0,1.0,,,24015504
24015506,CAPELLANIA - CAR,CUNDINAMARCA,FÚQUENE,5.449,-73.769,0.05435651478816946,,,,,,,,,,sin_datos,,,,sin_datos,BAJA,NORMAL,0.09420289855072464,0.0,2.0,,,24015506
24015509,ARCABUCO - ISAGEN - Estacion en Pruebas,BOYACÁ,ARCABUCO,5.762,-73.445,0.02512562814070352,-0.008904345224133066,0.015023958142302389,decreciente,0.15668895758038973,6.236220511699511,0.11224489795918367,0.09565217391304348,4.46734693877551,3.8069565217391306,EXCESO,36.7,15.965584045584047,2.2986944852888693,EXCESO,ALTA,NORMAL,0.0811965811965812,0.0,1.0,0.28641370869033045,estable,24015509
24015509,ARCABUCO-24015509,BOYACÁ,ARCABUCO,5.761611111,-73.44497222,0.1457142857142857,-0.008904345224133066,0.015023958142302389,decreciente,0.15668895758038973,1.0753163755516941,0.11224489795918367,0.09565217391304348,0.7703081232492998,0.6564364876385337,DEFICIT,36.7,15.965584045584047,2.2986944852888693,EXCESO,CRÍTICA,NORMAL,0.0811965811965812,0.0,1.0,0.28641370869033045,estable,24015509
24015510,CONFINES - ISAGEN Estacion en Pruebas,SANTANDER,CONFINES,6.355,-73.239,0.028499580888516344,0.0023701084982394476,0.5691126945197251,estable,0.1424417986251125,4.998031345875271,0.1958762886597938,0.09734513274336283,6.872953305033354,3.415668922436231,EXCESO,85.8,69.24980056980057,1.2389927377988272,EXCESO,ALTA,NORMAL,0.09646302250803858,0.0,0.0,0.6282828282828283,estable,24015510
24015510,CONFINES-,SANTANDER,CONFINES,6.354991667,-73.23896667,0.13714285714285715,0.0023701084982394476,0.5691126945197251,estable,0.1424417986251125,1.0386381149747785,0.1958762886597938,0.09734513274336283,1.4282646048109964,0.7098082595870207,DEFICIT,85.8,69.24980056980057,1.2389927377988272,EXCESO,CRÍTICA,NORMAL,0.09646302250803858,0.0,0.0,0.6282828282828283,estable,24015510
24015511,EL OLIVAL-24015511,SANTANDER,SUAITA,6.1515,-73.34172222,0.06857142857142857,-0.005057899314068256,0.12275395940719007,estable,0.09173650690254138,1.3378240589953951,0.08163265306122448,0.06086956521739131,1.1904761904761902,0.8876811594202898,NORMAL,233.7,261.11225806451614,0.8950173451537343,NORMAL,MODERADA,NORMAL,0.05813953488372093,0.0,0.0,1.0,estable,24015511
24015512,GAMBITA-24015512,SANTANDER,GÁMBITA,5.944802778,-73.34374167,0.04081632653061224,0.01482213438735178,0.2357815559864866,estable,0.048913043478260865,1.1983695652173914,0.07653061224489796,0.13043478260869565,1.8750000000000002,3.1956521739130435,EXCESO,35.0,0.0,,sin_datos,MODERADA,MODERADA,0.11428571428571428,0.0,0.0,1.0,estable,24015512
24015513,GRANJA VELEZ-ISAGEN Estacion en Pruebas,SANTANDER,VÉLEZ,5.997,-73.673,0.058823529411764705,,,,,,,,,,sin_datos,,,,sin_datos,BAJA,MODERADA,0.1,0.0,4.0,,,24015513
24015514,LA LAJA-24015514,SANTANDER,GUADALUPE,6.237166667,-73.41533333,0.06857142857142857,0.001824954600624788,0.6318388373530441,estable,0.09181929661666752,1.339031408993068,0.12244897959183673,0.0782608695652174,1.7857142857142856,1.141304347826087,NORMAL,337.7,251.9737634408602,1.3402188997318376,EXCESO,ALTA,MODERADA,0.09615384615384616,0.2,0.0,1.0,estable,24015514
24015515,OIBA-24015515,SANTANDER,OIBA,6.262666667,-73.31266667,0.06857142857142857,-0.0019254940848888323,0.3074919364089937,estable,0.0689136308538589,1.004990449952109,0.05612244897959184,0.06086956521739131,0.8184523809523809,0.8876811594202898,NORMAL,150.8,248.13548387096776,0.6077325082551156,DEFICIT,BAJA,MODERADA,0.08490566037735849,0.3333333333333333,0.0,1.0,estable,24015515
24015517,CHIMA-24015517,SANTANDER,CHIMA,6.354969444,-73.3683,0.0679886685552408,-0.0033318444515434316,0.2729446143073127,estable,0.0955851623345589,1.4058984293374703,0.10714285714285714,0.09565217391304348,1.575892857142857,1.4068840579710145,EXCESO,115.0,157.19440860215053,0.7315781841264978,DEFICIT,MODERADA,MODERADA,0.09009009009009009,0.2,0.0,1.0,estable,24015517
24015518,SIMIJACA-24015518,CUNDINAMARCA,SIMIJACA,5.511925,-73.86016111,0.06857142857142857,0.002405996934913876,0.6472271214831653,estable,0.09613799379250756,1.4020124094740687,0.1326530612244898,0.06086956521739131,1.9345238095238095,0.8876811594202898,NORMAL,48.3,28.436129032258066,1.6985434249931934,EXCESO,ALTA,NORMAL,0.09523809523809523,0.0,0.0,1.0,estable,24015518
24015519,SUAITA1-24015519,SANTANDER,SUAITA,6.099022222,-73.44255278,0.06267806267806268,0.015864600504535458,0.044707491362083865,creciente,0.19467334079175624,3.1059246644502925,0.413265306122449,0.43478260869565216,6.593460111317254,6.936758893280632,EXCESO,149.8,111.41935483870968,1.3444701795020266,EXCESO,ALTA,NORMAL,0.08139534883720931,0.0,0.0,1.0,estable,24015519
24017330,PTE LA BALSA - CAR,CUNDINAMARCA,LENGUAZAQUE,5.326,-73.764,0.05059159526723786,,,,,,,,,,sin_datos,,,,sin_datos,BAJA,NORMAL,0.09523809523809523,0.0,2.0,,,24017330
24017590,PUENTE NACIONAL,SANTANDER,PUENTE NACIONAL,5.872777778,-73.67777778,0.06060606060606061,-0.0012096290834029736,0.5326824515765846,estable,0.06410190176754475,1.0576813791644883,0.0759493670886076,0.05625,1.2531645569620253,0.928125,NORMAL,233.0,324.2911849773365,0.7184900817340548,DEFICIT,BAJA,MODERADA,0.09090909090909091,0.2727272727272727,0.0,0.888888888888889,estable,24017590
24017590,PUENTE NACIONAL,SANTANDER,PUENTE NACIONAL,5.87277778,-73.67777778,0.13043478260869565,-0.0012096290834029736,0.5326824515765846,estable,0.06410190176754475,0.49144791355117645,0.0759493670886076,0.05625,0.5822784810126582,0.43125,DEFICIT,233.0,324.2911849773365,0.7184900817340548,DEFICIT,ALTA,MODERADA,0.09090909090909091,0.2727272727272727,0.0,0.888888888888889,estable,24017590
24017590,PUENTE NACIONAL - AUT,SANTANDER,PUENTE NACIONAL,5.872777778,-73.67777778,0.048507462686567165,-0.0012096290834029736,0.5326824515765846,estable,0.06410190176754475,1.321485359515538,0.0759493670886076,0.05625,1.5657254138266796,1.1596153846153847,EXCESO,233.0,324.2911849773365,0.7184900817340548,DEFICIT,MODERADA,MODERADA,0.09090909090909091,0.2727272727272727,0.0,0.888888888888889,estable,24017590
24017600,MONIQUIRA,BOYACÁ,MONIQUIRÁ,5.878138889,-73.57025,0.09090909090909091,-0.009106188800433384,0.03199524264390033,decreciente,0.12940099791164092,1.42341097702805,0.11618257261410789,0.05625,1.2780082987551866,0.61875,DEFICIT,245.0,420.94836873042135,0.5820191220574605,DEFICIT,MODERADA,MODERADA,0.08648648648648649,0.25,0.0,0.5960051546391751,estable,24017600
24017600,MONIQUIRA  - AUT,BOYACÁ,MONIQUIRÁ,5.878138889,-73.57025,0.033271719038817,-0.009106188800433384,0.03199524264390033,decreciente,0.12940099791164092,3.8892188816776523,0.11618257261410789,0.05625,3.4919317657906874,1.690625,EXCESO,245.0,420.94836873042135,0.5820191220574605,DEFICIT,MODERADA,MODERADA,0.08648648648648649,0.25,0.0,0.5960051546391751,estable,24017600
24017640,LA CEIBA,SANTANDER,SOCORRO,6.448888889,-73.30694444,0.08361204013377926,-0.00010705293082537619,0.9685170793788216,estable,0.08502247556752562,1.0168688077876065,0.08839779005524862,0.06,1.0572375690607734,0.7176,DEFICIT,191.0,220.75034843205577,0.8652307973991146,NORMAL,BAJA,NORMAL,0.08333333333333333,0.0,0.0,0.5,estable,24017640
24017640,LA CEIBA,SANTANDER,SOCORRO,6.44888889,-73.30694444,0.0,-0.00010705293082537619,0.9685170793788216,estable,0.08502247556752562,,0.08839779005524862,0.06,,,sin_datos,191.0,220.75034843205577,0.8652307973991146,NORMAL,BAJA,NORMAL,0.08333333333333333,0.0,0.0,0.5,estable,24017640
24017640,LA CEIBA - AUT,SANTANDER,SOCORRO,6.448888889,-73.30694444,0.035398230088495575,-0.00010705293082537619,0.9685170793788216,estable,0.08502247556752562,2.401884934782599,0.08839779005524862,0.06,2.4972375690607733,1.695,EXCESO,191.0,220.75034843205577,0.8652307973991146,NORMAL,MODERADA,NORMAL,0.08333333333333333,0.0,0.0,0.5,estable,24017640
24017703,FUQUENE TICHA MARIA - CAR,CUNDINAMARCA,GUACHETÁ,5.198,-73.805,0.05302515295717199,,,,,,,,,,sin_datos,,,,sin_datos,BAJA,MODERADA,0.10377358490566038,0.0,8.0,,,24017703
24017704,HDA EL HATO - CAR,CUNDINAMARCA,CARMEN DE CARUPA,4.308,-74.282,0.05128205128205128,,,,,,,,,,sin_datos,,,,sin_datos,BAJA,MODERADA,0.10067114093959731,0.0,3.0,,,24017704
24017705,LA BALSA CHIQUINQUIRA - CAR,BOYACÁ,CHIQUINQUIRÁ,5.624,-73.792,0.052917232021709636,,,,,,,,,,sin_datos,,,,sin_datos,BAJA,NORMAL,0.0935672514619883,0.0,1.0,,,24017705
24017706,PTE MERCHAN - CAR,BOYACÁ,SABOYÁ,5.696,-73.754,0.051989730423620026,,,,,,,,,,sin_datos,,,,sin_datos,BAJA,MODERADA,0.10365853658536585,0.0,8.0,,,24017706
24017707,SAN BENITO-24017707,SANTANDER,SAN BENITO,6.118138889,-73.49328056,0.0,0.0,,estable,0.0,,0.0,0.0,,,sin_datos,0.0,0.0,,sin_datos,BAJA,MODERADA,0.0,0.0,546.0,,insuficiente,24017707
24017740,PUENTE CHACON,BOYACÁ,VILLA DE LEIVA,5.677888889,-73.54213889,0.07391304347826087,-0.004178238642506932,0.31654698550628135,estable,0.09316689680836979,1.260493309760297,0.0963302752293578,0.06569343065693431,1.303291958985429,0.8887934735938171,NORMAL,41.4,51.078670686923594,0.8105144367157271,DEFICIT,MODERADA,NORMAL,0.09900990099009901,0.0,2.0,1.0246376811594202,estable,24017740
24017740,PUENTE CHACON  - AUT,BOYACÁ,VILLA DE LEIVA,5.677888889,-73.54213889,0.04785894206549118,-0.004178238642506932,0.31654698550628135,estable,0.09316689680836979,1.9466977912064634,0.0963302752293578,0.06569343065693431,2.0127957508450027,1.3726469458317327,EXCESO,41.4,51.078670686923594,0.8105144367157271,DEFICIT,MODERADA,NORMAL,0.09900990099009901,0.0,2.0,1.0246376811594202,estable,24017740
24025030,LA SIERRA,BOYACÁ,PAIPA,5.96708,-73.16202,0.0,-0.0047902494331065765,0.8671292404640324,estable,0.10699168556311414,,0.10655737704918032,0.04878048780487805,,,sin_datos,52.4,66.72332526230832,0.7853325623985425,DEFICIT,BAJA,MODERADA,0.10588235294117647,0.3333333333333333,0.0,1.1805555555555556,estable,24025030
24025030,LA SIERRA - AUT,BOYACÁ,PAIPA,5.966388889,-73.16389139,0.05718475073313783,-0.0047902494331065765,0.8671292404640324,estable,0.10699168556311414,1.8709828090780474,0.10655737704918032,0.04878048780487805,1.8633879781420764,0.8530331457160726,NORMAL,52.4,66.72332526230832,0.7853325623985425,DEFICIT,MODERADA,MODERADA,0.10588235294117647,0.3333333333333333,0.0,1.1805555555555556,estable,24025030
24025050,CHARALA - ISAGEN - Estacion en Pruebas,SANTANDER,CHARALÁ,6.274,-73.151,0.05492589363557106,,,,,,,,,,sin_datos,,,,sin_datos,BAJA,NORMAL,0.09047619047619047,0.0,0.0,,,24025050
24025090,MOGOTES,SANTANDER,MOGOTES,6.47,-72.96888889,0.12355212355212356,-0.0021770072622732625,0.5839548842270441,estable,0.14042774121194587,1.136587030434187,0.15352697095435686,0.14375,1.2426089211618259,1.1634765624999999,EXCESO,397.2,229.94741189754865,1.7273514701568786,EXCESO,CRÍTICA,NORMAL,0.09080325960419092,0.0,0.0,0.471978021978022,estable,24025090
24025090,MOGOTES - AUT,SANTANDER,MOGOTES,6.47,-72.96888889,0.046226617931627606,-0.0021770072622732625,0.5839548842270441,estable,0.14042774121194587,3.037811276170978,0.15352697095435686,0.14375,3.321181125156808,3.1096802325581394,EXCESO,397.2,229.94741189754865,1.7273514701568786,EXCESO,ALTA,NORMAL,0.09080325960419092,0.0,0.0,0.471978021978022,estable,24025090
24025501,ALBERTO SANTOS,SANTANDER,SOCORRO,6.49305278,-73.22111111,0.0,,,,,,,,,,sin_datos,,,,sin_datos,BAJA,NORMAL,0.08614232209737828,0.0,0.0,,,24025501
24025501,ALBERTO SANTOS  - AUT,SANTANDER,SOCORRO,6.493052778,-73.22111111,0.05283757338551859,,,,,,,,,,sin_datos,,,,sin_datos,BAJA,NORMAL,0.08614232209737828,0.0,0.0,,,24025501
24025502,CHARALA-24025502,SANTANDER,CHARALÁ,6.281416667,-73.13586944,0.06857142857142857,0.00110175594527208,0.7238157165322868,estable,0.08952275626593997,1.305540195544958,0.12244897959183673,0.06956521739130435,1.7857142857142856,1.0144927536231885,NORMAL,74.1,107.01204301075268,0.6924454287126763,DEFICIT,MODERADA,MODERADA,0.10309278350515463,0.5,0.0,1.0,estable,24025502
24025503,CURITI NO. 1,SANTANDER,CURITÍ,6.598361111,-73.05297222,0.06303724928366762,0.00310529614294573,0.38268086061746537,estable,0.07466256172594248,1.1844197291979057,0.11224489795918367,0.06086956521739131,1.780612244897959,0.965612648221344,NORMAL,117.8,153.82494623655916,0.7658055658855338,DEFICIT,MODERADA,NORMAL,0.06930693069306931,0.0,0.0,1.0,estable,24025503
24025504,ENCINO - ISAGEN,SANTANDER,ENCINO,6.14,-73.099,0.029184549356223177,-0.002968748641859929,0.4554757908078795,estable,0.14457614920666803,4.9538592301696545,0.1683673469387755,0.11304347826086956,5.769057623049219,3.873401534526854,EXCESO,76.6,45.44982785602504,1.6853749202890664,EXCESO,ALTA,MODERADA,0.10104529616724739,0.5,0.0,0.527816091954023,estable,24025504
24025504,ENCINO-24025504,SANTANDER,ENCINO,6.139936111,-73.09926389,0.13256484149855907,-0.002968748641859929,0.4554757908078795,estable,0.14457614920666803,1.090607038580735,0.1683673469387755,0.11304347826086956,1.270075421472937,0.8527410207939509,NORMAL,76.6,45.44982785602504,1.6853749202890664,EXCESO,CRÍTICA,MODERADA,0.10104529616724739,0.5,0.0,0.527816091954023,estable,24025504
24025505,ESC AGR MOGOTES,SANTANDER,MOGOTES,6.470027778,-72.97002778,0.06857142857142857,-0.004019370743072152,0.4126409435478991,estable,0.10549734923481228,1.5385030096743457,0.12244897959183673,0.017391304347826087,1.7857142857142856,0.2536231884057971,DEFICIT,130.0,204.92817204301076,0.6343686117139391,DEFICIT,MODERADA,NORMAL,0.1,0.0,0.0,1.0,estable,24025505
24025506,SAN GIL - ISAGEN Estacion en Pruebas,SANTANDER,SAN GIL,6.547,-73.128,0.013300083125519535,,,,,,,,,,sin_datos,,,,sin_datos,BAJA,MODERADA,0.14285714285714285,0.0,1.0,,,24025506
24027070,MERIDA,SANTANDER,PÁRAMO,6.44472222,-73.15833333,0.06666666666666667,-0.002074102026249024,0.5502648084452816,estable,0.09515899565118907,1.427384934767836,0.1111111111111111,0.018867924528301886,1.6666666666666665,0.2830188679245283,DEFICIT,259.0,922.3140083346195,0.2808154247463557,DEFICIT,MODERADA,NORMAL,0.09433962264150944,0.06666666666666667,0.0,0.6745454545454544,estable,24027070
24027070,MERIDA,SANTANDER,PÁRAMO,6.444722222,-73.15833333,0.08695652173913043,-0.002074102026249024,0.5502648084452816,estable,0.09515899565118907,1.0943284499886743,0.1111111111111111,0.018867924528301886,1.2777777777777777,0.2169811320754717,DEFICIT,259.0,922.3140083346195,0.2808154247463557,DEFICIT,BAJA,NORMAL,0.09433962264150944,0.06666666666666667,0.0,0.6745454545454544,estable,24027070
24027070,MERIDA - AUT,SANTANDER,PÁRAMO,6.444722222,-73.15833333,0.00881057268722467,-0.002074102026249024,0.5502648084452816,estable,0.09515899565118907,10.80054600640996,0.1111111111111111,0.018867924528301886,12.611111111111109,2.141509433962264,EXCESO,259.0,922.3140083346195,0.2808154247463557,DEFICIT,MODERADA,NORMAL,0.09433962264150944,0.06666666666666667,0.0,0.6745454545454544,estable,24027070
24030140,SIACHOQUE,BOYACÁ,SIACHOQUE,5.5135,-73.243883333,0.05714285714285714,0.007960656904088415,0.46026535914694217,estable,0.06136590306997038,1.0739033037244818,0.04065040650406504,0.11904761904761904,0.7113821138211383,2.0833333333333335,EXCESO,74.0,36.28695652173913,2.039300263599329,EXCESO,ALTA,MODERADA,0.11904761904761904,0.0,0.0,1.0,decreciente,24030140
24030350,DUITAMA,BOYACÁ,DUITAMA,5.83,-73.045,0.2222222222222222,,,,,,,,,,sin_datos,,,,sin_datos,ALTA,MODERADA,0.5,0.0,0.0,,,24030350
24030680,EL PARAMO,SANTANDER,CARCASÍ,6.81078,-72.55605,0.058823529411764705,-0.006308975202984419,0.7859481553606417,estable,0.06908053543998244,1.1743691024797014,0.11627906976744186,0.0,1.9767441860465116,0.0,DEFICIT,,,,sin_datos,MODERADA,NORMAL,0.08783783783783784,0.0,2.0,0.9107692307692308,estable,24030680
24030680,EL PARAMO - AUT,SANTANDER,CARCASÍ,6.653333333,-72.59083333,0.05506883604505632,-0.006308975202984419,0.7859481553606417,estable,0.06908053543998244,1.2544397231033173,0.11627906976744186,0.0,2.111522198731501,0.0,DEFICIT,,,,sin_datos,MODERADA,NORMAL,0.08783783783783784,0.0,2.0,0.9107692307692308,estable,24030680
24030950,MALAGA 2,SANTANDER,MÁLAGA,6.706388889,-72.72972222,0.053208137715179966,0.017205849705849714,0.05597907958381142,estable,0.09430256123804512,1.7723334303267892,0.20930232558139536,0.2,3.9336525307797543,3.758823529411765,EXCESO,,,,sin_datos,MODERADA,NORMAL,0.09411764705882353,0.0,3.0,0.0,estable,24030950
24035250,CHITA,BOYACÁ,CHITA,6.18778,-72.46556,0.12432432432432433,0.009487883334438318,0.09304403282582699,estable,0.17935623563092085,1.442647982248711,0.25416666666666665,0.3710691823899371,2.044384057971014,2.9846869018321023,EXCESO,356.5,26.148832250541396,13.63349600411387,EXCESO,CRÍTICA,NORMAL,0.09876543209876543,0.0,0.0,0.6841216216216217,estable,24035250
24035250,CHITA  - AUT,BOYACÁ,CHITA,6.188333333,-72.46633333,0.007194244604316547,0.009487883334438318,0.09304403282582699,estable,0.17935623563092085,24.930516752697997,0.25416666666666665,0.3710691823899371,35.329166666666666,51.57861635220125,EXCESO,356.5,26.148832250541396,13.63349600411387,EXCESO,ALTA,NORMAL,0.09876543209876543,0.0,0.0,0.6841216216216217,estable,24035250
24035340,AEROPUERTO A LLERAS C,BOYACÁ,SOGAMOSO,5.67694444,-72.96791667,0.08203125,-0.010838685623905919,0.013113733731302632,decreciente,0.06740607337566921,0.8217121325795866,0.004149377593360996,0.00625,0.05058288875716262,0.0761904761904762,DEFICIT,12.2,185.57919556377502,0.06574012762011042,DEFICIT,BAJA,NORMAL,0.07860262008733625,0.0,0.0,0.6608946608946609,estable,24035340
24035340,AEROPUERTO A LLERAS C,BOYACÁ,SOGAMOSO,5.676944444,-72.96791667,0.07028112449799197,-0.010838685623905919,0.013113733731302632,decreciente,0.06740607337566921,0.9590921297452363,0.004149377593360996,0.00625,0.05903971547125074,0.08892857142857144,DEFICIT,12.2,185.57919556377502,0.06574012762011042,DEFICIT,BAJA,NORMAL,0.07860262008733625,0.0,0.0,0.6608946608946609,estable,24035340
24035340,AEROPUERTO A LLERAS C,BOYACÁ,SOGAMOSO,5.677,-72.968,0.029508196721311476,-0.010838685623905919,0.013113733731302632,decreciente,0.06740607337566921,2.2843169310643456,0.004149377593360996,0.00625,0.14061779621945597,0.21180555555555555,DEFICIT,12.2,185.57919556377502,0.06574012762011042,DEFICIT,MODERADA,NORMAL,0.07860262008733625,0.0,0.0,0.6608946608946609,estable,24035340
24035360,SOCHA,BOYACÁ,SOCHA,5.985416667,-72.99702778,0.13866666666666666,0.00020694750361073286,0.9524597807532867,estable,0.1375403582820036,0.991877583764449,0.15168539325842698,0.09278350515463918,1.093885047536733,0.6691118160190326,DEFICIT,14.8,4.520207971154465,3.2741856335915593,EXCESO,CRÍTICA,NORMAL,0.09465648854961832,0.0,2.0,0.485724879495736,estable,24035360
24035360,SOCHA - AUT,BOYACÁ,SOCHA,5.985416667,-72.99702778,0.043723024957778196,0.00020694750361073286,0.9524597807532867,estable,0.1375403582820036,3.1457191814798158,0.15168539325842698,0.09278350515463918,3.4692337367989583,2.1220742445024556,EXCESO,14.8,4.520207971154465,3.2741856335915593,EXCESO,ALTA,NORMAL,0.09465648854961832,0.0,2.0,0.485724879495736,estable,24035360
24035370,EL ESPINO,BOYACÁ,EL ESPINO,6.50675,-72.45275,0.2127659574468085,-0.013526221253493984,0.11777872251203121,estable,0.22062836153745244,1.0369532992260264,0.20920502092050208,0.1962025316455696,0.9832635983263598,0.9221518987341771,NORMAL,224.4,140.93499988923412,1.5922233666325898,EXCESO,CRÍTICA,NORMAL,0.08167539267015707,0.0,0.0,0.749607535321821,estable,24035370
24035370,EL ESPINO - AUT,BOYACÁ,EL ESPINO,6.506722222,-72.45266667,0.048926507018992565,-0.013526221253493984,0.11777872251203121,estable,0.22062836153745244,4.509383051845653,0.20920502092050208,0.1962025316455696,4.2759034655650305,4.010147946376115,EXCESO,224.4,140.93499988923412,1.5922233666325898,EXCESO,ALTA,NORMAL,0.08167539267015707,0.0,0.0,0.749607535321821,estable,24035370
24035390,PARAMO ALMORZADERO,SANTANDER,CERRITO,6.94539,-72.69633,0.17391304347826086,-0.019057747168346243,0.5127621804681258,estable,0.20697996320116135,1.1901347884066777,0.29069767441860467,0.2,1.6715116279069768,1.1500000000000001,EXCESO,,,,sin_datos,CRÍTICA,NORMAL,0.09932279909706546,0.0,2.0,0.40272727272727277,estable,24035390
24035390,PARAMO ALMORZADERO  - AUT,SANTANDER,CERRITO,6.945388889,-72.69633333,0.04856717528842575,-0.019057747168346243,0.5127621804681258,estable,0.20697996320116135,4.261725372578701,0.29069767441860467,0.2,5.985476254121002,4.118007662835249,EXCESO,,,,sin_datos,MODERADA,NORMAL,0.09932279909706546,0.0,2.0,0.40272727272727277,estable,24035390
24035410,SOGAMOSO,BOYACÁ,SOGAMOSO,5.72647,-72.92067,0.08256880733944955,-0.004939013526332769,0.1456611407670517,estable,0.05907073619214093,0.7154122494381512,0.033707865168539325,0.020618556701030927,0.4082397003745318,0.2497136311569301,DEFICIT,7.8999999999999995,35.27288639402411,0.22396806180677087,DEFICIT,BAJA,NORMAL,0.09828393135725429,0.0,2.0,0.342964151952916,estable,24035410
24035410,SOGAMOSO - AUT,BOYACÁ,SOGAMOSO,5.753333333,-72.91115278,0.04866391483814903,-0.004939013526332769,0.1456611407670517,estable,0.05907073619214093,1.213850887019753,0.033707865168539325,0.020618556701030927,0.692666532905297,0.42369293078055964,DEFICIT,7.8999999999999995,35.27288639402411,0.22396806180677087,DEFICIT,MODERADA,NORMAL,0.09828393135725429,0.0,2.0,0.342964151952916,estable,24035410
24035430,TUNGUAVITA,BOYACÁ,PAIPA,5.74583,-73.11636,0.09009009009009009,-0.0046468996700362595,0.12831007463152194,estable,0.08511142382110123,0.9447368044142237,0.08713692946058091,0.0375,0.9672199170124481,0.41625,DEFICIT,71.6,96.46737091788872,0.7422198751632262,DEFICIT,BAJA,MODERADA,0.10181818181818182,0.1,0.0,0.5456349206349206,estable,24035430
24035430,TUNGUAVITA - AUT,BOYACÁ,PAIPA,5.745916667,-73.11636111,0.04747550866616428,-0.0046468996700362595,0.12831007463152194,estable,0.08511142382110123,1.7927438001682752,0.08713692946058091,0.0375,1.8354080221300135,0.7898809523809524,DEFICIT,71.6,96.46737091788872,0.7422198751632262,DEFICIT,MODERADA,MODERADA,0.10181818181818182,0.1,0.0,0.5456349206349206,estable,24035430
24035501,ARATOCA  - AUT,SANTANDER,ARATOCA,6.70155,-73.06749167,0.034653465346534656,,,,,,,,,,sin_datos,,,,sin_datos,BAJA,ALTA,0.15384615384615385,0.0,16.0,,,24035501
24035502,CAPITANEJO 1 COLTABACO,BOYACÁ,COVARACHÍA,6.517833333,-72.69319444,0.06837606837606838,-0.0003730614285600723,0.912913135764981,estable,0.08622022196997382,1.260970746310867,0.11224489795918367,0.034782608695652174,1.641581632653061,0.508695652173913,DEFICIT,22.5,40.62709677419355,0.5538175697135235,DEFICIT,MODERADA,MODERADA,0.1,0.3333333333333333,1.0,1.0,estable,24035502
24035503,CORRALES ACUEDUCTO,BOYACÁ,CORRALES,5.818416667,-72.84411111,0.06628242074927954,-0.0017736967441513993,0.45844356500915684,estable,0.0725314174593567,1.094278341669425,0.07216494845360824,0.05217391304347826,1.088749439713133,0.7871455576559546,DEFICIT,68.1,44.402580645161294,1.533694641404161,EXCESO,ALTA,MODERADA,0.10416666666666667,0.25,1.0,1.0,estable,24035503
24035505,JERICÓ-24035505,BOYACÁ,JERICÓ,6.140444444,-72.59033333,0.06857142857142857,0.0009563859398483345,0.8122747208852531,estable,0.09544424309875685,1.3918952118568706,0.1377551020408163,0.034782608695652174,2.008928571428571,0.5072463768115942,DEFICIT,55.2,40.251612903225805,1.371373617566918,EXCESO,ALTA,MODERADA,0.10344827586206896,0.2,1.0,1.0,estable,24035505
24035506,LA REFORMA-24035506,BOYACÁ,SOTAQUIRÁ,5.748722222,-73.18980556,0.05405405405405406,-0.005262300423590747,0.1355905926568285,estable,0.014784946236559137,0.273521505376344,0.0,0.0,0.0,0.0,DEFICIT,267.4,0.0,,sin_datos,BAJA,NORMAL,0.1,0.0,0.0,1.0,estable,24035506
24035507,SOCHA,BOYACÁ,SOCHA,5.982444444,-72.71044444,0.10955056179775281,0.0003328426444123566,0.889264659138248,estable,0.1002001673317958,0.9146476812851104,0.1076923076923077,0.07017543859649122,0.9830374753451677,0.6405757984705353,DEFICIT,49.1,15.93989898989899,3.080320648902126,EXCESO,CRÍTICA,MODERADA,0.10119047619047619,0.0,5.0,0.41609907120743034,decreciente,24035507
24035507,SOCHA  - AUT,BOYACÁ,SOCHA,5.982444444,-72.71044444,0.026352288488210817,0.0003328426444123566,0.889264659138248,estable,0.1002001673317958,3.802332665590778,0.1076923076923077,0.07017543859649122,4.086639676113361,2.662973222530009,EXCESO,49.1,15.93989898989899,3.080320648902126,EXCESO,ALTA,MODERADA,0.10119047619047619,0.0,5.0,0.41609907120743034,decreciente,24035507
24035508,SAN ANTONIO-24035508,BOYACÁ,TUTA,5.698361111,-73.23536111,0.06857142857142857,-0.005038766094264738,0.011515593554886268,decreciente,0.05210583547463495,0.7598767673384264,0.00510204081632653,0.008695652173913044,0.07440476190476189,0.12681159420289856,DEFICIT,24.9,46.965161290322584,0.5301802296829495,DEFICIT,BAJA,NORMAL,0.09090909090909091,0.0,0.0,1.0,estable,24035508
24035509,SUSA-24035509,SANTANDER,ONZAGA,6.188611111,-72.83497222,0.06857142857142857,0.0015933680054018295,0.6815428793214393,estable,0.09602373415443839,1.4003461230855598,0.13989637305699482,0.05357142857142857,2.0401554404145075,0.7812499999999999,DEFICIT,52.8,30.200860215053766,1.7482945725394132,EXCESO,ALTA,NORMAL,0.09090909090909091,0.0,0.0,1.0,estable,24035509
24035510,TASCO-24035510,BOYACÁ,TASCO,5.909277778,-72.78380556,0.06779661016949153,-0.001774026605315538,0.45842086123262815,estable,0.0699853222919036,1.0322835038055782,0.07142857142857142,0.05217391304347826,1.0535714285714286,0.7695652173913043,DEFICIT,59.49999999999999,35.44860215053763,1.6784864956684218,EXCESO,ALTA,MODERADA,0.10227272727272728,0.0,1.0,1.0,estable,24035510
24037030,EL PALO,BOYACÁ,TUTA,5.681722222,-73.23113889,0.06575342465753424,-0.006050561902474656,0.044766137546894735,decreciente,0.05954084710109924,0.9055170496625511,0.02074688796680498,0.0,0.31552558782849244,0.0,DEFICIT,30.400000000000002,121.33123226327163,0.25055378926702315,DEFICIT,BAJA,MODERADA,0.09876543209876543,0.14285714285714285,0.0,0.8539156626506024,estable,24037030
24037030,EL PALO - AUT,BOYACÁ,TUTA,5.681722222,-73.23113889,0.04183266932270916,-0.006050561902474656,0.044766137546894735,decreciente,0.05954084710109924,1.4233097735596105,0.02074688796680498,0.0,0.49594941711124285,0.0,DEFICIT,30.400000000000002,121.33123226327163,0.25055378926702315,DEFICIT,MODERADA,MODERADA,0.09876543209876543,0.14285714285714285,0.0,0.8539156626506024,estable,24037030
24037080,LA GRUTA,BOYACÁ,PESCA,5.566972222,-73.04672222,0.03535353535353535,-0.003198506562561862,0.4819390239133452,estable,0.04052357013186506,1.1462381265870403,0.06504065040650407,0.0,1.839721254355401,0.0,DEFICIT,0.6000000000000001,37.99636363636363,0.015790984783232848,DEFICIT,MODERADA,ALTA,0.09803921568627451,0.0,37.0,2.23125,estable,24037080
24037080,LA GRUTA  - AUT,BOYACÁ,PESCA,5.566972222,-73.04672222,0.05776892430278884,-0.003198506562561862,0.4819390239133452,estable,0.04052357013186506,0.7014769726274573,0.06504065040650407,0.0,1.1258760863470705,0.0,DEFICIT,0.6000000000000001,37.99636363636363,0.015790984783232848,DEFICIT,BAJA,ALTA,0.09803921568627451,0.0,37.0,2.23125,estable,24037080
24037190,SAN RAFAEL,BOYACÁ,TIBASOSA,5.807611111,-73.01380556,0.11731843575418995,-0.004443001715581796,0.16143706869356775,estable,0.10822972342677077,0.9225295473043794,0.06224066390041494,0.075,0.5305275637225845,0.6392857142857142,DEFICIT,94.19999999999999,87.87571334906897,1.0719685384038822,NORMAL,ALTA,NORMAL,0.09090909090909091,0.0,0.0,0.34375,estable,24037190
24037190,SAN RAFAEL  - AUT,BOYACÁ,TIBASOSA,5.807611111,-73.01380556,0.020061728395061727,-0.004443001715581796,0.16143706869356775,estable,0.10822972342677077,5.394835444657497,0.06224066390041494,0.075,3.102457708266837,3.7384615384615385,EXCESO,94.19999999999999,87.87571334906897,1.0719685384038822,NORMAL,MODERADA,NORMAL,0.09090909090909091,0.0,0.0,0.34375,estable,24037190
24037290,PUENTE CHAMEZA,BOYACÁ,SOGAMOSO,5.759888889,-72.90652778,0.07017543859649122,-0.0006878144843127583,0.7442692404511676,estable,0.07107532225255622,1.0128233420989263,0.07883817427385892,0.0625,1.1234439834024896,0.890625,NORMAL,86.0,91.95457384465179,0.9352443973617728,NORMAL,BAJA,SEVERA,0.09691629955947137,0.2222222222222222,12.0,0.8398520084566596,estable,24037290
24037290,PUENTE CHAMEZA  - AUT,BOYACÁ,SOGAMOSO,5.759888889,-72.90652778,0.04738760631834751,-0.0006878144843127583,0.7442692404511676,estable,0.07107532225255622,1.4998715439449686,0.07883817427385892,0.0625,1.663687626343228,1.3189102564102564,EXCESO,86.0,91.95457384465179,0.9352443973617728,NORMAL,MODERADA,SEVERA,0.09691629955947137,0.2222222222222222,12.0,0.8398520084566596,estable,24037290
24037490,PUENTE TOTUMO  - AUT,BOYACÁ,BOAVITA,6.437972222,-72.63830556,0.054858934169279,-0.008258408258408262,0.798885189165978,estable,0.12198912198912198,2.2236874236874233,0.09523809523809523,0.08571428571428572,1.7360544217687073,1.5624489795918366,EXCESO,63.400000000000006,84.02060606060607,0.7545767993421527,DEFICIT,MODERADA,ALTA,0.10619469026548672,0.0,0.0,1.5694444444444444,estable,24037490
24050070,PUTANA LA,SANTANDER,SAN VICENTE DE CHUCURÍ,7.127166667,-73.52055556,0.10091743119266056,-0.009430162104968859,0.04473291964232745,decreciente,0.13676107890229866,1.3551779636682322,0.10555555555555556,0.07,1.045959595959596,0.6936363636363637,DEFICIT,0.0,62.279999999999994,0.0,DEFICIT,CRÍTICA,ALTA,0.08,0.0,29.0,1.0,creciente,24050070
24055070,SAN  VICENTE DE CHUCURI  - AUT,SANTANDER,SAN VICENTE DE CHUCURÍ,6.823388889,-73.47205556,0.04541955350269438,-0.020696308342794633,0.025137223524504218,decreciente,0.15019877114913266,3.3069187071648023,0.1078838174273859,0.03125,2.37527252268092,0.6880296610169492,DEFICIT,134.6,152.40840360122968,0.8831534011219969,NORMAL,MODERADA,SEVERA,0.09722222222222222,0.2,45.0,1.094224924012158,estable,24055070
24055070,SAN VICENTE DE CHUCURI,SANTANDER,SAN VICENTE DE CHUCURÍ,6.82339,-73.47206,0.11851851851851852,-0.020696308342794633,0.025137223524504218,decreciente,0.15019877114913266,1.2673021315708068,0.1078838174273859,0.03125,0.9102697095435685,0.263671875,DEFICIT,134.6,152.40840360122968,0.8831534011219969,NORMAL,CRÍTICA,SEVERA,0.09722222222222222,0.2,45.0,1.094224924012158,estable,24055070
24055080,VIZCAINA LA LIZAMA,SANTANDER,BARRANCABERMEJA,6.98297,-73.70489,0.009615384615384616,0.01080390742155448,0.01202683056626241,creciente,0.047507816257816256,4.94081289081289,0.0958904109589041,0.15,9.972602739726026,15.599999999999998,EXCESO,,,,sin_datos,MODERADA,LEVE,0.07272727272727272,0.0,3.0,2.1710526315789473,decreciente,24055080
24055080,VIZCAINA LA LIZAMA  - AUT,SANTANDER,BARRANCABERMEJA,6.982972222,-73.70488889,0.05870841487279843,0.01080390742155448,0.01202683056626241,creciente,0.047507816257816256,0.8092164702581369,0.0958904109589041,0.15,1.6333333333333333,2.555,EXCESO,,,,sin_datos,MODERADA,LEVE,0.07272727272727272,0.0,3.0,2.1710526315789473,decreciente,24055080
24055501,CHUCURI,SANTANDER,SAN VICENTE DE CHUCURÍ,6.86356667,-73.38411667,0.0,,,,,,,,,,sin_datos,,,,sin_datos,BAJA,NORMAL,0.0875,0.0,0.0,,,24055501
24055501,CHUCURI  - AUT,SANTANDER,SAN VICENTE DE CHUCURÍ,6.863566667,-73.38411667,0.055872291904218926,,,,,,,,,,sin_datos,,,,sin_datos,BAJA,NORMAL,0.0875,0.0,0.0,,,24055501
24055503,LA FUENTE,SANTANDER,PALMAR,6.5497,-73.291925,0.06818181818181818,-0.00218549512753388,0.25712505130289093,estable,0.06893351794856321,1.0110249299122605,0.0663265306122449,0.034782608695652174,0.9727891156462586,0.510144927536232,DEFICIT,72.3,110.7341935483871,0.6529148556846386,DEFICIT,BAJA,MODERADA,0.10679611650485436,0.0,0.0,1.0,estable,24055503
24055504,ZAPATOCA-24055504,SANTANDER,ZAPATOCA,6.792763889,-73.27675,0.06267806267806268,0.0008755851908448216,0.7958851982451319,estable,0.10187566227979201,1.6253798845548635,0.15463917525773196,0.11304347826086956,2.4671977507029053,1.8035573122529642,EXCESO,92.4,61.516559139784945,1.5020345951085818,EXCESO,ALTA,MODERADA,0.10869565217391304,0.5,0.0,1.0,estable,24055504
24057070,PUENTE FERROCARRIL CIENEGA,SANTANDER,BARRANCABERMEJA,7.109444444,-73.85472222,0.02005730659025788,0.00926654990825158,0.011963350320847402,creciente,0.05927270518838277,2.955167730106512,0.125,0.18705035971223022,6.232142857142857,9.32579650565262,EXCESO,4.800000000000001,19.248387096774195,0.24937154348919058,DEFICIT,MODERADA,NORMAL,0.09090909090909091,0.0,60.0,1.0,estable,24057070
24065010,HACIENDA LAS BRISAS,SANTANDER,PUERTO WILCHES,7.246111111,-73.79,0.0659025787965616,-0.0033282003123519953,0.002828955336214188,decreciente,0.037934583544177065,0.5756160720399043,0.008298755186721992,0.0,0.12592458957243371,0.0,DEFICIT,0.0,711.9681720430107,0.0,DEFICIT,BAJA,ALTA,0.10666666666666667,0.0,257.0,1.0,estable,24065010
25010010,PUERTO LIBERTADOR,CORDOBA,PUERTO LIBERTADOR,7.89,-75.68,0.06296296296296296,-0.0055468229534998,0.09088077044601331,estable,0.07021566730966064,1.1151900102122574,0.07462686567164178,0.08333333333333333,1.1852502194907815,1.3235294117647058,EXCESO,0.1,239.9369772037871,0.00041677610998269103,DEFICIT,MODERADA,ALTA,0.08620689655172414,0.0,42.0,1.9333333333333331,estable,25010010
25010010,PUERTO LIBERTADOR,CORDOBA,PUERTO LIBERTADOR,7.890277778,-75.68,0.04285714285714286,-0.0055468229534998,0.09088077044601331,estable,0.07021566730966064,1.6383655705587483,0.07462686567164178,0.08333333333333333,1.7412935323383083,1.9444444444444444,EXCESO,0.1,239.9369772037871,0.00041677610998269103,DEFICIT,MODERADA,ALTA,0.08620689655172414,0.0,42.0,1.9333333333333331,estable,25010010
25010060,URÉ,CORDOBA,SAN JOSE DE URE,7.871138889,-75.509110833,0.14285714285714285,0.0,1.0,insuficiente,0.196969696969697,1.378787878787879,,,,,sin_datos,,,,sin_datos,CRÍTICA,MODERADA,0.25,0.0,1.0,1.0,insuficiente,25010060
25015020,CERROMATOSO,CÓRDOBA,MONTELÍBANO,7.931,-75.554,0.07575757575757576,,,,,,,,,,sin_datos,,,,sin_datos,BAJA,MODERADA,0.13333333333333333,0.0,1.0,,,25015020
25017010,MONTELIBANO,CORDOBA,MONTELÍBANO,7.987972222,-75.41733333,0.14634146341463414,0.0034010034420431955,0.6292161542135287,estable,0.21427832003486239,1.464235186904893,0.29045643153526973,0.25625,1.98478561549101,1.7510416666666666,EXCESO,87.5,57.616528222241236,1.5186614448980822,EXCESO,CRÍTICA,SEVERA,0.09900990099009901,0.14285714285714285,45.0,0.39350649350649347,estable,25017010
25017010,MONTELIBANO,CORDOBA,MONTELÍBANO,7.98817,-75.417483,0.17592592592592593,0.0034010034420431955,0.6292161542135287,estable,0.21427832003486239,1.2180030823034282,0.29045643153526973,0.25625,1.6510155055689015,1.456578947368421,EXCESO,87.5,57.616528222241236,1.5186614448980822,EXCESO,CRÍTICA,SEVERA,0.09900990099009901,0.14285714285714285,45.0,0.39350649350649347,estable,25017010
25017010,MONTELIBANO - AUT,CORDOBA,MONTELÍBANO,7.987972222,-75.41733333,0.018593371059013743,0.0034010034420431955,0.6292161542135287,estable,0.21427832003486239,11.52444703839673,0.29045643153526973,0.25625,15.621504600396898,13.781793478260868,EXCESO,87.5,57.616528222241236,1.5186614448980822,EXCESO,ALTA,SEVERA,0.09900990099009901,0.14285714285714285,45.0,0.39350649350649347,estable,25017010
25017020,SAN PEDRO,CORDOBA,PUERTO LIBERTADOR,7.851131,-75.706359,0.1590909090909091,0.005486708178783194,0.5627586048330385,estable,0.19955676626538987,1.2543568165253078,0.28191489361702127,0.33125,1.7720364741641337,2.0821428571428573,EXCESO,523.2,133.74808067664281,3.9118318360389708,EXCESO,CRÍTICA,NORMAL,0.1,0.0,0.0,0.39999999999999997,estable,25017020
25017020,SAN PEDRO,CORDOBA,PUERTO LIBERTADOR,7.853888889,-75.70972222,0.16071428571428573,0.005486708178783194,0.5627586048330385,estable,0.19955676626538987,1.2416865456513146,0.28191489361702127,0.33125,1.7541371158392434,2.061111111111111,EXCESO,523.2,133.74808067664281,3.9118318360389708,EXCESO,CRÍTICA,NORMAL,0.1,0.0,0.0,0.39999999999999997,estable,25017020
25017020,SAN PEDRO - AUT,CORDOBA,PUERTO LIBERTADOR,7.853888889,-75.70972222,0.021551724137931036,0.005486708178783194,0.5627586048330385,estable,0.19955676626538987,9.259433954714089,0.28191489361702127,0.33125,13.080851063829787,15.37,EXCESO,523.2,133.74808067664281,3.9118318360389708,EXCESO,ALTA,NORMAL,0.1,0.0,0.0,0.39999999999999997,estable,25017020
25017030,PICA PICA,CORDOBA,MONTELÍBANO,8.03,-75.68,0.0,0.000437675070028011,0.9029797981436567,estable,0.024229691876750697,,0.04979253112033195,0.0,,,sin_datos,7.5,390.6813378790658,0.019197231279886734,DEFICIT,BAJA,ALTA,0.1005586592178771,0.3333333333333333,60.0,2.273015873015873,estable,25017030
25017030,PICA PICA  - AUT,CORDOBA,MONTELÍBANO,8.030277778,-75.68027778,0.06500691562932227,0.000437675070028011,0.9029797981436567,estable,0.024229691876750697,0.37272483461469685,0.04979253112033195,0.0,0.7659574468085105,0.0,DEFICIT,7.5,390.6813378790658,0.019197231279886734,DEFICIT,BAJA,ALTA,0.1005586592178771,0.3333333333333333,60.0,2.273015873015873,estable,25017030
25020140,SAHAGUN,CORDOBA,SAHAGÚN,8.942184,-75.450724,0.037037037037037035,-0.004312746052377389,0.047105836328898955,decreciente,0.039551599336545576,1.0678931820867306,0.02247191011235955,0.041237113402061855,0.6067415730337079,1.1134020618556701,NORMAL,0.4,1.8778494623655915,0.21300961978928082,DEFICIT,BAJA,MODERADA,0.10526315789473684,0.0,17.0,1.0,estable,25020140
25020140,SAHAGUN,CORDOBA,SAHAGÚN,8.949997222,-75.45,0.07692307692307693,-0.004312746052377389,0.047105836328898955,decreciente,0.039551599336545576,0.5141707913750925,0.02247191011235955,0.041237113402061855,0.29213483146067415,0.5360824742268041,DEFICIT,0.4,1.8778494623655915,0.21300961978928082,DEFICIT,BAJA,MODERADA,0.10526315789473684,0.0,17.0,1.0,estable,25020140
25020430,TREMENTINO,CORDOBA,MONTERÍA,8.716666667,-75.76666667,0.04184100418410042,-0.004958520854106592,0.03695351234079537,decreciente,0.037477598566308244,0.895714605734767,0.0,0.0,0.0,0.0,DEFICIT,,,,sin_datos,BAJA,ALTA,0.0984251968503937,0.0,16.0,0.913258426966292,estable,25020430
25020430,TREMENTINO,CÓRDOBA,MONTERÍA,8.71666667,-75.76666667,0.032432432432432434,-0.004958520854106592,0.03695351234079537,decreciente,0.037477598566308244,1.1555592891278375,0.0,0.0,0.0,0.0,DEFICIT,,,,sin_datos,MODERADA,ALTA,0.0984251968503937,0.0,16.0,0.913258426966292,estable,25020430
25020430,TREMENTINO - LA MOJANA TX GPRS/GOES,CÓRDOBA,MONTERÍA,8.717,-75.767,0.06355382619974059,-0.004958520854106592,0.03695351234079537,decreciente,0.037477598566308244,0.5896985407066052,0.0,0.0,0.0,0.0,DEFICIT,,,,sin_datos,BAJA,ALTA,0.0984251968503937,0.0,16.0,0.913258426966292,estable,25020430
25020440,SAN PEDRO,SUCRE,SAN PEDRO,9.4,-75.02,0.057283142389525366,0.0023268201211736456,0.22663320528242908,estable,0.08831363700058385,1.5417037773530495,0.1037344398340249,0.125,1.8109069353882634,2.1821428571428574,EXCESO,234.6,84.43308371221467,2.778531704463391,EXCESO,ALTA,NORMAL,0.09565217391304348,0.0,1.0,0.7392102846648301,estable,25020440
25020440,SAN PEDRO,SUCRE,SAN PEDRO,9.401597,-75.016434,0.05970149253731343,0.0023268201211736456,0.22663320528242908,estable,0.08831363700058385,1.4792534197597795,0.1037344398340249,0.125,1.737551867219917,2.09375,EXCESO,234.6,84.43308371221467,2.778531704463391,EXCESO,ALTA,NORMAL,0.09565217391304348,0.0,1.0,0.7392102846648301,estable,25020440
25020440,SAN PEDRO - LA MOJANA TX GPRS/GOES,SUCRE,SAN PEDRO,9.402,-75.016,0.04857142857142857,0.0023268201211736456,0.22663320528242908,estable,0.08831363700058385,1.8182219382473146,0.1037344398340249,0.125,2.135709055406395,2.573529411764706,EXCESO,234.6,84.43308371221467,2.778531704463391,EXCESO,ALTA,NORMAL,0.09565217391304348,0.0,1.0,0.7392102846648301,estable,25020440
25020470,CHINU,CORDOBA,CHINÚ,9.117777778,-75.39333333,0.13774104683195593,-0.0053808359595691494,0.23951705920906324,estable,0.13098476605924494,0.9509494015901183,0.08673469387755102,0.06956521739130435,0.6296938775510204,0.5050434782608696,DEFICIT,105.8,51.76522516698987,2.0438431332752613,EXCESO,CRÍTICA,NORMAL,0.09545454545454546,0.0,4.0,0.6547619047619048,estable,25020470
25020470,CHINU,CÓRDOBA,CHINÚ,9.11777778,-75.39333333,0.06324110671936758,-0.0053808359595691494,0.23951705920906324,estable,0.13098476605924494,2.0711966133118107,0.08673469387755102,0.06956521739130435,1.3714923469387756,1.1,NORMAL,105.8,51.76522516698987,2.0438431332752613,EXCESO,ALTA,NORMAL,0.09545454545454546,0.0,4.0,0.6547619047619048,estable,25020470
25020470,CHINU - LA MOJANA TX GPRS/GOES,CÓRDOBA,CHINÚ,9.118,-75.393,0.0256797583081571,-0.0053808359595691494,0.23951705920906324,estable,0.13098476605924494,5.100700890071773,0.08673469387755102,0.06956521739130435,3.377551020408163,2.708951406649616,EXCESO,105.8,51.76522516698987,2.0438431332752613,EXCESO,ALTA,NORMAL,0.09545454545454546,0.0,4.0,0.6547619047619048,estable,25020470
25020520,BUENAVISTA - LA MOJANA TX GPRS/GOES,CÓRDOBA,BUENAVISTA,8.222,-75.468,0.06637168141592921,,,,,,,,,,sin_datos,,,,sin_datos,BAJA,MODERADA,0.10714285714285714,0.0,0.0,,,25020520
25020600,HDA SAJONIA - LA MOJANA TX GPRS/GOES,CÓRDOBA,PUEBLO NUEVO,8.49,-75.601,0.023828435266084195,-0.001019263128848764,0.6812548707457703,estable,0.11976320547483554,5.026062523093931,0.12903225806451613,0.10294117647058823,5.41505376344086,4.320098039215686,EXCESO,290.5,240.61213914460092,1.2073372566851996,EXCESO,ALTA,MODERADA,0.1023391812865497,0.0,1.0,0.5428571428571428,estable,25020600
25020600,SAJONIA HACIENDA,CORDOBA,PUEBLO NUEVO,8.489722222,-75.60138889,0.10272536687631027,-0.001019263128848764,0.6812548707457703,estable,0.11976320547483554,1.1658581430917665,0.12903225806451613,0.10294117647058823,1.2560895325872283,1.0021008403361344,NORMAL,290.5,240.61213914460092,1.2073372566851996,EXCESO,CRÍTICA,MODERADA,0.1023391812865497,0.0,1.0,0.5428571428571428,estable,25020600
25020600,SAJONIA HACIENDA,CÓRDOBA,PUEBLO NUEVO,8.48972222,-75.60138889,0.09765625,-0.001019263128848764,0.6812548707457703,estable,0.11976320547483554,1.226375224062316,0.12903225806451613,0.10294117647058823,1.3212903225806452,1.0541176470588234,NORMAL,290.5,240.61213914460092,1.2073372566851996,EXCESO,ALTA,MODERADA,0.1023391812865497,0.0,1.0,0.5428571428571428,estable,25020600
25021480,LA ESPERANZA RADIO,ANTIOQUIA,NECHÍ,8.03,-74.79,0.07818930041152264,-0.0028226594709068226,0.26659821812082174,estable,0.07169073876267362,0.9168868168068257,0.03296703296703297,0.018691588785046728,0.421631000578369,0.23905558288243972,DEFICIT,77.3,257.36313725490197,0.3003538145536329,DEFICIT,BAJA,SEVERA,0.09375,0.3333333333333333,7.0,1.0,estable,25021480
25025000,EL DIFICIL - AUT,MAGDALENA,ARIGUANÍ (EL DIFICIL),9.911972222,-74.08580556,0.055842812823164424,,,,,,,,,,sin_datos,,,,sin_datos,BAJA,ALTA,0.1111111111111111,0.0,152.0,,,25025000
25025002,LOS ALAMOS,MAGDALENA,SAN SEBASTIÁN DE BUENAVISTA,9.304,-74.274,0.030710172744721688,-0.0017009042321508808,0.3473197617539757,estable,0.06452517034538437,2.1011008593715785,0.06790123456790123,0.024691358024691357,2.211033950617284,0.8040123456790124,DEFICIT,81.6,223.12403289878029,0.3657158708538477,DEFICIT,MODERADA,NORMAL,0.08173076923076923,0.0,3.0,0.7197231833910035,estable,25025002
25025002,LOS ALAMOS,MAGDALENA,SAN SEBASTIÁN DE BUENAVISTA,9.304055556,-74.27363889,0.08559498956158663,-0.0017009042321508808,0.3473197617539757,estable,0.06452517034538437,0.7538428437911979,0.06790123456790123,0.024691358024691357,0.793285155073773,0.2884673291177356,DEFICIT,81.6,223.12403289878029,0.3657158708538477,DEFICIT,BAJA,NORMAL,0.08173076923076923,0.0,3.0,0.7197231833910035,estable,25025002
25025002,LOS ALAMOS,MAGDALENA,SAN SEBASTIÁN DE BUENAVISTA,9.30405556,-74.27363889,0.044,-0.0017009042321508808,0.3473197617539757,estable,0.06452517034538437,1.4664811442132812,0.06790123456790123,0.024691358024691357,1.5432098765432098,0.5611672278338945,DEFICIT,81.6,223.12403289878029,0.3657158708538477,DEFICIT,MODERADA,NORMAL,0.08173076923076923,0.0,3.0,0.7197231833910035,estable,25025002
25025030,AYAPEL,CORDOBA,AYAPEL,8.295063889,-75.16455556,0.04602510460251046,-0.0002189018039888435,0.8772518866432695,estable,0.030763207504272458,0.6684005994110106,0.028089887640449437,0.010309278350515464,0.6103166496424923,0.2239925023430178,DEFICIT,13.8,111.23717164179105,0.12405924922686037,DEFICIT,BAJA,NORMAL,0.0875,0.0,0.0,0.9142857142857144,estable,25025030
25025030,AYAPEL,CÓRDOBA,AYAPEL,8.295,-75.165,0.05,-0.0002189018039888435,0.8772518866432695,estable,0.030763207504272458,0.6152641500854491,0.028089887640449437,0.010309278350515464,0.5617977528089887,0.20618556701030927,DEFICIT,13.8,111.23717164179105,0.12405924922686037,DEFICIT,BAJA,NORMAL,0.0875,0.0,0.0,0.9142857142857144,estable,25025030
25025030,AYAPEL,CÓRDOBA,AYAPEL,8.29506389,-75.16455556,0.3,-0.0002189018039888435,0.8772518866432695,estable,0.030763207504272458,0.10254402501424154,0.028089887640449437,0.010309278350515464,0.09363295880149813,0.03436426116838488,DEFICIT,13.8,111.23717164179105,0.12405924922686037,DEFICIT,ALTA,NORMAL,0.0875,0.0,0.0,0.9142857142857144,estable,25025030
25025100,AEROPUERTO BARACOA,BOLIVAR,MAGANGUÉ,9.281944444,-74.84527778,0.06712962962962964,-0.0035338081720766956,0.07632850773728264,estable,0.056723971865997626,0.8449915809003783,0.024896265560165973,0.025,0.3708685076548862,0.37241379310344824,DEFICIT,277.5,788.8411479401572,0.3517818520555315,DEFICIT,BAJA,NORMAL,0.07650273224043716,0.0,1.0,0.9838709677419355,estable,25025100
25025100,AEROPUERTO BARACOA,BOLIVAR,MAGANGUÉ,9.282,-74.845,0.05263157894736842,-0.0035338081720766956,0.07632850773728264,estable,0.056723971865997626,1.077755465453955,0.024896265560165973,0.025,0.4730290456431535,0.47500000000000003,DEFICIT,277.5,788.8411479401572,0.3517818520555315,DEFICIT,BAJA,NORMAL,0.07650273224043716,0.0,1.0,0.9838709677419355,estable,25025100
25025100,AEROPUERTO BARACOA,BOLÍVAR,MAGANGUÉ,9.28194444,-74.84527778,0.0392156862745098,-0.0035338081720766956,0.07632850773728264,estable,0.056723971865997626,1.4464612825829395,0.024896265560165973,0.025,0.6348547717842323,0.6375000000000001,DEFICIT,277.5,788.8411479401572,0.3517818520555315,DEFICIT,MODERADA,NORMAL,0.07650273224043716,0.0,1.0,0.9838709677419355,estable,25025100
25025190,PLANETA RICA,CORDOBA,PLANETA RICA,8.399333333,-75.58372222,0.11692307692307692,-0.006233826721934699,0.21796983892387606,estable,0.17786607127126206,1.5212229779778992,0.1991701244813278,0.11875,1.7034286962218823,1.015625,NORMAL,287.2,246.06113066145326,1.1671896297800413,EXCESO,CRÍTICA,MODERADA,0.10256410256410256,0.0,1.0,0.6757425742574258,estable,25025190
25025190,PLANETA RICA  - AUT,CORDOBA,PLANETA RICA,8.399333333,-75.58372222,0.013108614232209739,-0.006233826721934699,0.21796983892387606,estable,0.17786607127126206,13.568640294121991,0.1991701244813278,0.11875,15.193835210432718,9.05892857142857,EXCESO,287.2,246.06113066145326,1.1671896297800413,EXCESO,ALTA,MODERADA,0.10256410256410256,0.0,1.0,0.6757425742574258,estable,25025190
25025240,MAJAGUAL,BOLIVAR,ACHÍ,8.544,-74.543,0.06918238993710692,0.0016821460446986396,0.5634392003105412,estable,0.050380242517339295,0.7282235054779044,0.07468879668049792,0.0125,1.0795926065635608,0.1806818181818182,DEFICIT,240.1,594.4799774070544,0.4038823999544023,DEFICIT,BAJA,MODERADA,0.08444444444444445,0.125,0.0,1.5071770334928227,decreciente,25025240
25025240,MAJAGUAL,SUCRE,MAJAGUAL,8.534853,-74.629931,0.13157894736842105,0.0016821460446986396,0.5634392003105412,estable,0.050380242517339295,0.38288984313177865,0.07468879668049792,0.0125,0.5676348547717842,0.09500000000000001,DEFICIT,240.1,594.4799774070544,0.4038823999544023,DEFICIT,ALTA,MODERADA,0.08444444444444445,0.125,0.0,1.5071770334928227,decreciente,25025240
25025240,MAJAGUAL,SUCRE,MAJAGUAL,8.542385,-74.626401,0.16,0.0016821460446986396,0.5634392003105412,estable,0.050380242517339295,0.3148765157333706,0.07468879668049792,0.0125,0.46680497925311204,0.078125,DEFICIT,240.1,594.4799774070544,0.4038823999544023,DEFICIT,ALTA,MODERADA,0.08444444444444445,0.125,0.0,1.5071770334928227,decreciente,25025240
25025240,MAJAGUAL,SUCRE,MAJAGUAL,8.54269444,-74.62733306,0.03515625,0.0016821460446986396,0.5634392003105412,estable,0.050380242517339295,1.4330380093820956,0.07468879668049792,0.0125,2.12448132780083,0.35555555555555557,DEFICIT,240.1,594.4799774070544,0.4038823999544023,DEFICIT,MODERADA,MODERADA,0.08444444444444445,0.125,0.0,1.5071770334928227,decreciente,25025240
25025240,MAJAGUAL,SUCRE,MAJAGUAL,8.542694444,-74.627333056,0.021739130434782608,0.0016821460446986396,0.5634392003105412,estable,0.050380242517339295,2.3174911557976077,0.07468879668049792,0.0125,3.435684647302905,0.5750000000000001,DEFICIT,240.1,594.4799774070544,0.4038823999544023,DEFICIT,MODERADA,MODERADA,0.08444444444444445,0.125,0.0,1.5071770334928227,decreciente,25025240
25025270,UNISUCRE,SUCRE,SAMPUÉS,9.316388889,-75.3875,0.06841046277665996,-0.002347586213911116,0.07523590597396056,estable,0.05120898238250852,0.7485548307090215,0.024896265560165973,0.03125,0.3639248230412496,0.4568014705882353,DEFICIT,241.2,337.9786696175695,0.7136545045074094,DEFICIT,BAJA,NORMAL,0.09523809523809523,0.0,0.0,0.8898305084745762,estable,25025270
25025270,UNISUCRE,SUCRE,SAMPUÉS,9.31638889,-75.3875,0.026041666666666668,-0.002347586213911116,0.07523590597396056,estable,0.05120898238250852,1.966424923488327,0.024896265560165973,0.03125,0.9560165975103734,1.2,EXCESO,241.2,337.9786696175695,0.7136545045074094,DEFICIT,MODERADA,NORMAL,0.09523809523809523,0.0,0.0,0.8898305084745762,estable,25025270
25025280,EL TESORO IDEAM,SUCRE,MORROA,9.357083333,-75.28925,0.1103448275862069,-0.002670882742967194,0.6810794935414772,estable,0.15581973189772705,1.4121163203231515,0.1825726141078838,0.13125,1.654564315352697,1.189453125,EXCESO,259.0,184.05328178271702,1.4072012054952698,EXCESO,CRÍTICA,NORMAL,0.09777777777777778,0.0,1.0,0.0,estable,25025280
25025280,EL TESORO IDEAM  - AUT,SUCRE,MORROA,9.357083333,-75.28925,0.04524539877300614,-0.002670882742967194,0.6810794935414772,estable,0.15581973189772705,3.443880176180272,0.1825726141078838,0.13125,4.035164216892889,2.9008474576271186,EXCESO,259.0,184.05328178271702,1.4072012054952698,EXCESO,ALTA,NORMAL,0.09777777777777778,0.0,1.0,0.0,estable,25025280
25025330,COLEGIO AGROPECUARIO PAILITAS,CESAR,PAILITAS,8.95422222,-73.63008333,0.0,-0.0011360133425350814,0.5815798298032496,estable,0.02629519400352734,,0.03319502074688797,0.04375,,,sin_datos,3.4,228.6778553759582,0.014868077166502304,DEFICIT,BAJA,ALTA,0.10752688172043011,0.0,103.0,5.425,estable,25025330
25025330,COLEGIO AGROPECUARIO PAILITAS,CESAR,PAILITAS,8.954222222,-73.63008333,0.026156941649899398,-0.0011360133425350814,0.5815798298032496,estable,0.02629519400352734,1.0052854938271605,0.03319502074688797,0.04375,1.2690711777848707,1.6725961538461536,EXCESO,3.4,228.6778553759582,0.014868077166502304,DEFICIT,BAJA,ALTA,0.10752688172043011,0.0,103.0,5.425,estable,25025330
25025330,COLEGIO AGROPECUARIO PAILITAS  - AUT,CESAR,PAILITAS,8.954222222,-73.63008333,0.09316770186335403,-0.0011360133425350814,0.5815798298032496,estable,0.02629519400352734,0.28223508230452676,0.03319502074688797,0.04375,0.3562932226832642,0.46958333333333335,DEFICIT,3.4,228.6778553759582,0.014868077166502304,DEFICIT,BAJA,ALTA,0.10752688172043011,0.0,103.0,5.425,estable,25025330
25025340,SAN MARCOS,SUCRE,SAN MARCOS,8.596833333,-75.14269444,0.11475409836065574,0.009474540436522001,0.8275365386334212,estable,0.13294129066018465,1.158488390038752,0.22093023255813954,0.0,1.9252491694352158,0.0,DEFICIT,,,,sin_datos,CRÍTICA,MODERADA,0.09392265193370165,0.0,8.0,1.5210084033613445,estable,25025340
25025340,SAN MARCOS - AUT,SUCRE,SAN MARCOS,8.596833333,-75.14269444,0.046218487394957986,0.009474540436522001,0.8275365386334212,estable,0.13294129066018465,2.876366107011268,0.22093023255813954,0.0,4.780126849894292,0.0,DEFICIT,,,,sin_datos,MODERADA,MODERADA,0.09392265193370165,0.0,8.0,1.5210084033613445,estable,25025340
25025350,PUERTA ROJA - AUT,SUCRE,SINCELEJO,9.316388889,-75.3875,0.04800724637681159,,,,,,,,,,sin_datos,,,,sin_datos,BAJA,MODERADA,0.10843373493975904,0.0,0.0,,,25025350
25025360,AEROPUERTO LAS FLORES,MAGDALENA,EL BANCO,9.046333333,-73.97083333,0.1871508379888268,0.010482337318577334,0.4176305695100265,estable,0.3584672700716362,1.9153922788902353,0.5975103734439834,0.39375,3.1926673685514335,2.103917910447761,EXCESO,6222.1,12208.957496258503,0.5096340127244111,DEFICIT,CRÍTICA,MODERADA,0.10185185185185185,0.0,0.0,0.0,estable,25025360
25025360,AEROPUERTO LAS FLORES  - AUT,MAGDALENA,EL BANCO,9.046333333,-73.97083333,0.008387698042870456,0.010482337318577334,0.4176305695100265,estable,0.3584672700716362,42.73726453187396,0.5975103734439834,0.39375,71.23651452282158,46.94375,EXCESO,6222.1,12208.957496258503,0.5096340127244111,DEFICIT,MODERADA,MODERADA,0.10185185185185185,0.0,0.0,0.0,estable,25025360
25025380,SAN BENITO,SUCRE,SAN BENITO ABAD,9.163888889,-75.04472222,0.16,-0.017593926968803835,0.004903368294368825,decreciente,0.14143798817418873,0.8839874260886795,0.02074688796680498,0.0125,0.1296680497925311,0.078125,DEFICIT,287.2,1244.3755407376282,0.23079849337906186,DEFICIT,ALTA,NORMAL,0.1,0.0,1.0,1.0344827586206895,estable,25025380
25025380,SAN BENITO,SUCRE,SAN BENITO ABAD,9.16388889,-75.04472222,0.012244897959183673,-0.017593926968803835,0.004903368294368825,decreciente,0.14143798817418873,11.550769034225414,0.02074688796680498,0.0125,1.69432918395574,1.0208333333333335,NORMAL,287.2,1244.3755407376282,0.23079849337906186,DEFICIT,MODERADA,NORMAL,0.1,0.0,1.0,1.0344827586206895,estable,25025380
25025380,SAN BENITO ABAD - LA MOJANA TX GPRS/GOES,SUCRE,SAN BENITO ABAD,9.164,-75.045,0.02223869532987398,-0.017593926968803835,0.004903368294368825,decreciente,0.14143798817418873,6.359994868232686,0.02074688796680498,0.0125,0.9329183955739971,0.5620833333333334,DEFICIT,287.2,1244.3755407376282,0.23079849337906186,DEFICIT,MODERADA,NORMAL,0.1,0.0,1.0,1.0344827586206895,estable,25025380
25027020,EL BANCO,MAGDALENA,EL BANCO,8.992527778,-73.96944444,0.0482897384305835,-0.001594945358861788,0.4278351962595377,estable,0.04789557719433507,0.9918375777326888,0.05,0.025157232704402517,1.0354166666666669,0.5209643605870021,DEFICIT,261.5,219.11540413472704,1.1934350349882843,EXCESO,ALTA,ALTA,0.10196078431372549,0.375,1.0,1.1697247706422018,creciente,25027020
25027020,EL BANCO,MAGDALENA,EL BANCO,8.99252778,-73.96944444,0.03125,-0.001594945358861788,0.4278351962595377,estable,0.04789557719433507,1.5326584702187223,0.05,0.025157232704402517,1.6,0.8050314465408805,DEFICIT,261.5,219.11540413472704,1.1934350349882843,EXCESO,ALTA,ALTA,0.10196078431372549,0.375,1.0,1.1697247706422018,creciente,25027020
25027020,EL BANCO - AUT,MAGDALENA,EL BANCO,8.992527778,-73.96944444,0.06656580937972768,-0.001594945358861788,0.4278351962595377,estable,0.04789557719433507,0.7195221937603519,0.05,0.025157232704402517,0.7511363636363637,0.3779302458547742,DEFICIT,261.5,219.11540413472704,1.1934350349882843,EXCESO,ALTA,ALTA,0.10196078431372549,0.375,1.0,1.1697247706422018,creciente,25027020
25027050,MARGENTO,ANTIOQUIA,CAUCASIA,8.036666944,-74.952719444,0.09428571428571429,-0.002354390865414742,0.5531785221552533,estable,0.1387307077322343,1.4713862941297577,0.14166666666666666,0.12578616352201258,1.5025252525252524,1.3340956737183152,EXCESO,462.8,258.35848752654374,1.7913094492490864,EXCESO,ALTA,NORMAL,0.08021390374331551,0.0,0.0,0.758840579710145,estable,25027050
25027050,MARGENTO  - AUT,ANTIOQUIA,CAUCASIA,8.025444444,-75.08975,0.03427719821162444,-0.002354390865414742,0.5531785221552533,estable,0.1387307077322343,4.047317603840401,0.14166666666666666,0.12578616352201258,4.132971014492753,3.669674596663932,EXCESO,462.8,258.35848752654374,1.7913094492490864,EXCESO,ALTA,NORMAL,0.08021390374331551,0.0,0.0,0.758840579710145,estable,25027050
25027180,SAN ANTONIO,BOLIVAR,MAGANGUÉ,9.039,-74.768,0.05006954102920723,-0.006872557517650469,0.002765997581837492,decreciente,0.07224560263780486,1.4429052304606027,0.03734439834024896,0.0,0.745850622406639,0.0,DEFICIT,311.5,602.672339610665,0.5168646037434429,DEFICIT,MODERADA,LEVE,0.09195402298850575,0.07692307692307693,1.0,1.2794117647058822,estable,25027180
25027180,SAN ANTONIO,BOLIVAR,MAGANGUÉ,9.039073,-74.767704,0.06329113924050633,-0.006872557517650469,0.002765997581837492,decreciente,0.07224560263780486,1.1414805216773167,0.03734439834024896,0.0,0.5900414937759335,0.0,DEFICIT,311.5,602.672339610665,0.5168646037434429,DEFICIT,MODERADA,LEVE,0.09195402298850575,0.07692307692307693,1.0,1.2794117647058822,estable,25027180
25027180,SAN ANTONIO,BOLIVAR,MAGANGUÉ,9.04,-74.77,0.08148148148148149,-0.006872557517650469,0.002765997581837492,decreciente,0.07224560263780486,0.886650577827605,0.03734439834024896,0.0,0.4583176159939645,0.0,DEFICIT,311.5,602.672339610665,0.5168646037434429,DEFICIT,BAJA,LEVE,0.09195402298850575,0.07692307692307693,1.0,1.2794117647058822,estable,25027180
25027180,SAN ANTONIO,BOLÍVAR,MAGANGUÉ,9.04,-74.77,0.03125,-0.006872557517650469,0.002765997581837492,decreciente,0.07224560263780486,2.3118592844097554,0.03734439834024896,0.0,1.1950207468879668,0.0,DEFICIT,311.5,602.672339610665,0.5168646037434429,DEFICIT,MODERADA,LEVE,0.09195402298850575,0.07692307692307693,1.0,1.2794117647058822,estable,25027180
25027200,LAS VARAS,BOLÍVAR,SAN JACINTO DEL CAUCA,8.387,-74.563,0.04411764705882353,-0.018112858723457803,0.19077876213959624,estable,0.1402983906085643,3.180096853794124,0.15767634854771784,0.0375,3.573997233748271,0.8499999999999999,DEFICIT,220.20000000000002,601.8598501258708,0.3658659070777826,DEFICIT,MODERADA,MODERADA,0.08839779005524862,0.14285714285714285,0.0,0.7159810126582279,estable,25027200
25027200,LAS VARAS LAS VARAS,BOLIVAR,SAN JACINTO DEL CAUCA,8.39,-74.56,0.12244897959183673,-0.018112858723457803,0.19077876213959624,estable,0.1402983906085643,1.145770189969942,0.15767634854771784,0.0375,1.2876901798063625,0.30625,DEFICIT,220.20000000000002,601.8598501258708,0.3658659070777826,DEFICIT,CRÍTICA,MODERADA,0.08839779005524862,0.14285714285714285,0.0,0.7159810126582279,estable,25027200
25027240,JEGUA,SUCRE,SAN BENITO ABAD,8.906,-74.966,0.04974489795918367,-0.005485760612488723,0.4260094833622799,estable,0.06266839263117178,1.2597953800727866,0.07883817427385892,0.0125,1.584849452069369,0.2512820512820513,DEFICIT,239.9,623.1924125916137,0.38495333889311917,DEFICIT,MODERADA,NORMAL,0.09090909090909091,0.0,1.0,1.157894736842105,estable,25027240
25027240,JEGUA,SUCRE,SAN BENITO ABAD,8.906305556,-74.96594444,0.05333333333333334,-0.005485760612488723,0.4260094833622799,estable,0.06266839263117178,1.175032361834471,0.07883817427385892,0.0125,1.4782157676348546,0.234375,DEFICIT,239.9,623.1924125916137,0.38495333889311917,DEFICIT,MODERADA,NORMAL,0.09090909090909091,0.0,1.0,1.157894736842105,estable,25027240
25027240,JEGUA,SUCRE,SAN BENITO ABAD,8.90630556,-74.96594444,0.06640625,-0.005485760612488723,0.4260094833622799,estable,0.06266839263117178,0.9437122655047046,0.07883817427385892,0.0125,1.187210153771052,0.18823529411764706,DEFICIT,239.9,623.1924125916137,0.38495333889311917,DEFICIT,BAJA,NORMAL,0.09090909090909091,0.0,1.0,1.157894736842105,estable,25027240
25027270,LAS FLORES,ANTIOQUIA,NECHÍ,8.101236111,-74.777633333,0.06,-0.0035136812093283175,0.0502074446911971,estable,0.05087704796412855,0.8479507994021426,0.024896265560165973,0.0125,0.41493775933609955,0.20833333333333334,DEFICIT,582.2,1094.7000197695077,0.531835196387942,DEFICIT,BAJA,MODERADA,0.09871244635193133,0.10526315789473684,1.0,1.1173273657289002,estable,25027270
25027270,LAS FLORES,ANTIOQUIA,NECHÍ,8.102,-74.773,0.05625,-0.0035136812093283175,0.0502074446911971,estable,0.05087704796412855,0.9044808526956186,0.024896265560165973,0.0125,0.4426002766251729,0.22222222222222224,DEFICIT,582.2,1094.7000197695077,0.531835196387942,DEFICIT,BAJA,MODERADA,0.09871244635193133,0.10526315789473684,1.0,1.1173273657289002,estable,25027270
25027450,PLATO MAGDALENA,MAGDALENA,PLATO,9.787777778,-74.80583333,0.07758620689655173,0.006827717405739697,0.14369013714640919,estable,0.11457799922760081,1.4767831011557437,0.17791411042944785,0.3048780487804878,2.2931152010906612,3.9295392953929538,EXCESO,,,,sin_datos,MODERADA,MODERADA,0.10429447852760736,0.0,0.0,0.8337595907928389,estable,25027450
25027450,PLATO MAGDALENA,MAGDALENA,PLATO,9.78777778,-74.80583333,0.01818181818181818,0.006827717405739697,0.14369013714640919,estable,0.11457799922760081,6.301789957518045,0.17791411042944785,0.3048780487804878,9.785276073619633,16.76829268292683,EXCESO,,,,sin_datos,MODERADA,MODERADA,0.10429447852760736,0.0,0.0,0.8337595907928389,estable,25027450
25027450,PLATO MAGDALENA,MAGDALENA,PLATO,9.788944,-74.812264,0.05263157894736842,0.006827717405739697,0.14369013714640919,estable,0.11457799922760081,2.1769819853244154,0.17791411042944785,0.3048780487804878,3.3803680981595092,5.7926829268292686,EXCESO,,,,sin_datos,MODERADA,MODERADA,0.10429447852760736,0.0,0.0,0.8337595907928389,estable,25027450
25027450,PLATO MAGDALENA - TX GPRS,MAGDALENA,PLATO,9.788,-74.806,0.05649717514124294,0.006827717405739697,0.14369013714640919,estable,0.11457799922760081,2.0280305863285344,0.17791411042944785,0.3048780487804878,3.149079754601227,5.396341463414634,EXCESO,,,,sin_datos,MODERADA,MODERADA,0.10429447852760736,0.0,0.0,0.8337595907928389,estable,25027450
25027720,BARRANCONES,CESAR,CHIMICHAGUA,9.134,-73.773,0.07692307692307693,,,,,,,,,,sin_datos,,,,sin_datos,BAJA,MODERADA,0.3333333333333333,0.0,0.0,,,25027720
25027750,SAN MARCOS - LA MOJANA TX GPRS/GOES,SUCRE,SAN MARCOS,8.655,-75.131,0.046153846153846156,,,,,,,,,,sin_datos,,,,sin_datos,BAJA,ALTA,0.1111111111111111,0.0,602.0,,,25027750
25027760,BEIRUT,CORDOBA,AYAPEL,8.302222222,-75.13388889,0.3064516129032258,-0.0011509868179061058,0.9055692984454096,estable,0.25393656839280176,0.8286351179133531,0.23979591836734693,0.2802547770700637,0.7824919441460795,0.914515588333892,NORMAL,437.8,139.3669546336077,3.141347252302136,EXCESO,CRÍTICA,NORMAL,0.0945945945945946,0.0,1.0,0.8131868131868132,estable,25027760
25027760,BEIRUT,CÓRDOBA,AYAPEL,8.30222222,-75.13388889,0.004273504273504274,-0.0011509868179061058,0.9055692984454096,estable,0.25393656839280176,59.42115700391561,0.23979591836734693,0.2802547770700637,56.11224489795917,65.5796178343949,EXCESO,437.8,139.3669546336077,3.141347252302136,EXCESO,ALTA,NORMAL,0.0945945945945946,0.0,1.0,0.8131868131868132,estable,25027760
25027760,BEIRUT - LA MOJANA TX GPRS/GOES,CÓRDOBA,AYAPEL,8.302,-75.134,0.019933554817275746,-0.0011509868179061058,0.9055692984454096,estable,0.25393656839280176,12.73915118103889,0.23979591836734693,0.2802547770700637,12.029761904761905,14.059447983014863,EXCESO,437.8,139.3669546336077,3.141347252302136,EXCESO,ALTA,NORMAL,0.0945945945945946,0.0,1.0,0.8131868131868132,estable,25027760
25027770,MARRALU,CORDOBA,AYAPEL,8.31,-75.24,0.0705596107055961,-0.005195550760671427,0.02433407859845234,decreciente,0.062146305472223155,0.8807631568649558,0.03225806451612903,0.045871559633027525,0.457174638487208,0.6501107244542866,DEFICIT,604.3,632.6174253034548,0.9552376773531468,NORMAL,BAJA,NORMAL,0.09133489461358314,0.058823529411764705,0.0,1.1049164902375912,estable,25027770
25027770,MARRALU,CORDOBA,AYAPEL,8.314665,-75.239474,0.029850746268656716,-0.005195550760671427,0.02433407859845234,decreciente,0.062146305472223155,2.081901233319476,0.03225806451612903,0.045871559633027525,1.0806451612903225,1.5366972477064222,EXCESO,604.3,632.6174253034548,0.9552376773531468,NORMAL,MODERADA,NORMAL,0.09133489461358314,0.058823529411764705,0.0,1.1049164902375912,estable,25027770
25027770,MARRALU,CÓRDOBA,AYAPEL,8.31,-75.24,0.0311284046692607,-0.005195550760671427,0.02433407859845234,decreciente,0.062146305472223155,1.996450063295169,0.03225806451612903,0.045871559633027525,1.036290322580645,1.4736238532110093,EXCESO,604.3,632.6174253034548,0.9552376773531468,NORMAL,MODERADA,NORMAL,0.09133489461358314,0.058823529411764705,0.0,1.1049164902375912,estable,25027770
25027770,MARRALU - LA MOJANA,CÓRDOBA,AYAPEL,8.306,-75.239,0.05183585313174946,-0.005195550760671427,0.02433407859845234,decreciente,0.062146305472223155,1.1989058097349716,0.03225806451612903,0.045871559633027525,0.6223118279569892,0.8849388379204893,NORMAL,604.3,632.6174253034548,0.9552376773531468,NORMAL,MODERADA,NORMAL,0.09133489461358314,0.058823529411764705,0.0,1.1049164902375912,estable,25027770
25027910,LA RAYA,BOLIVAR,SAN JACINTO DEL CAUCA,8.340939,-74.557072,0.040983606557377046,-0.004020076598202155,0.03313848945726131,decreciente,0.05915290322708589,1.4433308387408958,0.04149377593360996,0.00625,1.012448132780083,0.15250000000000002,DEFICIT,58.4,1005.2249199391748,0.058096450696361296,DEFICIT,MODERADA,MODERADA,0.09969788519637462,0.6666666666666666,0.0,0.7221818181818181,estable,25027910
25027910,LA RAYA,BOLIVAR,SAN JACINTO DEL CAUCA,8.344555556,-74.56122222,0.07042253521126761,-0.004020076598202155,0.03313848945726131,decreciente,0.05915290322708589,0.8399712258246196,0.04149377593360996,0.00625,0.5892116182572613,0.08875,DEFICIT,58.4,1005.2249199391748,0.058096450696361296,DEFICIT,BAJA,MODERADA,0.09969788519637462,0.6666666666666666,0.0,0.7221818181818181,estable,25027910
25027910,LA RAYA,BOLIVAR,SAN JACINTO DEL CAUCA,8.345,-74.561,0.052572706935123045,-0.004020076598202155,0.03313848945726131,decreciente,0.05915290322708589,1.1251637337237188,0.04149377593360996,0.00625,0.7892645890350489,0.11888297872340425,DEFICIT,58.4,1005.2249199391748,0.058096450696361296,DEFICIT,MODERADA,MODERADA,0.09969788519637462,0.6666666666666666,0.0,0.7221818181818181,estable,25027910
25027910,LA RAYA,BOLÍVAR,SAN JACINTO DEL CAUCA,8.34455556,-74.56122222,0.04296875,-0.004020076598202155,0.03313848945726131,decreciente,0.05915290322708589,1.3766493841939988,0.04149377593360996,0.00625,0.965673330818559,0.14545454545454548,DEFICIT,58.4,1005.2249199391748,0.058096450696361296,DEFICIT,MODERADA,MODERADA,0.09969788519637462,0.6666666666666666,0.0,0.7221818181818181,estable,25027910
26015010,EL TABLAZO,CAUCA,POPAYÁN,2.474833056,-76.58129361,0.037037037037037035,0.016381209433841012,0.003119706544233578,creciente,0.09092828224407172,2.4550636205899368,0.25287356321839083,0.3333333333333333,6.8275862068965525,9.0,EXCESO,,,,sin_datos,MODERADA,ALTA,0.10062893081761007,0.0,1.0,2.208333333333333,estable,26015010
26015010,EL TABLAZO - AUT,CAUCA,POPAYÁN,2.474833056,-76.58129361,0.056451612903225805,0.016381209433841012,0.003119706544233578,creciente,0.09092828224407172,1.610729571180699,0.25287356321839083,0.3333333333333333,4.479474548440066,5.904761904761904,EXCESO,,,,sin_datos,MODERADA,ALTA,0.10062893081761007,0.0,1.0,2.208333333333333,estable,26015010
26015030,PNN PURACE,CAUCA,PURACÉ,2.356848889,-76.403544444,0.11363636363636363,0.048861852433281006,0.021810560677740017,creciente,0.16321297749869176,1.4362742019884875,0.20689655172413793,0.16666666666666666,1.8206896551724139,1.4666666666666666,EXCESO,,,,sin_datos,CRÍTICA,NORMAL,0.08032128514056225,0.0,1.0,0.6552631578947368,estable,26015030
26015030,PNN PURACE - AUT,CAUCA,PURACÉ (COCONUCO),2.356848889,-76.40354389,0.05092592592592592,0.048861852433281006,0.021810560677740017,creciente,0.16321297749869176,3.2049093763379477,0.20689655172413793,0.16666666666666666,4.06269592476489,3.272727272727273,EXCESO,,,,sin_datos,MODERADA,NORMAL,0.08032128514056225,0.0,1.0,0.6552631578947368,estable,26015030
26015040,ARRAYANALES,CAUCA,POPAYÁN,2.448041111,-76.43574694,0.0,0.0,,estable,0.0,,0.0,0.0,,,sin_datos,2.6,215.8947871150627,0.012042903095267007,DEFICIT,BAJA,LEVE,0.09913793103448276,0.0,0.0,1.4009661835748792,estable,26015040
26015040,ARRAYANALES - AUT,CAUCA,POPAYÁN,2.448041111,-76.43574694,0.06436931079323797,0.0,,estable,0.0,0.0,0.0,0.0,0.0,0.0,DEFICIT,2.6,215.8947871150627,0.012042903095267007,DEFICIT,BAJA,LEVE,0.09913793103448276,0.0,0.0,1.4009661835748792,estable,26015040
26015050,PALETARA,CAUCA,PURACÉ,2.191722222,-76.482027778,0.047619047619047616,0.004057116029820744,0.47400439859853893,estable,0.05371415223565761,1.1279971969488098,0.10344827586206896,0.0,2.1724137931034484,0.0,DEFICIT,,,,sin_datos,MODERADA,ALTA,0.10256410256410256,0.0,18.0,1.8571428571428572,estable,26015050
26015050,PALETARA  - AUT,CAUCA,PURACÉ (COCONUCO),2.191722222,-76.48202778,0.056896551724137934,0.004057116029820744,0.47400439859853893,estable,0.05371415223565761,0.944066918081255,0.10344827586206896,0.0,1.8181818181818181,0.0,DEFICIT,,,,sin_datos,BAJA,ALTA,0.10256410256410256,0.0,18.0,1.8571428571428572,estable,26015050
26017060,PUENTE ARAGON,CAUCA,PURACÉ,2.2,-76.5,0.06060606060606061,-0.008,0.5594043441634877,estable,0.016,0.264,0.0,,0.0,,sin_datos,,,,sin_datos,BAJA,ALTA,0.10843373493975904,0.0,47.0,1.8444444444444446,insuficiente,26017060
26017060,PUENTE ARAGON  - AUT,CAUCA,PURACÉ (COCONUCO),2.204166667,-76.49744444,0.061274509803921566,-0.008,0.5594043441634877,estable,0.016,0.26112,0.0,,0.0,,sin_datos,,,,sin_datos,BAJA,ALTA,0.10843373493975904,0.0,47.0,1.8444444444444446,insuficiente,26017060
26027200,PUENTE CARRETERA,CAUCA,POPAYÁN,2.53675,-76.558444444,0.0,0.0,,estable,0.0,,0.0,0.0,,,sin_datos,,,,sin_datos,BAJA,ALTA,0.09345794392523364,0.0,85.0,5.3500000000000005,insuficiente,26027200
26027200,PUENTE CARRETERA  - AUT,CAUCA,POPAYÁN,2.53675,-76.55844444,0.059006211180124224,0.0,,estable,0.0,0.0,0.0,0.0,0.0,0.0,DEFICIT,,,,sin_datos,BAJA,ALTA,0.09345794392523364,0.0,85.0,5.3500000000000005,insuficiente,26027200
26035100,SUECIA HDA,CAUCA,EL TAMBO,2.48,-76.828,0.06818181818181818,,,,,,,,,,sin_datos,,,,sin_datos,BAJA,ALTA,0.25,0.0,25.0,,,26035100
26055100,FARALLONES,VALLE DEL CAUCA,CALI,3.416055556,-76.6515,0.15142857142857144,0.01609472060219422,0.006114977356128055,creciente,0.1583063093815782,1.045419024217969,0.14285714285714285,0.08888888888888889,0.9433962264150942,0.5870020964360587,DEFICIT,595.0,222.29151951856835,2.6766653144871717,EXCESO,CRÍTICA,MODERADA,0.09811320754716982,0.4,0.0,0.5880177514792899,estable,26055100
26055100,FARALLONES - AUT,VALLE DEL CAUCA,CALI,3.416055556,-76.6515,0.029014844804318488,0.01609472060219422,0.006114977356128055,creciente,0.1583063093815782,5.456045360546486,0.14285714285714285,0.08888888888888889,4.923588039867109,3.0635658914728685,EXCESO,595.0,222.29151951856835,2.6766653144871717,EXCESO,ALTA,MODERADA,0.09811320754716982,0.4,0.0,0.5880177514792899,estable,26055100
26055110,LA INDEPENDENCIA,VALLE DEL CAUCA,JAMUNDÍ,3.185361111,-76.569305556,0.21875,-0.03730388879198403,0.09027808661437273,estable,0.18499567562067562,0.8456945171230885,0.21374045801526717,0.08,0.9770992366412213,0.3657142857142857,DEFICIT,75.8,53.717792902284884,1.411078078689563,EXCESO,CRÍTICA,MODERADA,0.08484848484848485,0.25,0.0,0.43650793650793646,estable,26055110
26055110,LA INDEPENDENCIA - AUT,VALLE DEL CAUCA,JAMUNDÍ,3.185361111,-76.56930556,0.04791481810115351,-0.03730388879198403,0.09027808661437273,estable,0.18499567562067562,3.8609282671203964,0.21374045801526717,0.08,4.460842521911224,1.6696296296296296,EXCESO,75.8,53.717792902284884,1.411078078689563,EXCESO,ALTA,MODERADA,0.08484848484848485,0.25,0.0,0.43650793650793646,estable,26055110
26055120,UNIVERSIDAD DEL VALLE,VALLE DEL CAUCA,CALI,3.378,-76.53388889,0.14201183431952663,-0.004036079538396752,0.12115454679715891,estable,0.1154762968013776,0.8131455899763672,0.07053941908713693,0.09375,0.4967150760719225,0.66015625,DEFICIT,60.8,99.36324186002102,0.6118962994952662,DEFICIT,ALTA,MODERADA,0.0975609756097561,0.25,0.0,0.7987012987012987,estable,26055120
26055120,UNIVERSIDAD DEL VALLE  - AUT,VALLE DEL CAUCA,CALI,3.378,-76.53388889,0.03145574250182882,-0.004036079538396752,0.12115454679715891,estable,0.1154762968013776,3.6710720401740273,0.07053941908713693,0.09375,2.242497346328283,2.980377906976744,EXCESO,60.8,99.36324186002102,0.6118962994952662,DEFICIT,MODERADA,MODERADA,0.0975609756097561,0.25,0.0,0.7987012987012987,estable,26055120
26055501,GINEBRA  - AUT,VALLE DEL CAUCA,GINEBRA,3.738388889,-76.22083056,0.06142506142506143,,,,,,,,,,sin_datos,,,,sin_datos,BAJA,MODERADA,0.10869565217391304,0.0,7.0,,,26055501
26057030,POTRERITO,VALLE DEL CAUCA,JAMUNDÍ,3.243,-76.592,0.05398671096345515,,,,,,,,,,sin_datos,,,,sin_datos,BAJA,NORMAL,0.08181818181818182,0.0,5.0,,,26057030
26065501,JAMUNDI,VALLE DEL CAUCA,JAMUNDÍ,3.21558056,-76.68021944,0.0,,,,,,,,,,sin_datos,,,,sin_datos,BAJA,NORMAL,0.09361702127659574,0.0,0.0,,,26065501
26065501,JAMUNDI  - AUT,VALLE DEL CAUCA,JAMUNDÍ,3.215580556,-76.68021944,0.054558506819813356,,,,,,,,,,sin_datos,,,,sin_datos,BAJA,NORMAL,0.09361702127659574,0.0,0.0,,,26065501
26065502,TRINIDAD LA,CAUCA,PIENDAMÓ,2.75055556,-76.57916667,0.0,,,,,,,,,,sin_datos,,,,sin_datos,BAJA,MODERADA,0.09361702127659574,0.0,7.0,,,26065502
26065502,TRINIDAD LA  - AUT,CAUCA,PIENDAMÓ,2.750555556,-76.57916667,0.05455904334828102,,,,,,,,,,sin_datos,,,,sin_datos,BAJA,MODERADA,0.09361702127659574,0.0,7.0,,,26065502
26075120,LA DIANA,VALLE DEL CAUCA,FLORIDA,3.314055556,-76.18569444,0.07627118644067797,-0.0006816631975651344,0.7955073530883202,estable,0.08362634733576191,1.096434331735545,0.08713692946058091,0.05625,1.1424619640387275,0.7374999999999999,DEFICIT,10.4,103.75655819105589,0.1002346278762407,DEFICIT,BAJA,SEVERA,0.08921933085501858,0.3333333333333333,40.0,0.6752008032128515,estable,26075120
26075120,LA DIANA - AUT,VALLE DEL CAUCA,FLORIDA,3.314055556,-76.18569444,0.04583020285499624,-0.0006816631975651344,0.7955073530883202,estable,0.08362634733576191,1.8246994803917886,0.08713692946058091,0.05625,1.9012992313448065,1.2273565573770493,EXCESO,10.4,103.75655819105589,0.1002346278762407,DEFICIT,MODERADA,SEVERA,0.08921933085501858,0.3333333333333333,40.0,0.6752008032128515,estable,26075120
26075150,AEROPUERTO A. BONILLA,VALLE DEL CAUCA,PALMIRA,3.532991667,-76.3825,0.13004484304932734,-0.008970827793563518,0.008280331682181986,decreciente,0.10833650952437325,0.833070400825353,0.008403361344537815,0.012738853503184714,0.06461895102868734,0.09795739073138592,DEFICIT,21.0,162.80861806265224,0.12898580093541948,DEFICIT,ALTA,NORMAL,0.095,0.0,2.0,0.7112375533428166,estable,26075150
26075150,AEROPUERTO A. BONILLA,VALLE DEL CAUCA,PALMIRA,3.53299167,-76.3825,0.11494252873563218,-0.008970827793563518,0.008280331682181986,decreciente,0.10833650952437325,0.9425276328620473,0.008403361344537815,0.012738853503184714,0.073109243697479,0.11082802547770701,DEFICIT,21.0,162.80861806265224,0.12898580093541948,DEFICIT,ALTA,NORMAL,0.095,0.0,2.0,0.7112375533428166,estable,26075150
26075150,APTO ALFONSO BONILLA ARAGON - TX GPRS,VALLE DEL CAUCA,PALMIRA,3.533,-76.382,0.013086150490730643,-0.008970827793563518,0.008280331682181986,decreciente,0.10833650952437325,8.27871493615419,0.008403361344537815,0.012738853503184714,0.642156862745098,0.9734607218683653,NORMAL,21.0,162.80861806265224,0.12898580093541948,DEFICIT,MODERADA,NORMAL,0.095,0.0,2.0,0.7112375533428166,estable,26075150
26075501,FLORIDA  - AUT,VALLE DEL CAUCA,FLORIDA,3.291469444,-76.17735833,0.054906542056074766,,,,,,,,,,sin_datos,,,,sin_datos,BAJA,MODERADA,0.10218978102189781,0.0,2.0,,,26075501
26085160,SILOE,VALLE DEL CAUCA,CALI,3.4255,-76.56061111,0.059845559845559844,0.0012094501668815014,0.5990389886415293,estable,0.09191522991078052,1.5358738417349778,0.13278008298755187,0.1125,2.218712354437157,1.8798387096774194,EXCESO,76.39999999999999,62.635901942410946,1.2197477426004675,EXCESO,ALTA,MODERADA,0.1024390243902439,0.16666666666666666,0.0,0.7809523809523811,estable,26085160
26085160,SILOE - AUT,VALLE DEL CAUCA,CALI,3.4255,-76.56061111,0.04988913525498891,0.0012094501668815014,0.5990389886415293,estable,0.09191522991078052,1.8423897195449785,0.13278008298755187,0.1125,2.661502996772706,2.255,EXCESO,76.39999999999999,62.635901942410946,1.2197477426004675,EXCESO,ALTA,MODERADA,0.1024390243902439,0.16666666666666666,0.0,0.7809523809523811,estable,26085160
26085170,BASE AEREA MARCO FIDEL SUAREZ,VALLE DEL CAUCA,CALI,3.454414,-76.499948,0.0,-0.0015082934405897556,0.15819481101547225,estable,0.011793956394236898,,0.004149377593360996,0.00625,,,sin_datos,4.0,62.95300882579428,0.06353945704277514,DEFICIT,BAJA,ALTA,0.10256410256410256,1.0,45.0,1.6956521739130435,estable,26085170
26085170,BASE AEREA MARCO FIDEL SUAREZ,VALLE DEL CAUCA,FLORIDA,3.360416667,-76.299722222,0.044585987261146494,-0.0015082934405897556,0.15819481101547225,estable,0.011793956394236898,0.264521593413599,0.004149377593360996,0.00625,0.09306461173681091,0.14017857142857146,DEFICIT,4.0,62.95300882579428,0.06353945704277514,DEFICIT,BAJA,ALTA,0.10256410256410256,1.0,45.0,1.6956521739130435,estable,26085170
26085170,BASE AEREA MARCO FIDEL SUAREZ  - AUT,VALLE DEL CAUCA,CALI,3.4545,-76.49972222,0.06534653465346535,-0.0015082934405897556,0.15819481101547225,estable,0.011793956394236898,0.18048327209362525,0.004149377593360996,0.00625,0.06349805104991826,0.09564393939393939,DEFICIT,4.0,62.95300882579428,0.06353945704277514,DEFICIT,BAJA,ALTA,0.10256410256410256,1.0,45.0,1.6956521739130435,estable,26085170
26085501,LA CELIA  - AUT,RISARALDA,LA CELIA,5.001330556,-75.998,0.05303030303030303,,,,,,,,,,sin_datos,,,,sin_datos,BAJA,NORMAL,0.08898305084745763,0.0,1.0,,,26085501
26095320,EL VINCULO - AUT,VALLE DEL CAUCA,BUGA,3.834805556,-76.30000556,0.05269761606022585,,,,,,,,,,sin_datos,,,,sin_datos,BAJA,ALTA,0.06569343065693431,0.0,259.0,,,26095320
26105240,EL PLACER,VALLE DEL CAUCA,BUGA,3.879111111,-76.100555556,0.041666666666666664,-0.0014623584584058907,0.9331369141915902,estable,0.09976532324358411,2.3943677578460187,0.12244897959183673,0.1,2.938775510204082,2.4000000000000004,EXCESO,45.7,41.30199829860351,1.106483993089148,NORMAL,MODERADA,ALTA,0.1038961038961039,0.16666666666666666,0.0,1.203125,estable,26105240
26105240,EL PLACER - AUT,VALLE DEL CAUCA,BUGA,3.879111111,-76.10055556,0.056782334384858045,-0.0014623584584058907,0.9331369141915902,estable,0.09976532324358411,1.7569781926786758,0.12244897959183673,0.1,2.1564625850340136,1.761111111111111,EXCESO,45.7,41.30199829860351,1.106483993089148,NORMAL,MODERADA,ALTA,0.1038961038961039,0.16666666666666666,0.0,1.203125,estable,26105240
26105250,ZARAGOZA,VALLE DEL CAUCA,CARTAGO,4.689777778,-75.92519444,0.1059322033898305,0.0031670231433648588,0.4262095123706213,estable,0.10684251970889902,1.0085933860520069,0.14107883817427386,0.09375,1.3317842323651452,0.885,NORMAL,50.4,55.778618891079184,0.9035720317567885,NORMAL,ALTA,SEVERA,0.08906882591093117,0.2,26.0,0.9623376623376624,estable,26105250
26105250,ZARAGOZA - AUT,VALLE DEL CAUCA,CARTAGO,4.689777778,-75.92519444,0.0431266846361186,0.0031670231433648588,0.4262095123706213,estable,0.10684251970889902,2.477410925750096,0.14107883817427386,0.09375,3.271265560165975,2.173828125,EXCESO,50.4,55.778618891079184,0.9035720317567885,NORMAL,MODERADA,SEVERA,0.08906882591093117,0.2,26.0,0.9623376623376624,estable,26105250
26115090,LAS BRISAS,VALLE DEL CAUCA,ARGELIA,4.775583333,-76.144277778,0.07507507507507508,-0.0010522488849284703,0.7093298447900298,estable,0.05238832147953394,0.6978124421073921,0.01020408163265306,0.0,0.13591836734693877,0.0,DEFICIT,0.0,0.8591666666666667,0.0,DEFICIT,BAJA,ALTA,0.08974358974358974,0.0,76.0,1.1428571428571428,estable,26115090
26115090,LAS BRISAS - AUT,VALLE DEL CAUCA,ANSERMANUEVO,4.775583333,-76.14427778,0.04520396912899669,-0.0010522488849284703,0.7093298447900298,estable,0.05238832147953394,1.1589318922423728,0.01020408163265306,0.0,0.22573419611747136,0.0,DEFICIT,0.0,0.8591666666666667,0.0,DEFICIT,MODERADA,ALTA,0.08974358974358974,0.0,76.0,1.1428571428571428,estable,26115090
26115501,MANUEL MARIA MALLARINO,VALLE DEL CAUCA,TRUJILLO,4.21361111,-76.31497222,0.0,,,,,,,,,,sin_datos,,,,sin_datos,BAJA,MODERADA,0.08176100628930817,0.0,7.0,,,26115501
26115501,MANUEL MARIA MALLARINO  - AUT,VALLE DEL CAUCA,TRUJILLO,4.213611111,-76.31497222,0.053555750658472345,,,,,,,,,,sin_datos,,,,sin_datos,BAJA,MODERADA,0.08176100628930817,0.0,7.0,,,26115501
26125061,AEROPUERTO EL EDEN -,QUINDÍO,ARMENIA,4.45472222,-75.76638889,0.04296875,-0.006109258656400408,0.0062569450647177415,decreciente,0.12413503611941691,2.888960840597339,0.0954356846473029,0.04375,2.2210486608826856,1.018181818181818,NORMAL,277.419,286.1903076617214,0.9693514859626582,NORMAL,MODERADA,ALTA,0.08378378378378379,0.2222222222222222,0.0,0.5014909189482245,creciente,26125061
26125061,AEROPUERTO EL EDEN -,QUINDÍO,ARMENIA,4.454722222,-75.76638889,0.1293634496919918,-0.006109258656400408,0.0062569450647177415,decreciente,0.12413503611941691,0.9595835331770799,0.0954356846473029,0.04375,0.737732990845024,0.3381944444444444,DEFICIT,277.419,286.1903076617214,0.9693514859626582,NORMAL,ALTA,ALTA,0.08378378378378379,0.2222222222222222,0.0,0.5014909189482245,creciente,26125061
26125061,APTO EL EDEN,QUINDÍO,ARMENIA,4.455,-75.766,0.02123730378578024,-0.006109258656400408,0.0062569450647177415,decreciente,0.12413503611941691,5.845141048579501,0.0954356846473029,0.04375,4.4937759336099585,2.060054347826087,EXCESO,277.419,286.1903076617214,0.9693514859626582,NORMAL,MODERADA,ALTA,0.08378378378378379,0.2222222222222222,0.0,0.5014909189482245,creciente,26125061
26125290,ARMENIA - AUT,QUINDÍO,ARMENIA,4.531583333,-75.69069444,0.06289308176100629,,,,,,,,,,sin_datos,,,,sin_datos,BAJA,MODERADA,0.10416666666666667,0.0,3.0,,,26125290
26125300,CALARCA,QUINDÍO,CALARCÁ,4.528305556,-75.59638889,0.08533333333333333,-0.006166754655607003,0.18860631372833464,estable,0.1104915456973299,1.294822801140585,0.11203319502074689,0.1125,1.3128890041493777,1.318359375,EXCESO,39.6,78.84539078908365,0.5022487631005911,DEFICIT,MODERADA,MODERADA,0.09392265193370165,0.2,6.0,0.7828719723183392,estable,26125300
26125300,CALARCA - AUT,QUINDÍO,CALARCÁ,4.528305556,-75.59638889,0.044128646222887064,-0.006166754655607003,0.18860631372833464,estable,0.1104915456973299,2.5038507897852553,0.11203319502074689,0.1125,2.5387861312328575,2.549364406779661,EXCESO,39.6,78.84539078908365,0.5022487631005911,DEFICIT,MODERADA,MODERADA,0.09392265193370165,0.2,6.0,0.7828719723183392,estable,26125300
26125501,GENOVA  - AUT,QUINDÍO,GÉNOVA,4.204416667,-75.76866667,0.06128133704735376,,,,,,,,,,sin_datos,,,,sin_datos,BAJA,NORMAL,0.1,0.0,5.0,,,26125501
26125502,CAICEDONIA,VALLE DEL CAUCA,CAICEDONIA,4.29755833,-75.86396111,0.0,,,,,,,,,,sin_datos,,,,sin_datos,BAJA,NORMAL,0.08196721311475409,0.0,0.0,,,26125502
26125502,CAICEDONIA  - AUT,VALLE DEL CAUCA,CAICEDONIA,4.297558333,-75.86396111,0.05523809523809524,,,,,,,,,,sin_datos,,,,sin_datos,BAJA,NORMAL,0.08196721311475409,0.0,0.0,,,26125502
26125503,LA SIRENA  - AUT,VALLE DEL CAUCA,SEVILLA,4.285,-75.9025,0.05532503457814661,,,,,,,,,,sin_datos,,,,sin_datos,BAJA,NORMAL,0.09836065573770492,0.0,1.0,,,26125503
26125504,PARAGUAICITO,QUINDÍO,BUENAVISTA,4.39555556,-75.73416667,0.0,,,,,,,,,,sin_datos,,,,sin_datos,BAJA,NORMAL,0.0989010989010989,0.0,0.0,,,26125504
26125504,PARAGUAICITO  - AUT,QUINDÍO,BUENAVISTA,4.395555556,-75.73416667,0.05367057371992597,,,,,,,,,,sin_datos,,,,sin_datos,BAJA,NORMAL,0.0989010989010989,0.0,0.0,,,26125504
26125505,LA BELLA  - AUT,QUINDÍO,CALARCÁ,4.501111111,-75.67138889,0.05286671630677588,,,,,,,,,,sin_datos,,,,sin_datos,BAJA,ALTA,0.09547738693467336,0.0,18.0,,,26125505
26125506,EL AGRADO,QUINDÍO,MONTENEGRO,4.51833333,-75.7925,0.2,,,,,,,,,,sin_datos,,,,sin_datos,ALTA,NORMAL,0.09722222222222222,0.0,0.0,,,26125506
26125506,EL AGRADO  - AUT,QUINDÍO,MONTENEGRO,4.518333333,-75.7925,0.0522713130056005,,,,,,,,,,sin_datos,,,,sin_datos,BAJA,NORMAL,0.09722222222222222,0.0,0.0,,,26125506
26125507,ARTURO GOMEZ  - AUT,VALLE DEL CAUCA,ALCALÁ,4.671388889,-75.77721944,0.05540540540540541,,,,,,,,,,sin_datos,,,,sin_datos,BAJA,ALTA,0.10526315789473684,0.0,18.0,,,26125507
26125508,LACATALINA,RISARALDA,PEREIRA,4.7475,-75.73805556,0.0,,,,,,,,,,sin_datos,,,,sin_datos,BAJA,NORMAL,0.09508196721311475,0.0,0.0,,,26125508
26125508,LACATALINA  - AUT,RISARALDA,PEREIRA,4.7475,-75.73805556,0.05341614906832298,,,,,,,,,,sin_datos,,,,sin_datos,BAJA,NORMAL,0.09508196721311475,0.0,0.0,,,26125508
26125509,ESPERANZA LA  - AUT,QUINDÍO,PIJAO,4.299444444,-75.72508056,0.0530421216848674,,,,,,,,,,sin_datos,,,,sin_datos,BAJA,ALTA,0.09134615384615384,0.0,15.0,,,26125509
26125710,AEROPUERTO MATECANA,RISARALDA,PEREIRA,4.812675,-75.739519444,0.08571428571428572,0.006176389723724926,0.08126836448590248,estable,0.1091424517835808,1.273328604141776,0.1608695652173913,0.12080536912751678,1.8768115942028984,1.4093959731543624,EXCESO,536.8000000000001,522.8687845702293,1.0266438078555817,NORMAL,MODERADA,LEVE,0.08992805755395683,0.0,0.0,1.2636363636363637,estable,26125710
26125710,APTO MATECAÑA TX GPS/GOES,RISARALDA,PEREIRA,4.813,-75.74,0.02925243770314193,0.006176389723724926,0.08126836448590248,estable,0.1091424517835808,3.7310549257868546,0.1608695652173913,0.12080536912751678,5.499355877616747,4.1297539149888145,EXCESO,536.8000000000001,522.8687845702293,1.0266438078555817,NORMAL,MODERADA,LEVE,0.08992805755395683,0.0,0.0,1.2636363636363637,estable,26125710
26125720,CENTRO DE LA GUADUA - AUT,QUINDÍO,CÓRDOBA,4.402047222,-75.716025,0.06534090909090909,,,,,,,,,,sin_datos,,,,sin_datos,BAJA,ALTA,0.1016949152542373,0.0,26.0,,,26125720
26125740,LA MONTAÑA - AUT,QUINDÍO,SALENTO,4.632777778,-75.459444444,0.06486486486486487,,,,,,,,,,sin_datos,,,,sin_datos,BAJA,ALTA,0.078125,0.0,13.0,,,26125740
26125760,PEÑAS BLANCAS - AUT,QUINDÍO,CALARCÁ,4.481666667,-75.635277778,0.06534090909090909,,,,,,,,,,sin_datos,,,,sin_datos,BAJA,ALTA,0.1,0.0,25.0,,,26125760
26127010,EL ALAMBRADO,QUINDÍO,LA TEBAIDA,4.41025,-75.875388889,0.2248062015503876,0.000810254314330882,0.9413505898247638,estable,0.28927090361422153,1.2867567781460199,0.34439834024896265,0.25,1.5319788238660752,1.1120689655172413,NORMAL,367.6,99.08876834167717,3.7098049168644867,EXCESO,CRÍTICA,MODERADA,0.10071942446043165,0.0,0.0,0.28778467908902694,estable,26127010
26127010,EL ALAMBRADO,VALLE DEL CAUCA,CAICEDONIA,4.41,-75.875,0.03577235772357724,0.000810254314330882,0.9413505898247638,estable,0.28927090361422153,8.086436623761193,0.34439834024896265,0.25,9.627499056959637,6.988636363636363,EXCESO,367.6,99.08876834167717,3.7098049168644867,EXCESO,ALTA,MODERADA,0.10071942446043165,0.0,0.0,0.28778467908902694,estable,26127010
26127040,CARTAGO,RISARALDA,PEREIRA,4.757611111,-75.89925,0.03597122302158273,-0.0034948979591836737,0.09516260876671132,estable,0.01126984126984127,0.3133015873015873,0.0,0.0,0.0,0.0,DEFICIT,0.0,65.89221230058907,0.0,DEFICIT,BAJA,ALTA,0.09195402298850575,0.0,336.0,1.2083333333333333,insuficiente,26127040
26127040,CARTAGO,RISARALDA,PEREIRA,4.758,-75.899,0.05738880918220947,-0.0034948979591836737,0.09516260876671132,estable,0.01126984126984127,0.19637698412698412,0.0,0.0,0.0,0.0,DEFICIT,0.0,65.89221230058907,0.0,DEFICIT,BAJA,ALTA,0.09195402298850575,0.0,336.0,1.2083333333333333,insuficiente,26127040
26135290,MARSELLA - AUT,RISARALDA,MARSELLA,4.929583333,-75.73838889,0.05364511691884457,,,,,,,,,,sin_datos,,,,sin_datos,BAJA,ALTA,0.1037037037037037,0.0,29.0,,,26135290
26135300,PNN QUIMBAYA,RISARALDA,PEREIRA,4.728583056,-75.578222222,0.2,-0.043083900226757364,0.16331682963554622,estable,0.18491191348334204,0.9245595674167102,0.22727272727272727,0.09803921568627451,1.1363636363636362,0.49019607843137253,DEFICIT,198.7,94.81673032849503,2.09562172531787,EXCESO,CRÍTICA,LEVE,0.07692307692307693,0.0,0.0,1.238095238095238,estable,26135300
26135300,PNN QUIMBAYA - AUT,RISARALDA,PEREIRA,4.761916667,-75.74491667,0.05137751303052867,-0.043083900226757364,0.16331682963554622,estable,0.18491191348334204,3.5990826059149037,0.22727272727272727,0.09803921568627451,4.423583662714097,1.9082125603864732,EXCESO,198.7,94.81673032849503,2.09562172531787,EXCESO,ALTA,LEVE,0.07692307692307693,0.0,0.0,1.238095238095238,estable,26135300
26135320,NEVADO SANTA ISABEL,CALDAS,VILLAMARIA,4.802611111,-75.380472222,0.15384615384615385,0.015039246467817902,0.827175808685115,estable,0.2578144078144078,1.6757936507936506,0.4482758620689655,0.5,2.913793103448276,3.25,EXCESO,,,,sin_datos,CRÍTICA,NORMAL,0.07514450867052024,0.0,1.0,0.0,estable,26135320
26135320,NEVADO SANTA ISABEL  - AUT,CALDAS,VILLAMARIA,4.802611111,-75.38047222,0.05101214574898785,0.015039246467817902,0.827175808685115,estable,0.2578144078144078,5.053980851599899,0.4482758620689655,0.5,8.787629994526547,9.801587301587302,EXCESO,,,,sin_datos,MODERADA,NORMAL,0.07514450867052024,0.0,1.0,0.0,estable,26135320
26135330,LA LAGUNA DEL OTUN,RISARALDA,PEREIRA,4.776361111,-75.4125,0.23076923076923078,-0.06026425954997383,0.2705758175828742,estable,0.34803113553113557,1.5081349206349208,0.4482758620689655,0.3333333333333333,1.9425287356321839,1.4444444444444442,EXCESO,,,,sin_datos,CRÍTICA,MODERADA,0.10526315789473684,0.0,1.0,0.0,estable,26135330
26135330,LA LAGUNA DEL OTUN  - AUT,RISARALDA,PEREIRA,4.776361111,-75.4125,0.05141657922350472,-0.06026425954997383,0.2705758175828742,estable,0.34803113553113557,6.768850452268821,0.4482758620689655,0.3333333333333333,8.71850809289233,6.482993197278912,EXCESO,,,,sin_datos,MODERADA,MODERADA,0.10526315789473684,0.0,1.0,0.0,estable,26135330
26135501,EL PILAMO,RISARALDA,PEREIRA,4.86833333,-75.79333333,0.0,,,,,,,,,,sin_datos,,,,sin_datos,BAJA,MODERADA,0.08243727598566308,0.0,7.0,,,26135501
26135501,EL PILAMO  - AUT,RISARALDA,PEREIRA,4.868333333,-75.79333333,0.05273972602739726,,,,,,,,,,sin_datos,,,,sin_datos,BAJA,MODERADA,0.08243727598566308,0.0,7.0,,,26135501
26135502,EL JAZMIN,RISARALDA,SANTA ROSA DE CABAL,4.91194444,-75.62416389,0.0,,,,,,,,,,sin_datos,,,,sin_datos,BAJA,MODERADA,0.09090909090909091,0.0,6.0,,,26135502
26135502,EL JAZMIN  - AUT,RISARALDA,SANTA ROSA DE CABAL,4.911944444,-75.62416389,0.05534495830174375,,,,,,,,,,sin_datos,,,,sin_datos,BAJA,MODERADA,0.09090909090909091,0.0,6.0,,,26135502
26135503,NARANJAL,CALDAS,CHINCHINA,4.97194444,-75.65221944,0.0,,,,,,,,,,sin_datos,,,,sin_datos,BAJA,MODERADA,0.07166123778501629,0.0,7.0,,,26135503
26135503,NARANJAL  - AUT,CALDAS,CHINCHINA,4.971944444,-75.65221944,0.05304010349288486,,,,,,,,,,sin_datos,,,,sin_datos,BAJA,MODERADA,0.07166123778501629,0.0,7.0,,,26135503
26137220,EL RETEN,RISARALDA,PEREIRA,4.728194444,-75.603444444,0.21052631578947367,-0.03270378326769304,0.5873994778203494,estable,0.5513729378391032,2.6190214547357407,0.6818181818181818,0.45098039215686275,3.2386363636363638,2.142156862745098,EXCESO,176.7,2.2547368421052627,78.36834733893558,EXCESO,CRÍTICA,MODERADA,0.10714285714285714,0.0,0.0,0.0,estable,26137220
26137220,EL RETEN - AUT,RISARALDA,SANTA ROSA DE CABAL,4.728194444,-75.60344444,0.023575638506876228,-0.03270378326769304,0.5873994778203494,estable,0.5513729378391032,23.387402113341963,0.6818181818181818,0.45098039215686275,28.920454545454543,19.12908496732026,EXCESO,176.7,2.2547368421052627,78.36834733893558,EXCESO,ALTA,MODERADA,0.10714285714285714,0.0,0.0,0.0,estable,26137220
26145090,SANTA EMILIA,RISARALDA,BELÉN DE UMBRÍA,5.207472222,-75.90294444,0.12290502793296089,0.023059631527373465,0.08843621713917829,estable,0.1395749113491049,1.1356322332495354,0.09090909090909091,0.2,0.7396694214876034,1.6272727272727274,EXCESO,,,,sin_datos,CRÍTICA,NORMAL,0.0945945945945946,0.0,1.0,0.7551020408163265,estable,26145090
26145090,SANTA EMILIA - AUT,RISARALDA,BELÉN DE UMBRÍA,5.207472222,-75.90294444,0.04366197183098591,0.023059631527373465,0.08843621713917829,estable,0.1395749113491049,3.196715711544016,0.09090909090909091,0.2,2.082111436950147,4.580645161290323,EXCESO,,,,sin_datos,MODERADA,NORMAL,0.0945945945945946,0.0,1.0,0.7551020408163265,estable,26145090
26145501,APIA,RISARALDA,APÍA,5.10505556,-75.93305556,0.0,,,,,,,,,,sin_datos,,,,sin_datos,BAJA,MODERADA,0.08900523560209424,0.0,7.0,,,26145501
26145501,APIA  - AUT,RISARALDA,APÍA,5.105055556,-75.93305556,0.05466237942122187,,,,,,,,,,sin_datos,,,,sin_datos,BAJA,MODERADA,0.08900523560209424,0.0,7.0,,,26145501
26145503,ANSERMA,CALDAS,ANSERMA,5.23133056,-75.77961667,0.0,,,,,,,,,,sin_datos,,,,sin_datos,BAJA,MODERADA,0.076,0.0,7.0,,,26145503
26145503,ANSERMA  - AUT,CALDAS,ANSERMA,5.231330556,-75.77961667,0.05174927113702624,,,,,,,,,,sin_datos,,,,sin_datos,BAJA,MODERADA,0.076,0.0,7.0,,,26145503
26145504,OSPIRMA,RISARALDA,GUÁTICA,5.32555278,-75.812775,0.0,,,,,,,,,,sin_datos,,,,sin_datos,BAJA,MODERADA,0.08169934640522876,0.0,7.0,,,26145504
26145504,OSPIRMA  - AUT,RISARALDA,GUÁTICA,5.325552778,-75.812775,0.05452292441140025,,,,,,,,,,sin_datos,,,,sin_datos,BAJA,MODERADA,0.08169934640522876,0.0,7.0,,,26145504
26145505,LA FLORESTA  - AUT,CALDAS,BELALCAZAR,4.979219444,-75.83555556,0.05423476968796434,,,,,,,,,,sin_datos,,,,sin_datos,BAJA,NORMAL,0.09266409266409266,0.0,0.0,,,26145505
26145506,FILO BONITO  - AUT,CALDAS,BELALCAZAR,4.986358333,-75.84574722,0.05468102734051367,,,,,,,,,,sin_datos,,,,sin_datos,BAJA,NORMAL,0.0942622950819672,0.0,0.0,,,26145506
26145507,LAS TANGAS  - AUT,CALDAS,BELALCAZAR,5.038,-75.80599722,0.054995417048579284,,,,,,,,,,sin_datos,,,,sin_datos,BAJA,NORMAL,0.09433962264150944,0.0,0.0,,,26145507
26145508,SAN JOSE  - AUT,CALDAS,SAN JOSE,5.094972222,-75.79174722,0.056666666666666664,,,,,,,,,,sin_datos,,,,sin_datos,BAJA,NORMAL,0.0989010989010989,0.0,0.0,,,26145508
26147140,PUENTE NEGRO,CALDAS,BELALCAZAR,4.987944444,-75.85891667,0.04938271604938271,0.0006940816074607172,0.8664293282599201,estable,0.08915659979619936,1.8054211458730371,0.11203319502074689,0.09375,2.268672199170125,1.8984375,EXCESO,339.4,267.17363536155204,1.2703349248540479,EXCESO,ALTA,MODERADA,0.08783783783783784,0.2727272727272727,0.0,1.4689826302729527,estable,26147140
26147140,PUENTE NEGRO  - AUT,CALDAS,BELALCAZAR,4.987944444,-75.85891667,0.05714285714285714,0.0006940816074607172,0.8664293282599201,estable,0.08915659979619936,1.5602404964334888,0.11203319502074689,0.09375,1.9605809128630707,1.640625,EXCESO,339.4,267.17363536155204,1.2703349248540479,EXCESO,ALTA,MODERADA,0.08783783783783784,0.2727272727272727,0.0,1.4689826302729527,estable,26147140
26155110,AEROPUERTO LA NUBIA,CALDAS,MANIZALES,5.029777778,-75.469916667,0.05309734513274336,-0.002310968253247114,0.30062900962195077,estable,0.05693048548767867,1.0721908100179482,0.04149377593360996,0.0625,0.7814661134163209,1.1770833333333333,EXCESO,406.0,198.60968792308617,2.0442104523986164,EXCESO,ALTA,NORMAL,0.07633587786259542,0.0,1.0,1.1228571428571428,estable,26155110
26155110,AEROPUERTO LA NUBIA,CALDAS,MANIZALES,5.03,-75.47,0.055762081784386616,-0.002310968253247114,0.30062900962195077,estable,0.05693048548767867,1.0209533730790374,0.04149377593360996,0.0625,0.7441217150760719,1.1208333333333333,NORMAL,406.0,198.60968792308617,2.0442104523986164,EXCESO,ALTA,NORMAL,0.07633587786259542,0.0,1.0,1.1228571428571428,estable,26155110
26155150,LAS BRISAS,CALDAS,VILLAMARIA,4.934527778,-75.35038889,0.045714285714285714,0.0032736336883802306,0.525564550798576,estable,0.06239053658408497,1.3647929877768588,0.09655172413793103,0.09655172413793103,2.1120689655172415,2.1120689655172415,EXCESO,136.0,150.22019950770826,0.9053376339912358,NORMAL,MODERADA,MODERADA,0.08187134502923976,0.16666666666666666,0.0,1.0714285714285714,estable,26155150
26155150,LAS BRISAS - AUT,CALDAS,VILLAMARIA,4.934527778,-75.35038889,0.05805515239477504,0.0032736336883802306,0.525564550798576,estable,0.06239053658408497,1.0746769926608637,0.09655172413793103,0.09655172413793103,1.663103448275862,1.663103448275862,EXCESO,136.0,150.22019950770826,0.9053376339912358,NORMAL,BAJA,MODERADA,0.08187134502923976,0.16666666666666666,0.0,1.0714285714285714,estable,26155150
26155170,TESORITO FINCA,CALDAS,MANIZALES,5.032222222,-75.43833333,0.09115281501340483,-0.0028438040811471907,0.24943267551601542,estable,0.11991165770919039,1.3155014213390592,0.13278008298755187,0.09375,1.456675616304613,1.0284926470588234,NORMAL,83.1,92.79107977223138,0.8955602219952662,NORMAL,MODERADA,MODERADA,0.09523809523809523,0.3333333333333333,0.0,0.7350000000000001,estable,26155170
26155170,TESORITO FINCA  - AUT,CALDAS,MANIZALES,5.032222222,-75.43833333,0.007462686567164179,-0.0028438040811471907,0.24943267551601542,estable,0.11991165770919039,16.068162133031514,0.13278008298755187,0.09375,17.79253112033195,12.5625,EXCESO,83.1,92.79107977223138,0.8955602219952662,NORMAL,MODERADA,MODERADA,0.09523809523809523,0.3333333333333333,0.0,0.7350000000000001,estable,26155170
26155220,VILLAMARIA - AUT,CALDAS,VILLAMARIA,5.048666667,-75.51388889,0.05354330708661417,,,,,,,,,,sin_datos,,,,sin_datos,BAJA,MODERADA,0.1016949152542373,0.0,1.0,,,26155220
26155230,EMAS - AUT,CALDAS,MANIZALES,5.08525,-75.50713889,0.055495103373231776,,,,,,,,,,sin_datos,,,,sin_datos,BAJA,NORMAL,0.09375,0.0,4.0,,,26155230
26155240,PNN NEVADOS,CALDAS,VILLAMARIA,4.859444444,-75.38241667,0.13636363636363635,-0.06855477855477855,0.3786560611662057,estable,0.2142324342324342,1.571037851037851,0.3103448275862069,0.16666666666666666,2.2758620689655173,1.2222222222222223,EXCESO,,,,sin_datos,CRÍTICA,NORMAL,0.0995850622406639,0.0,1.0,0.0,estable,26155240
26155240,PNN NEVADOS - AUT,CALDAS,VILLAMARIA,4.859444444,-75.38241667,0.05302464525765497,-0.06855477855477855,0.3786560611662057,estable,0.2142324342324342,4.040242668129991,0.3103448275862069,0.16666666666666666,5.8528411850412825,3.1431924882629105,EXCESO,,,,sin_datos,MODERADA,NORMAL,0.0995850622406639,0.0,1.0,0.0,estable,26155240
26155250,PARAMO CONEJERAS,CALDAS,VILLAMARIA,4.829805556,-75.37583333,0.24864864864864866,-0.012770911883815109,0.2605635301968564,estable,0.25749760991696474,1.0355882137964887,0.3372093023255814,0.4,1.3561678463094033,1.608695652173913,EXCESO,,,,sin_datos,ALTA,NORMAL,0.09523809523809523,0.0,0.0,0.0,estable,26155250
26155250,PARAMO CONEJERAS  - AUT,CALDAS,VILLAMARIA,4.829805556,-75.37583333,0.02511415525114155,-0.012770911883815109,0.2605635301968564,estable,0.25749760991696474,10.253086649420961,0.3372093023255814,0.4,13.427061310782241,15.92727272727273,EXCESO,,,,sin_datos,MODERADA,NORMAL,0.09523809523809523,0.0,0.0,0.0,estable,26155250
26155260,SENDERO LAGUNA VERDE,CALDAS,VILLAMARIA,4.840666667,-75.36161111,0.10465116279069768,0.024417255384997325,0.1159393793512216,estable,0.16499932729076222,1.5766602385561723,0.38372093023255816,0.4,3.6666666666666665,3.8222222222222224,EXCESO,,,,sin_datos,CRÍTICA,MODERADA,0.10126582278481013,0.0,0.0,0.0,estable,26155260
26155260,SENDERO LAGUNA VERDE  - AUT,CALDAS,VILLAMARIA,4.840666667,-75.36161111,0.045765027322404374,0.024417255384997325,0.1159393793512216,estable,0.16499932729076222,3.605358435129491,0.38372093023255816,0.4,8.384588684484553,8.740298507462686,EXCESO,,,,sin_datos,MODERADA,MODERADA,0.10126582278481013,0.0,0.0,0.0,estable,26155260
26155270,SAN ANTONIO CALDAS,CALDAS,VILLAMARIA,4.886611111,-75.428972222,0.22727272727272727,0.052494172494172486,0.5459469740970566,estable,0.5308757908757908,2.33585347985348,0.5977011494252874,0.5,2.6298850574712644,2.2,EXCESO,,,,sin_datos,CRÍTICA,MODERADA,0.10317460317460317,0.0,1.0,0.0,estable,26155270
26155270,SAN ANTONIO CALDAS - AUT,CALDAS,VILLAMARIA,4.886611111,-75.42897222,0.04941176470588235,0.052494172494172486,0.5459469740970566,estable,0.5308757908757908,10.743914815343388,0.5977011494252874,0.5,12.09633278598796,10.11904761904762,EXCESO,,,,sin_datos,MODERADA,MODERADA,0.10317460317460317,0.0,1.0,0.0,estable,26155270
26155502,CENICAFE,CALDAS,MANIZALES,4.99111111,-75.59749722,0.0,,,,,,,,,,sin_datos,,,,sin_datos,BAJA,MODERADA,0.09541984732824428,0.0,5.0,,,26155502
26155502,CENICAFE  - AUT,CALDAS,MANIZALES,4.991111111,-75.59749722,0.054187192118226604,,,,,,,,,,sin_datos,,,,sin_datos,BAJA,MODERADA,0.09541984732824428,0.0,5.0,,,26155502
26155503,PLANALTO,CALDAS,MANIZALES,4.98972222,-75.58971944,0.0,,,,,,,,,,sin_datos,,,,sin_datos,BAJA,MODERADA,0.07342657342657342,0.0,6.0,,,26155503
26155503,PLANALTO  - AUT,CALDAS,MANIZALES,4.989722222,-75.58971944,0.0535966149506347,,,,,,,,,,sin_datos,,,,sin_datos,BAJA,MODERADA,0.07342657342657342,0.0,6.0,,,26155503
26155505,GRANJA LUKER  - AUT,CALDAS,PALESTINA,5.070275,-75.68555278,0.05219454329774614,,,,,,,,,,sin_datos,,,,sin_datos,BAJA,ALTA,0.10429447852760736,0.0,11.0,,,26155505
26157190,RIO CLARO,CALDAS,VILLAMARIA,4.900916667,-75.45111111,0.011299435028248588,0.01593137254901961,0.1523360992569194,estable,0.04003267973856209,3.5428921568627447,0.16,,14.16,,sin_datos,,,,sin_datos,MODERADA,ALTA,0.09,0.0,14.0,2.2222222222222223,insuficiente,26157190
26157190,RIO CLARO - AUT,CALDAS,VILLAMARIA,4.900916667,-75.45111111,0.05672609400324149,0.01593137254901961,0.1523360992569194,estable,0.04003267973856209,0.705718954248366,0.16,,2.8205714285714287,,sin_datos,,,,sin_datos,BAJA,ALTA,0.09,0.0,14.0,2.2222222222222223,insuficiente,26157190
26165501,EL CIPRES,CALDAS,SALAMINA,5.43333333,-75.5,0.2,,,,,,,,,,sin_datos,,,,sin_datos,ALTA,NORMAL,0.07792207792207792,0.0,0.0,,,26165501
26165501,EL CIPRES  - AUT,CALDAS,SALAMINA,5.433333333,-75.5,0.05192761605035405,,,,,,,,,,sin_datos,,,,sin_datos,BAJA,NORMAL,0.07792207792207792,0.0,0.0,,,26165501
26165502,JARDIN  - AUT,ANTIOQUIA,JARDÍN,5.6,-75.84972222,0.054455445544554455,,,,,,,,,,sin_datos,,,,sin_datos,BAJA,MODERADA,0.10416666666666667,0.0,2.0,,,26165502
26167070,IRRA,CALDAS,NEIRA,5.268305556,-75.66419444,0.07377049180327869,-0.008928571428571428,0.1422824870000206,estable,0.03787878787878787,0.5134680134680134,0.0,,0.0,,sin_datos,,,,sin_datos,BAJA,ALTA,0.09836065573770492,0.0,28.0,1.6944444444444444,creciente,26167070
26167070,IRRA  - AUT,CALDAS,NEIRA,5.268305556,-75.66419444,0.05612244897959184,-0.008928571428571428,0.1422824870000206,estable,0.03787878787878787,0.674931129476584,0.0,,0.0,,sin_datos,,,,sin_datos,BAJA,ALTA,0.09836065573770492,0.0,28.0,1.6944444444444444,creciente,26167070
26175040,HACIENDA TUNEZ,ANTIOQUIA,FREDONIA,5.80025,-75.65097222,0.06830601092896176,-0.0050684242707095244,0.005577110316926731,decreciente,0.053888618577645035,0.7889293759767232,0.01775147928994083,0.020833333333333332,0.2598816568047337,0.30499999999999994,DEFICIT,150.7,3058.212688172043,0.04927714824506745,DEFICIT,BAJA,MODERADA,0.08737864077669903,0.11764705882352941,1.0,1.0,estable,26175040
26175501,RAFAEL ESCOBAR,CALDAS,SUPIA,5.45,-75.63305556,0.0,,,,,,,,,,sin_datos,,,,sin_datos,BAJA,MODERADA,0.0830188679245283,0.0,5.0,,,26175501
26175501,RAFAEL ESCOBAR  - AUT,CALDAS,SUPIA,5.45,-75.63305556,0.05371900826446281,,,,,,,,,,sin_datos,,,,sin_datos,BAJA,MODERADA,0.0830188679245283,0.0,5.0,,,26175501
26175502,LA CRISTALINA  - AUT,ANTIOQUIA,TÁMESIS,5.7,-75.65999722,0.055020632737276476,,,,,,,,,,sin_datos,,,,sin_datos,BAJA,NORMAL,0.08870967741935484,0.0,0.0,,,26175502
26177030,LA VIRGINIA,RISARALDA,LA VIRGINIA,4.8925,-75.882694444,0.09205020920502092,0.005028235974096871,0.6502920008032669,estable,0.18782910656161636,2.040507112192105,0.20320855614973263,0.19375,2.2075838599902773,2.1048295454545456,EXCESO,1215.7,126.73516656416896,9.592444093916606,EXCESO,ALTA,MODERADA,0.07977207977207977,0.2857142857142857,0.0,0.8796992481203008,estable,26177030
26177030,LA VIRGINIA,RISARALDA,LA VIRGINIA,4.8925,-75.88269444,0.047619047619047616,0.005028235974096871,0.6502920008032669,estable,0.18782910656161636,3.9444112377939438,0.20320855614973263,0.19375,4.267379679144385,4.0687500000000005,EXCESO,1215.7,126.73516656416896,9.592444093916606,EXCESO,ALTA,MODERADA,0.07977207977207977,0.2857142857142857,0.0,0.8796992481203008,estable,26177030
26177030,LA VIRGINIA,RISARALDA,LA VIRGINIA,4.893,-75.883,0.04742145820983995,0.005028235974096871,0.6502920008032669,estable,0.18782910656161636,3.960846284618085,0.20320855614973263,0.19375,4.285160427807487,4.085703125,EXCESO,1215.7,126.73516656416896,9.592444093916606,EXCESO,ALTA,MODERADA,0.07977207977207977,0.2857142857142857,0.0,0.8796992481203008,estable,26177030
26180180,SONSON,ANTIOQUIA,SONSÓN,5.71525,-75.2945,0.05397727272727273,-0.012830131057324359,0.01608014965837415,decreciente,0.15737800986885386,2.9156347091492925,0.08298755186721991,0.06875,1.5374535924874426,1.273684210526316,EXCESO,220.6,216.35431354359926,1.0196237661586773,NORMAL,MODERADA,NORMAL,0.09090909090909091,0.0,0.0,0.3793103448275862,estable,26180180
26180250,VALLE ALTO,CALDAS,SALAMINA,5.35,-75.31777778,0.016666666666666666,0.012244897959183673,0.8292281955192614,estable,0.09523809523809523,5.714285714285714,0.02127659574468085,0.02127659574468085,1.2765957446808511,1.2765957446808511,EXCESO,66.2,126.91409822604165,0.5216126571068079,DEFICIT,MODERADA,MODERADA,0.09219858156028368,0.14285714285714285,1.0,1.3557692307692308,estable,26180250
26180250,VALLE ALTO  - AUT,CALDAS,SALAMINA,5.35,-75.31777778,0.058007566204287514,0.012244897959183673,0.8292281955192614,estable,0.09523809523809523,1.6418219461697723,0.02127659574468085,0.02127659574468085,0.3667900092506938,0.3667900092506938,DEFICIT,66.2,126.91409822604165,0.5216126571068079,DEFICIT,MODERADA,MODERADA,0.09219858156028368,0.14285714285714285,1.0,1.3557692307692308,estable,26180250
26185020,MESOPOTAMIA,ANTIOQUIA,LA UNIÓN,5.88636111,-75.31863889,0.0,-0.004218780025231637,0.7217473882065109,estable,0.06124054161688571,,0.06224066390041494,0.09375,,,sin_datos,754.0,307.125,2.455026455026455,EXCESO,ALTA,MODERADA,0.08771929824561403,0.23076923076923078,0.0,1.0,estable,26185020
26185020,MESOPOTAMIA,ANTIOQUIA,LA UNIÓN,5.886361111,-75.31863889,0.0759493670886076,-0.004218780025231637,0.7217473882065109,estable,0.06124054161688571,0.8063337979556618,0.06224066390041494,0.09375,0.8195020746887967,1.234375,EXCESO,754.0,307.125,2.455026455026455,EXCESO,ALTA,MODERADA,0.08771929824561403,0.23076923076923078,0.0,1.0,estable,26185020
26185030,JERICO - AUT,ANTIOQUIA,JERICÓ,5.799166667,-75.78952778,0.04951856946354883,,,,,,,,,,sin_datos,,,,sin_datos,BAJA,MODERADA,0.11428571428571428,0.0,14.0,,,26185030
26185050,SANTA BARBARA,ANTIOQUIA,SANTA BÁRBARA,5.859583333,-75.55627778,0.08659217877094973,-0.008256504124277713,0.07806267121074896,estable,0.11467595986022255,1.3243223751599893,0.08298755186721991,0.09375,0.9583723731762815,1.0826612903225805,NORMAL,166.4,167.29181832183045,0.9946690858478519,NORMAL,MODERADA,NORMAL,0.0898876404494382,0.0,0.0,1.1125,estable,26185050
26185050,SANTA BARBARA - AUT,ANTIOQUIA,SANTA BÁRBARA,5.859583333,-75.55627778,0.04096385542168675,-0.008256504124277713,0.07806267121074896,estable,0.11467595986022255,2.7994425495289623,0.08298755186721991,0.09375,2.0258725896997802,2.2886029411764706,EXCESO,166.4,167.29181832183045,0.9946690858478519,NORMAL,MODERADA,NORMAL,0.0898876404494382,0.0,0.0,1.1125,estable,26185050
26185501,SONSON  - AUT,ANTIOQUIA,SONSÓN,5.677719444,-75.34780556,0.05317769130998703,,,,,,,,,,sin_datos,,,,sin_datos,BAJA,NORMAL,0.08653846153846154,0.0,1.0,,,26185501
26187040,QUITASUENO  - AUT,CALDAS,AGUADAS,5.721138889,-75.55258333,0.05481874447391689,0.0024691358024691353,0.7867553754987716,estable,0.03652263374485597,0.6662435284747112,0.024,0.06818181818181818,0.4378064516129032,1.2437683284457477,EXCESO,49.4,60.014604462474644,0.8231329764222366,DEFICIT,BAJA,NORMAL,0.0990990990990991,0.0,5.0,1.009090909090909,estable,26187040
26187040,QUITASUEÑO,ANTIOQUIA,ABEJORRAL,5.713611111,-75.540277778,0.028169014084507043,0.0024691358024691353,0.7867553754987716,estable,0.03652263374485597,1.2965534979423867,0.024,0.06818181818181818,0.852,2.4204545454545454,EXCESO,49.4,60.014604462474644,0.8231329764222366,DEFICIT,MODERADA,NORMAL,0.0990990990990991,0.0,5.0,1.009090909090909,estable,26187040
26195501,ANDES  - AUT,ANTIOQUIA,ANDES,5.660108333,-75.91413889,0.056241426611796985,,,,,,,,,,sin_datos,,,,sin_datos,BAJA,MODERADA,0.0962962962962963,0.0,4.0,,,26195501
26195502,CIUDAD BOLIVAR  - AUT,ANTIOQUIA,CIUDAD BOLÍVAR,5.868666667,-75.99044167,0.05606523955147808,,,,,,,,,,sin_datos,,,,sin_datos,BAJA,MODERADA,0.09285714285714286,0.0,9.0,,,26195502
26200120,OTRAMINA,ANTIOQUIA,TITIRIBÍ,6.07294444,-75.79458333,0.0,,,,,,,,,,sin_datos,,,,sin_datos,BAJA,NORMAL,,,,,,26200120
26205501,EL ROSARIO,ANTIOQUIA,TÁMESIS,5.62583056,-75.70527778,0.0,,,,,,,,,,sin_datos,,,,sin_datos,BAJA,MODERADA,0.10175438596491228,0.0,3.0,,,26205501
26205501,EL ROSARIO  - AUT,ANTIOQUIA,VENECIA,5.625830556,-75.70527778,0.054287476866132015,,,,,,,,,,sin_datos,,,,sin_datos,BAJA,MODERADA,0.10175438596491228,0.0,3.0,,,26205501
26207030,PUENTE IGLESIAS,ANTIOQUIA,FREDONIA,5.829944444,-75.7055,0.06611570247933884,-0.0006447789736506659,0.7997957881572563,estable,0.07377371330138995,1.115827413683523,0.0967741935483871,0.10416666666666667,1.4637096774193548,1.5755208333333333,EXCESO,146.4,239.23569892473117,0.6119488047060262,DEFICIT,MODERADA,MODERADA,0.09302325581395349,0.2857142857142857,1.0,1.0,estable,26207030
26207080,BOLOMBOLO,ANTIOQUIA,VENECIA,5.97,-75.84,0.15816326530612246,-0.008754710045032624,0.13739568325577967,estable,0.13341484751238974,0.8435261326589802,0.06363636363636363,0.09352517985611511,0.4023460410557184,0.5913204919935019,DEFICIT,247.9,625.6500079693595,0.39622791791307804,DEFICIT,ALTA,MODERADA,0.10091743119266056,0.0,1.0,0.24466891133557797,estable,26207080
26207080,BOLOMBOLO - AUT,ANTIOQUIA,VENECIA,5.965944444,-75.84147222,0.03621581670362158,-0.008754710045032624,0.13739568325577967,estable,0.13341484751238974,3.6838834425359863,0.06363636363636363,0.09352517985611511,1.757142857142857,2.5824401703127293,EXCESO,247.9,625.6500079693595,0.39622791791307804,DEFICIT,MODERADA,MODERADA,0.10091743119266056,0.0,1.0,0.24466891133557797,estable,26207080
26215501,CONCORDIA,ANTIOQUIA,CONCORDIA,6.04244167,-75.92149722,0.0,,,,,,,,,,sin_datos,,,,sin_datos,BAJA,MODERADA,0.06880733944954129,0.0,5.0,,,26215501
26215501,CONCORDIA  - AUT,ANTIOQUIA,CONCORDIA,6.042441667,-75.92149722,0.05344202898550725,,,,,,,,,,sin_datos,,,,sin_datos,BAJA,MODERADA,0.06880733944954129,0.0,5.0,,,26215501
26217010,LA GALERA,ANTIOQUIA,SANTA FE DE ANTIOQUIA,6.554972222,-75.86419444,0.057692307692307696,-0.004693207449585858,0.10490951170079357,estable,0.05710953348908565,0.9898985804774846,0.030927835051546393,0.025,0.5360824742268041,0.43333333333333335,DEFICIT,123.0,242.35476449275362,0.5075204535691218,DEFICIT,BAJA,MODERADA,0.0979381443298969,0.25,1.0,1.2763157894736843,estable,26217010
26217010,LA GALERA - AUT,ANTIOQUIA,SANTA FE DE ANTIOQUIA,6.554972222,-75.86419444,0.05509641873278237,-0.004693207449585858,0.10490951170079357,estable,0.05710953348908565,1.0365380328269045,0.030927835051546393,0.025,0.561340206185567,0.45375,DEFICIT,123.0,242.35476449275362,0.5075204535691218,DEFICIT,BAJA,MODERADA,0.0979381443298969,0.25,1.0,1.2763157894736843,estable,26217010
26225060,HACIENDA COTOVE,ANTIOQUIA,SANTA FE DE ANTIOQUIA,6.533916667,-75.82733333,0.10062893081761007,0.002106900806259256,0.3617947006701346,estable,0.08690440313224962,0.8636125061267306,0.08713692946058091,0.0625,0.8659232365145227,0.62109375,DEFICIT,124.8,101.13438654774959,1.2340016512689966,EXCESO,CRÍTICA,MODERADA,0.09693877551020408,0.125,1.0,0.35571687840290384,estable,26225060
26225060,HACIENDA COTOVE - AUT,ANTIOQUIA,SANTA FE DE ANTIOQUIA,6.533916667,-75.82733333,0.04137323943661972,0.002106900806259256,0.3617947006701346,estable,0.08690440313224962,2.100497914005012,0.08713692946058091,0.0625,2.1061181248344663,1.5106382978723405,EXCESO,124.8,101.13438654774959,1.2340016512689966,EXCESO,ALTA,MODERADA,0.09693877551020408,0.125,1.0,0.35571687840290384,estable,26225060
26237040,PTO VALDIVIA,ANTIOQUIA,VALDIVIA,7.287,-75.396,0.038020519010259504,0.006411687707611872,0.1608396140591618,estable,0.1330926701291015,3.500548482601924,0.19915254237288135,0.075,5.2380279795534035,1.9726190476190475,EXCESO,533.6,274.46068509928034,1.9441764484664954,EXCESO,ALTA,SEVERA,0.10294117647058823,0.15384615384615385,17.0,1.1564625850340136,estable,26237040
26237040,PUERTO VALDIVIA,ANTIOQUIA,VALDIVIA,7.28711694,-75.396725,0.058394160583941604,0.006411687707611872,0.1608396140591618,estable,0.1330926701291015,2.2792119759608633,0.19915254237288135,0.075,3.4104872881355934,1.284375,EXCESO,533.6,274.46068509928034,1.9441764484664954,EXCESO,ALTA,SEVERA,0.10294117647058823,0.15384615384615385,17.0,1.1564625850340136,estable,26237040
26237040,PUERTO VALDIVIA,ANTIOQUIA,VALDIVIA,7.287116944,-75.396725,0.08668076109936575,0.006411687707611872,0.1608396140591618,estable,0.1330926701291015,1.5354349505137808,0.19915254237288135,0.075,2.2975403059115336,0.8652439024390244,NORMAL,533.6,274.46068509928034,1.9441764484664954,EXCESO,ALTA,SEVERA,0.10294117647058823,0.15384615384615385,17.0,1.1564625850340136,estable,26237040
26237100,OLAYA,ANTIOQUIA,LIBORINA,6.64494444,-75.82616667,0.0,-0.00018348524350572388,0.9404250381784638,estable,0.06270823041167707,,0.08298755186721991,0.01875,,,sin_datos,111.2,259.0967588325653,0.4291832923771161,DEFICIT,BAJA,NORMAL,0.09803921568627451,0.1,1.0,1.00990099009901,estable,26237100
26237100,OLAYA,ANTIOQUIA,LIBORINA,6.644944444,-75.82616667,0.06353591160220995,-0.00018348524350572388,0.9404250381784638,estable,0.06270823041167707,0.9869730177837869,0.08298755186721991,0.01875,1.3061519033014612,0.2951086956521739,DEFICIT,111.2,259.0967588325653,0.4291832923771161,DEFICIT,BAJA,NORMAL,0.09803921568627451,0.1,1.0,1.00990099009901,estable,26237100
26247010,HACIENDA PALMIRA,ANTIOQUIA,CÁCERES,7.796777778,-75.37252778,0.045584045584045586,-0.0033069920533359224,0.2596107068907437,estable,0.06841895482944874,1.5009408215710316,0.08713692946058091,0.0625,1.9115663900414936,1.37109375,EXCESO,710.2,1886.069630393959,0.3765502548554661,DEFICIT,MODERADA,MODERADA,0.10052910052910052,0.0,0.0,1.105263157894737,estable,26247010
26247010,PALMIRA HACIENDA  - AUT,ANTIOQUIA,CÁCERES,7.796777778,-75.37252778,0.05825242718446602,-0.0033069920533359224,0.2596107068907437,estable,0.06841895482944874,1.17452539123887,0.08713692946058091,0.0625,1.4958506224066388,1.0729166666666667,NORMAL,710.2,1886.069630393959,0.3765502548554661,DEFICIT,MODERADA,MODERADA,0.10052910052910052,0.0,0.0,1.105263157894737,estable,26247010
26247020,LA COQUERA,ANTIOQUIA,CAUCASIA,7.96,-75.2,0.07480314960629922,0.012754367427444353,0.0020467138695854483,creciente,0.12337362637362637,1.6493105841526892,0.2864583333333333,0.1981981981981982,3.8294956140350873,2.649596965386439,EXCESO,459.9,94.6925993907678,4.856768141955121,EXCESO,ALTA,MODERADA,0.10416666666666667,0.0,1.0,0.0,estable,26247020
26247020,LA COQUERA,ANTIOQUIA,CAUCASIA,7.962,-75.196,0.015037593984962405,0.012754367427444353,0.0020467138695854483,creciente,0.12337362637362637,8.204346153846155,0.2864583333333333,0.1981981981981982,19.049479166666668,13.180180180180182,EXCESO,459.9,94.6925993907678,4.856768141955121,EXCESO,ALTA,MODERADA,0.10416666666666667,0.0,1.0,0.0,estable,26247020
26247050,LAS CAMELIAS - AUT,ANTIOQUIA,TARAZÁ,7.582527778,-75.42005556,0.025142857142857144,,,,,,,,,,sin_datos,,,,sin_datos,BAJA,MODERADA,0.14285714285714285,0.0,102.0,,,26247050
26255030,SANTA ISABEL VALDIVIA,ANTIOQUIA,VALDIVIA,7.157222222,-75.442275,0.20949720670391062,-0.0006709622565922518,0.9200962919821563,estable,0.27184479199756123,1.2976058071350256,0.2808988764044944,0.21649484536082475,1.3408239700374533,1.03340206185567,NORMAL,177.6,50.422597402597404,3.52223029254045,EXCESO,CRÍTICA,NORMAL,0.09090909090909091,0.0,0.0,0.7475728155339806,estable,26255030
26255030,SANTA ISABEL VALDIVIA - AUT,ANTIOQUIA,VALDIVIA,7.157277778,-75.44222222,0.010347376201034738,-0.0006709622565922518,0.9200962919821563,estable,0.27184479199756123,26.271857398050024,0.2808988764044944,0.21649484536082475,27.146869983948637,20.922680412371136,EXCESO,177.6,50.422597402597404,3.52223029254045,EXCESO,ALTA,NORMAL,0.09090909090909091,0.0,0.0,0.7475728155339806,estable,26255030
27010810,SANTA ELENA,ANTIOQUIA,MEDELLÍN,6.196888889,-75.51675,0.06876790830945559,-0.003518826679736024,0.2880459639373992,estable,0.08665304828890287,1.260079743867796,0.06224066390041494,0.075,0.9050829875518672,1.090625,NORMAL,1057.5,357.6576344086021,2.95673822746328,EXCESO,ALTA,MODERADA,0.09821428571428571,0.3,1.0,1.0,estable,27010810
27010850,AMALFI,ANTIOQUIA,AMALFI,6.905555556,-75.07722222,0.07731958762886598,-0.01796571248425966,0.1812624131453883,estable,0.11878147943153075,1.5362404673144643,,,,,sin_datos,,,,sin_datos,MODERADA,MODERADA,0.1111111111111111,0.0,0.0,1.0,estable,27010850
27011100,LAS BRISAS,ANTIOQUIA,SEGOVIA,7.158805556,-74.82183333,0.06876790830945559,0.001766351965994749,0.44034935322935104,estable,0.08985303546262897,1.3066128906857297,0.1078838174273859,0.10625,1.5688105117565698,1.5450520833333332,EXCESO,1037.0,1069.9552688172043,0.9691993957339589,NORMAL,MODERADA,MODERADA,0.07017543859649122,0.21428571428571427,0.0,1.0,estable,27011100
27015190,GUAYABITO,ANTIOQUIA,SANTO DOMINGO,6.540388889,-75.14675,0.0659025787965616,0.000812441641769582,0.845121881936182,estable,0.09611510589261545,1.4584422589792518,0.13692946058091288,0.05625,2.0777557279451564,0.8535326086956523,NORMAL,1654.0,1345.6023655913978,1.2291892778243299,EXCESO,ALTA,MODERADA,0.10126582278481013,0.0,0.0,1.0,estable,27015190
27015260,LA SALADA,ANTIOQUIA,CALDAS,6.048361111,-75.62466667,0.06857142857142857,-0.004241014942812935,0.13820335163033604,estable,0.08950485110322441,1.3052790785886892,0.08298755186721991,0.09375,1.210235131396957,1.3671875,EXCESO,245.3,419.37453149001533,0.584918686236053,DEFICIT,MODERADA,MODERADA,0.10091743119266056,0.3,0.0,1.0,estable,27015260
27015280,PARAMO BELMIRA,ANTIOQUIA,ENTRERRIOS,6.632027778,-75.64444444,0.0,0.0,,estable,0.0,,0.0,0.0,,,sin_datos,0.0,10.64812136304729,0.0,DEFICIT,BAJA,ALTA,0.10714285714285714,0.0,565.0,,,27015280
27015280,PARAMO BELMIRA - AUT,ANTIOQUIA,ENTRERRIOS,6.632027778,-75.64444444,0.07452725250278086,0.0,,estable,0.0,0.0,0.0,0.0,0.0,0.0,DEFICIT,0.0,10.64812136304729,0.0,DEFICIT,BAJA,ALTA,0.10714285714285714,0.0,565.0,,,27015280
27015290,PAJARITO - AUT,ANTIOQUIA,MEDELLÍN,6.286333333,-75.61279167,0.05537459283387622,,,,,,,,,,sin_datos,,,,sin_datos,BAJA,MODERADA,0.09219858156028368,0.0,9.0,,,27015290
27015310,METROMEDELLIN,ANTIOQUIA,BELLO,6.32975,-75.55211111,0.0,0.0011111111111111111,0.09726417772963662,estable,0.004629629629629629,,0.012448132780082987,0.01875,,,sin_datos,28.6,26.130768707482993,1.0944951646910372,NORMAL,BAJA,MODERADA,0.10526315789473684,0.0,0.0,0.0,insuficiente,27015310
27015310,METROMEDELLIN - AUT,ANTIOQUIA,BELLO,6.32975,-75.55211111,0.07078853046594982,0.0011111111111111111,0.09726417772963662,estable,0.004629629629629629,0.06540084388185653,0.012448132780082987,0.01875,0.1758495719312989,0.26487341772151896,DEFICIT,28.6,26.130768707482993,1.0944951646910372,NORMAL,BAJA,MODERADA,0.10526315789473684,0.0,0.0,0.0,insuficiente,27015310
27015320,ARAGON,ANTIOQUIA,SANTA ROSA DE OSOS,6.78,-75.56,0.10817941952506596,0.001989335319557306,0.46023267182399,estable,0.10017757153926972,0.9260316978873957,0.11203319502074689,0.075,1.0356239247039773,0.6932926829268292,DEFICIT,281.59999999999997,81.07535072343435,3.473312140956365,EXCESO,CRÍTICA,NORMAL,0.0963855421686747,0.0,6.0,0.7879746835443038,estable,27015320
27015320,ARAGON - AUT,ANTIOQUIA,SANTA ROSA DE OSOS,6.781083333,-75.560888889,0.037011651816312545,0.001989335319557306,0.46023267182399,estable,0.10017757153926972,2.7066495717739723,0.11203319502074689,0.075,3.0269709543568464,2.0263888888888886,EXCESO,281.59999999999997,81.07535072343435,3.473312140956365,EXCESO,ALTA,NORMAL,0.0963855421686747,0.0,6.0,0.7879746835443038,estable,27015320
27015330,AEROPUERTO OLAYA HERRERA,ANTIOQUIA,MEDELLÍN,6.2246389,-75.5882,0.14376996805111822,-0.002210820484495708,0.41475703593852226,estable,0.1399414746422694,0.9733707014006737,0.13278008298755187,0.06875,0.923559243891194,0.4781944444444445,DEFICIT,488.049,327.0611215933609,1.4922256660233597,EXCESO,CRÍTICA,MODERADA,0.09476309226932668,0.1111111111111111,0.0,0.5554016620498615,estable,27015330
27015330,AEROPUERTO OLAYA HERRERA,ANTIOQUIA,MEDELLÍN,6.224679,-75.588225,0.12121212121212122,-0.002210820484495708,0.41475703593852226,estable,0.1399414746422694,1.1545171657987223,0.13278008298755187,0.06875,1.0954356846473028,0.5671875000000001,DEFICIT,488.049,327.0611215933609,1.4922256660233597,EXCESO,CRÍTICA,MODERADA,0.09476309226932668,0.1111111111111111,0.0,0.5554016620498615,estable,27015330
27015330,APTO OLAYA HERRERA - TX GPRS,ANTIOQUIA,MEDELLÍN,6.221,-75.589,0.02288620470438652,-0.002210820484495708,0.41475703593852226,estable,0.1399414746422694,6.114664989230271,0.13278008298755187,0.06875,5.801751959428308,3.003993055555556,EXCESO,488.049,327.0611215933609,1.4922256660233597,EXCESO,ALTA,MODERADA,0.09476309226932668,0.1111111111111111,0.0,0.5554016620498615,estable,27015330
27015330,OLAYA HERRERA,ANTIOQUIA,MEDELLÍN,6.224679,-75.588225,0.12222222222222222,-0.002210820484495708,0.41475703593852226,estable,0.1399414746422694,1.1449757016185678,0.13278008298755187,0.06875,1.0863824971708789,0.5625000000000001,DEFICIT,488.049,327.0611215933609,1.4922256660233597,EXCESO,CRÍTICA,MODERADA,0.09476309226932668,0.1111111111111111,0.0,0.5554016620498615,estable,27015330
27015501,YOLOMBO  - AUT,ANTIOQUIA,YOLOMBÓ,6.580958333,-75.11487778,0.05271317829457364,,,,,,,,,,sin_datos,,,,sin_datos,BAJA,ALTA,0.10317460317460317,0.0,17.0,,,27015501
27025030,ANORI,ANTIOQUIA,ANORÍ,7.0719,-75.1505,0.06686046511627906,6.291608685362715e-05,0.9867012863644862,estable,0.09065291769544481,1.3558523342275226,0.15104166666666666,0.08108108108108109,2.2590579710144927,1.2126909518213869,EXCESO,156.79999999999998,458.2432974910394,0.3421763086519909,DEFICIT,MODERADA,MODERADA,0.09375,0.18181818181818182,3.0,1.0,estable,27025030
27027060,BRISAS DEL NECHI,ANTIOQUIA,ANGOSTURA,6.939694444,-75.38083333,0.11173184357541899,-0.009925197844428867,0.10246488041293057,estable,0.14429499112746197,1.2914401705907848,0.11515151515151516,0.07142857142857142,1.0306060606060607,0.6392857142857142,DEFICIT,140.6,22.233333333333334,6.323838080959519,EXCESO,CRÍTICA,MODERADA,0.11290322580645161,0.0,1.0,0.656084656084656,estable,27027060
27027060,BRISAS DEL NECHI  - AUT,ANTIOQUIA,ANGOSTURA,6.939694444,-75.38083333,0.0,-0.009925197844428867,0.10246488041293057,estable,0.14429499112746197,,0.11515151515151516,0.07142857142857142,,,sin_datos,140.6,22.233333333333334,6.323838080959519,EXCESO,ALTA,MODERADA,0.11290322580645161,0.0,1.0,0.656084656084656,estable,27027060
27030140,LA PALMA DE COCO,ANTIOQUIA,SEGOVIA,7.236111111,-74.80794444,0.0684931506849315,0.004241574281772025,0.11100291132654803,estable,0.07246244479667419,1.057951694031443,0.09941520467836257,0.12408759124087591,1.4514619883040936,1.8116788321167885,EXCESO,1008.7,723.1059829059828,1.3949545762936244,EXCESO,ALTA,MODERADA,0.08235294117647059,0.13333333333333333,0.0,1.0,estable,27030140
27035050,SENA - EL BAGRE,ANTIOQUIA,EL BAGRE,7.584666667,-74.800694444,0.06845238095238096,-0.0016441057684373614,0.4340835042586897,estable,0.06355516763552577,0.9284581011102894,0.05128205128205128,0.06289308176100629,0.7491638795986622,0.9187858900738309,NORMAL,1102.4,1405.9483870967742,0.7840970622516313,DEFICIT,BAJA,NORMAL,0.0847457627118644,0.0,0.0,1.0,estable,27035050
27037010,LA ESPERANZA NECHI,ANTIOQUIA,NECHÍ,8.03,-74.786,0.09040178571428571,0.009538915191089105,0.006444093510213693,creciente,0.0757011507011507,0.8373855682497658,0.17842323651452283,0.16875,1.9736693816915118,1.866666666666667,EXCESO,247.2,133.88223027897948,1.846398879708626,EXCESO,ALTA,MODERADA,0.10138248847926268,0.2,1.0,0.8966942148760331,estable,27037010
27037010,LA ESPERANZA NECHI,ANTIOQUIA,NECHÍ,8.031943889,-74.788805556,0.014613778705636743,0.009538915191089105,0.006444093510213693,creciente,0.0757011507011507,5.180121597978741,0.17842323651452283,0.16875,12.20924718435092,11.54732142857143,EXCESO,247.2,133.88223027897948,1.846398879708626,EXCESO,ALTA,MODERADA,0.10138248847926268,0.2,1.0,0.8966942148760331,estable,27037010
27037010,LA ESPERANZA NECHI,ANTIOQUIA,NECHÍ,8.03194389,-74.78880556,0.0,0.009538915191089105,0.006444093510213693,creciente,0.0757011507011507,,0.17842323651452283,0.16875,,,sin_datos,247.2,133.88223027897948,1.846398879708626,EXCESO,ALTA,MODERADA,0.10138248847926268,0.2,1.0,0.8966942148760331,estable,27037010
27037020,RETIRO EL,ANTIOQUIA,EL BAGRE,7.56,-74.799,0.06269592476489028,-0.002627632710192112,0.28739737954513694,estable,0.06596594099979504,1.0521567589467309,0.05641025641025641,0.07017543859649122,0.8997435897435898,1.1192982456140352,NORMAL,214.0,444.6567741935484,0.48127007710187486,DEFICIT,BAJA,NORMAL,0.07874015748031496,0.0,2.0,1.0,estable,27037020
27037020,RETIRO EL,ANTIOQUIA,ZARAGOZA,7.561583333,-74.805194444,0.10416666666666667,-0.002627632710192112,0.28739737954513694,estable,0.06596594099979504,0.6332730335980323,0.05641025641025641,0.07017543859649122,0.5415384615384615,0.6736842105263158,DEFICIT,214.0,444.6567741935484,0.48127007710187486,DEFICIT,ALTA,NORMAL,0.07874015748031496,0.0,2.0,1.0,estable,27037020
27037030,SAN JUAN NECHI,ANTIOQUIA,ZARAGOZA,7.475,-74.921,0.06192660550458716,,,,,,,,,,sin_datos,,,,sin_datos,BAJA,MODERADA,0.1044776119402985,0.0,2.0,,,27037030
28015070,URUMITA,LA GUAJIRA,URUMITA,10.566,-73.016,0.06962025316455696,0.0002235872741134999,0.9033723882760659,estable,0.06322883354029071,0.9081959726696303,0.07883817427385892,0.075,1.1324028668427009,1.0772727272727274,NORMAL,261.7,152.95510939443886,1.7109595163972657,EXCESO,ALTA,MODERADA,0.10240963855421686,0.1111111111111111,0.0,1.1675191815856778,estable,28015070
28015070,URUMITA,LA GUAJIRA,URUMITA,10.56638889,-73.01638889,0.050518134715025906,0.0002235872741134999,0.9033723882760659,estable,0.06322883354029071,1.2516066536693444,0.07883817427385892,0.075,1.5605915522927971,1.4846153846153847,EXCESO,261.7,152.95510939443886,1.7109595163972657,EXCESO,ALTA,MODERADA,0.10240963855421686,0.1111111111111111,0.0,1.1675191815856778,estable,28015070
28015110,MANAURE - AUT,CESAR,MANAURE BALCÓN DEL CESAR,10.36533333,-72.99763889,0.05128205128205128,,,,,,,,,,sin_datos,,,,sin_datos,BAJA,MODERADA,0.3333333333333333,0.0,0.0,,,28015110
28017140,CORRAL DE PIEDRA  - AUT,LA GUAJIRA,SAN JUAN DEL CESAR,10.82697222,-73.06544444,0.0625,,,,,,,,,,sin_datos,,,,sin_datos,BAJA,MODERADA,0.05263157894736842,0.0,12.0,,,28017140
28025090,CENTENARIO HACIENDA,CESAR,AGUSTÍN CODAZZI,9.85,-73.265,0.02702702702702703,0.01991031311811681,0.07934007509429032,estable,0.28056655544612125,10.380962551506485,0.5767634854771784,0.3625,21.340248962655597,13.4125,EXCESO,4261.6,2663.6782193116055,1.5998929484438094,EXCESO,ALTA,LEVE,0.07878787878787878,0.0,2.0,1.6272189349112425,estable,28025090
28025090,CENTENARIO HACIENDA,CESAR,AGUSTÍN CODAZZI,9.85025,-73.26547222,0.08483754512635379,0.01991031311811681,0.07934007509429032,estable,0.28056655544612125,3.307103653556408,0.5767634854771784,0.3625,6.798446190518231,4.272872340425532,EXCESO,4261.6,2663.6782193116055,1.5998929484438094,EXCESO,ALTA,LEVE,0.07878787878787878,0.0,2.0,1.6272189349112425,estable,28025090
28025120,SERRANIA DEL PERIJA,CESAR,AGUSTÍN CODAZZI,10.02908333,-73.04619444,0.04,0.01309523809523809,0.8473531310860184,estable,0.20697278911564626,5.174319727891157,0.37362637362637363,0.1,9.340659340659341,2.5,EXCESO,26.2,5.961904761904762,4.394568690095847,EXCESO,ALTA,ALTA,0.10619469026548672,0.0,0.0,2.3541666666666665,estable,28025120
28025120,SERRANIA DEL PERIJA  - AUT,CESAR,AGUSTÍN CODAZZI,10.02908333,-73.04619444,0.052980132450331126,0.01309523809523809,0.8473531310860184,estable,0.20697278911564626,3.906611394557823,0.37362637362637363,0.1,7.052197802197802,1.8875000000000002,EXCESO,26.2,5.961904761904762,4.394568690095847,EXCESO,ALTA,ALTA,0.10619469026548672,0.0,0.0,2.3541666666666665,estable,28025120
28025130,LA LOMA CARBONES - AUT,CESAR,EL PASO,9.640611111,-73.52394444,0.04714142427281846,,,,,,,,,,sin_datos,,,,sin_datos,BAJA,MODERADA,0.10309278350515463,0.0,0.0,,,28025130
28025502,AEROPUERTO ALFONSO LOPEZ -,CESAR,VALLEDUPAR,10.43616667,-73.24766667,0.060781476121562955,-0.0025351221598622093,0.2219550925460218,estable,0.07793529395425021,1.2822211457711166,0.07468879668049792,0.0625,1.2288085358624776,1.0282738095238095,NORMAL,142.47,128.43934606890213,1.1092395310356924,NORMAL,MODERADA,MODERADA,0.09352517985611511,0.125,0.0,0.54001554001554,estable,28025502
28025502,APTO ALFONSO LOPEZ,CESAR,VALLEDUPAR,10.436,-73.248,0.041728763040238454,-0.0025351221598622093,0.2219550925460218,estable,0.07793529395425021,1.867663651546496,0.07468879668049792,0.0625,1.7898636633076466,1.497767857142857,EXCESO,142.47,128.43934606890213,1.1092395310356924,NORMAL,MODERADA,MODERADA,0.09352517985611511,0.125,0.0,0.54001554001554,estable,28025502
28035060,FEDEARROZ,CESAR,VALLEDUPAR,10.46361111,-73.24805556,0.06666666666666667,-0.0017929127702305632,0.7119870245345384,estable,0.09185047261613817,1.3777570892420725,0.08713692946058091,0.10625,1.3070539419087137,1.59375,EXCESO,157.29999999999998,94.19092064714131,1.6700123421585225,EXCESO,ALTA,MODERADA,0.09937888198757763,0.14285714285714285,0.0,1.1391509433962266,estable,28035060
28035060,FEDEARROZ - AUT,CESAR,VALLEDUPAR,10.46361111,-73.24805556,0.04122938530734633,-0.0017929127702305632,0.7119870245345384,estable,0.09185047261613817,2.2277914630896056,0.08713692946058091,0.10625,2.1134666163711806,2.577045454545454,EXCESO,157.29999999999998,94.19092064714131,1.6700123421585225,EXCESO,ALTA,MODERADA,0.09937888198757763,0.14285714285714285,0.0,1.1391509433962266,estable,28035060
28035070,GUATAPURI,CESAR,VALLEDUPAR,10.73213889,-73.39241667,0.0,0.00041584677948314306,0.9626436021901562,estable,0.056460711006165544,,0.07441860465116279,0.04477611940298507,,,sin_datos,317.6,368.82416327704505,0.8611149475080145,NORMAL,BAJA,MODERADA,0.10377358490566038,0.1111111111111111,2.0,1.1680440771349863,estable,28035070
28035070,GUATAPURI - AUT,CESAR,VALLEDUPAR,10.73213889,-73.39241667,0.05423728813559322,0.00041584677948314306,0.9626436021901562,estable,0.056460711006165544,1.0409943591761772,0.07441860465116279,0.04477611940298507,1.372093023255814,0.8255597014925373,DEFICIT,317.6,368.82416327704505,0.8611149475080145,NORMAL,BAJA,MODERADA,0.10377358490566038,0.1111111111111111,2.0,1.1680440771349863,estable,28035070
28037030,PUENTE SALGUERO,CESAR,VALLEDUPAR,10.38411111,-73.23247222,0.0045871559633027525,0.0023214285714285715,0.08712021134625039,estable,0.00861111111111111,1.8772222222222217,0.029411764705882353,0.0,6.411764705882352,0.0,DEFICIT,0.0,0.0,,sin_datos,MODERADA,ALTA,0.12,1.0,19.0,8.333333333333334,insuficiente,28037030
28037030,PUENTE SALGUERO  - AUT,CESAR,VALLEDUPAR,10.38411111,-73.23247222,0.044802867383512544,0.0023214285714285715,0.08712021134625039,estable,0.00861111111111111,0.19219999999999995,0.029411764705882353,0.0,0.6564705882352941,0.0,DEFICIT,0.0,0.0,,sin_datos,BAJA,ALTA,0.12,1.0,19.0,8.333333333333334,insuficiente,28037030
28045501,PUEBLO BELLO,CESAR,PUEBLO BELLO,10.42,-73.57,0.0,,,,,,,,,,sin_datos,,,,sin_datos,BAJA,NORMAL,0.09829059829059829,0.0,2.0,,,28045501
28045501,PUEBLO BELLO  - AUT,CESAR,PUEBLO BELLO,10.42166667,-73.57471944,0.05350938151494093,,,,,,,,,,sin_datos,,,,sin_datos,BAJA,NORMAL,0.09829059829059829,0.0,2.0,,,28045501
28047050,PALMARIGUANI  - AUT,MAGDALENA,ARIGUANÍ (EL DIFICIL),9.930972222,-73.95880556,0.05154639175257732,,,,,,,,,,sin_datos,,,,sin_datos,BAJA,NORMAL,0.07407407407407407,0.0,6.0,,,28047050
29004520,ESCUELA NAVAL BARRANQUILLA,ATLANTICO,BARRANQUILLA,11.00638889,-74.785,0.09195402298850575,-0.0036030917353777133,0.21560696083095196,estable,0.09033534583045066,0.9823968859061509,0.0975609756097561,0.03225806451612903,1.0609756097560976,0.35080645161290325,DEFICIT,87.3,71.87475091927914,1.2146129048578491,EXCESO,ALTA,MODERADA,0.1015625,0.0,14.0,0.9159212880143113,estable,29004520
29004520,ESCUELA NAVAL BARRANQUILLA  - AUT,ATLANTICO,BARRANQUILLA,11.00638889,-74.785,0.033987915407854986,-0.0036030917353777133,0.21560696083095196,estable,0.09033534583045066,2.657866619544815,0.0975609756097561,0.03225806451612903,2.870460704607046,0.9491039426523297,NORMAL,87.3,71.87475091927914,1.2146129048578491,EXCESO,ALTA,MODERADA,0.1015625,0.0,14.0,0.9159212880143113,estable,29004520
29015000,EL GUAMO,BOLIVAR,EL GUAMO,10.034607,-74.976638,0.12,0.013229192296012573,1.250472749399293e-05,creciente,0.09799220165963637,0.8166016804969698,0.19574468085106383,0.22012578616352202,1.6312056737588654,1.8343815513626835,EXCESO,260.2,341.77505716253444,0.7613194542639177,DEFICIT,CRÍTICA,NORMAL,0.09937888198757763,0.0,3.0,0.5204741379310345,decreciente,29015000
29015000,EL GUAMO,BOLIVAR,EL GUAMO,10.06444444,-74.85222222,0.01818181818181818,0.013229192296012573,1.250472749399293e-05,creciente,0.09799220165963637,5.389571091280001,0.19574468085106383,0.22012578616352202,10.765957446808512,12.106918238993712,EXCESO,260.2,341.77505716253444,0.7613194542639177,DEFICIT,MODERADA,NORMAL,0.09937888198757763,0.0,3.0,0.5204741379310345,decreciente,29015000
29015000,EL GUAMO - AUT,BOLIVAR,EL GUAMO,10.06444444,-74.85222222,0.058121019108280256,0.013229192296012573,1.250472749399293e-05,creciente,0.09799220165963637,1.6860028121164834,0.19574468085106383,0.22012578616352202,3.3678810842320024,3.7873696907038856,EXCESO,260.2,341.77505716253444,0.7613194542639177,DEFICIT,MODERADA,NORMAL,0.09937888198757763,0.0,3.0,0.5204741379310345,decreciente,29015000
29015040,CARMEN DE BOLIVAR,BOLIVAR,EL CARMÉN DE BOLÍVAR,9.71569,-75.106448,0.04,-0.004862432277092143,0.24509800452024236,estable,0.11178233634931553,2.7945584087328883,0.1078838174273859,0.09375,2.6970954356846475,2.34375,EXCESO,18.5,177.87918632942907,0.10400317418665458,DEFICIT,MODERADA,SEVERA,0.092,1.0,66.0,0.4466944609886837,estable,29015040
29015040,CARMEN DE BOLIVAR,BOLIVAR,EL CARMÉN DE BOLÍVAR,9.72,-75.11,0.0984251968503937,-0.004862432277092143,0.24509800452024236,estable,0.11178233634931553,1.1357085373090456,0.1078838174273859,0.09375,1.0960995850622406,0.9524999999999999,NORMAL,18.5,177.87918632942907,0.10400317418665458,DEFICIT,MODERADA,SEVERA,0.092,1.0,66.0,0.4466944609886837,estable,29015040
29015040,CARMEN DE BOLIVAR  - AUT,BOLIVAR,EL CARMÉN DE BOLÍVAR,9.71575,-75.10641667,0.044294294294294295,-0.004862432277092143,0.24509800452024236,estable,0.11178233634931553,2.5236283392760726,0.1078838174273859,0.09375,2.435614318869119,2.1165254237288136,EXCESO,18.5,177.87918632942907,0.10400317418665458,DEFICIT,MODERADA,SEVERA,0.092,1.0,66.0,0.4466944609886837,estable,29015040
29035000,SINCERIN,BOLIVAR,ARJONA,10.14258333,-75.27827778,0.07751937984496124,-0.005278470523936895,0.29521090214464946,estable,0.09884373002708263,1.2750841173493659,0.09322033898305085,0.06451612903225806,1.202542372881356,0.832258064516129,DEFICIT,242.3,370.09547783518167,0.6546959217586168,DEFICIT,MODERADA,MODERADA,0.1024390243902439,0.08333333333333333,1.0,0.8874458874458875,estable,29035000
29035000,SINCERIN  - AUT,BOLIVAR,ARJONA,10.14258333,-75.27827778,0.04911955514365153,-0.005278470523936895,0.29521090214464946,estable,0.09884373002708263,2.012309145268343,0.09322033898305085,0.06451612903225806,1.8978253917492804,1.313451004260499,EXCESO,242.3,370.09547783518167,0.6546959217586168,DEFICIT,MODERADA,MODERADA,0.1024390243902439,0.08333333333333333,1.0,0.8874458874458875,estable,29035000
29035080,NORMAL MANATI,ATLANTICO,MANATÍ,10.45358333,-74.95463889,0.10784313725490197,-0.006170204772034707,0.10961534539455377,estable,0.1314092481695374,1.2185221193902558,0.14107883817427386,0.1,1.3081855903432666,0.9272727272727272,NORMAL,275.8,243.94034155597723,1.1306043036621392,NORMAL,CRÍTICA,MODERADA,0.1044776119402985,0.09090909090909091,3.0,0.5173745173745175,estable,29035080
29035080,NORMAL MANATI,ATLANTICO,MANATÍ,10.453966,-74.954726,0.0,-0.006170204772034707,0.10961534539455377,estable,0.1314092481695374,,0.14107883817427386,0.1,,,sin_datos,275.8,243.94034155597723,1.1306043036621392,NORMAL,BAJA,MODERADA,0.1044776119402985,0.09090909090909091,3.0,0.5173745173745175,estable,29035080
29035080,NORMAL MANATI  - AUT,ATLANTICO,MANATÍ,10.45358333,-74.95463889,0.03527336860670194,-0.006170204772034707,0.10961534539455377,estable,0.1314092481695374,3.725452185606385,0.14107883817427386,0.1,3.999585062240664,2.8350000000000004,EXCESO,275.8,243.94034155597723,1.1306043036621392,NORMAL,MODERADA,MODERADA,0.1044776119402985,0.09090909090909091,3.0,0.5173745173745175,estable,29035080
29035200,REPELON,ATLANTICO,REPELÓN,10.49,-75.12694444,0.09965635738831616,-0.0030736683865042187,0.2793340981781471,estable,0.07433269348225359,0.7458901311495101,0.05394190871369295,0.04375,0.541279152954643,0.4390086206896551,DEFICIT,8.299999999999999,34.99445110192838,0.23718045971987328,DEFICIT,BAJA,MODERADA,0.10256410256410256,0.0,45.0,0.44318181818181823,estable,29035200
29035200,REPELON - AUT,ATLANTICO,REPELÓN,10.49,-75.12694444,0.03736799350121852,-0.0030736683865042187,0.2793340981781471,estable,0.07433269348225359,1.9892075147098733,0.05394190871369295,0.04375,1.4435323831860005,1.170788043478261,EXCESO,8.299999999999999,34.99445110192838,0.23718045971987328,DEFICIT,MODERADA,MODERADA,0.10256410256410256,0.0,45.0,0.44318181818181823,estable,29035200
29045000,SABANALARGA,ATLANTICO,PONEDERA,10.677485,-74.850417,0.04,-0.0026142484134102253,0.14289084488913678,estable,0.05499208199997883,1.3748020499994706,0.04145077720207254,0.04195804195804196,1.0362694300518134,1.048951048951049,NORMAL,248.17,346.1485073794001,0.7169466131136322,DEFICIT,MODERADA,ALTA,0.1016949152542373,0.0,3.0,1.5589430894308942,estable,29045000
29045000,SABANALARGA,ATLANTICO,SABANALARGA,10.63672222,-74.91888889,0.050880626223091974,-0.0026142484134102253,0.14289084488913678,estable,0.05499208199997883,1.0808059193072763,0.04145077720207254,0.04195804195804196,0.8146671980868873,0.8246369015599786,DEFICIT,248.17,346.1485073794001,0.7169466131136322,DEFICIT,BAJA,ALTA,0.1016949152542373,0.0,3.0,1.5589430894308942,estable,29045000
29045000,SABANALARGA TX GPRS,ATLÁNTICO,SABANALARGA,10.637,-74.919,0.05396290050590219,-0.0026142484134102253,0.14289084488913678,estable,0.05499208199997883,1.0190720195621077,0.04145077720207254,0.04195804195804196,0.7681347150259068,0.7775349650349651,DEFICIT,248.17,346.1485073794001,0.7169466131136322,DEFICIT,BAJA,ALTA,0.1016949152542373,0.0,3.0,1.5589430894308942,estable,29045000
29045110,JUAN DE ACOSANTA,ATLANTICO,JUAN DE ACOSTA,10.834,-75.046,0.04046242774566474,0.02800993722111494,0.006676895980190182,creciente,0.2777188850605771,6.863623873639978,0.5435684647302904,0.65625,13.433906342620034,16.21875,EXCESO,20783.6,288.4452744668449,72.05387586402962,EXCESO,ALTA,MODERADA,0.0947867298578199,0.3333333333333333,0.0,0.8012658227848102,estable,29045110
29045110,JUAN DE ACOSTA,ATLANTICO,JUAN DE ACOSTA,10.83388889,-75.04611111,0.07476635514018691,0.02800993722111494,0.006676895980190182,creciente,0.2777188850605771,3.714490087685219,0.5435684647302904,0.65625,7.270228215767635,8.77734375,EXCESO,20783.6,288.4452744668449,72.05387586402962,EXCESO,ALTA,MODERADA,0.0947867298578199,0.3333333333333333,0.0,0.8012658227848102,estable,29045110
29045110,JUAN DE ACOSTA,ATLANTICO,JUAN DE ACOSTA,10.837897,-75.042914,0.04081632653061224,0.02800993722111494,0.006676895980190182,creciente,0.2777188850605771,6.80411268398414,0.5435684647302904,0.65625,13.317427385892117,16.078125,EXCESO,20783.6,288.4452744668449,72.05387586402962,EXCESO,ALTA,MODERADA,0.0947867298578199,0.3333333333333333,0.0,0.8012658227848102,estable,29045110
29045180,LAS FLORES,ATLÁNTICO,BARRANQUILLA,11.039,-74.82,0.3333333333333333,,,,,,,,,,sin_datos,,,,sin_datos,ALTA,MODERADA,0.0,0.0,3.0,,,29045180
29045190,AEROPUERTO E. CORTISSOZ,ATLANTICO,SOLEDAD,10.91777778,-74.77972222,0.040310077519379844,-0.0005616693119715802,0.06141521275010533,estable,0.002901774918992117,0.07198633933653521,0.0,0.0,0.0,0.0,DEFICIT,132.5,2741.5513536955136,0.04833030022268039,DEFICIT,BAJA,MODERADA,0.09541984732824428,0.25,0.0,1.3474285714285712,estable,29045190
29045190,APTO ERNESTO CORTIZOS TX GPRS,ATLÁNTICO,SOLEDAD,10.918,-74.78,0.058423913043478264,-0.0005616693119715802,0.06141521275010533,estable,0.002901774918992117,0.049667589311120884,0.0,0.0,0.0,0.0,DEFICIT,132.5,2741.5513536955136,0.04833030022268039,DEFICIT,BAJA,MODERADA,0.09541984732824428,0.25,0.0,1.3474285714285712,estable,29045190
29047000,TEBSA BQUILLA,ATLANTICO,SOLEDAD,10.935994,-74.761809,0.0625,-0.012082484508955096,0.13180874759093428,estable,0.05015278838808251,0.8024446142093201,0.012448132780082987,0.0125,0.1991701244813278,0.2,DEFICIT,307.8,1032.8429475955695,0.2980123945431879,DEFICIT,BAJA,ALTA,0.10116731517509728,0.1,0.0,2.5785953177257523,estable,29047000
29047000,TEBSA BQUILLA,ATLANTICO,SOLEDAD,10.93663889,-74.75988889,0.023391812865497075,-0.012082484508955096,0.13180874759093428,estable,0.05015278838808251,2.144031703590527,0.012448132780082987,0.0125,0.5321576763485477,0.534375,DEFICIT,307.8,1032.8429475955695,0.2980123945431879,DEFICIT,MODERADA,ALTA,0.10116731517509728,0.1,0.0,2.5785953177257523,estable,29047000
29047000,TEBSA TX GPRS,ATLÁNTICO,SOLEDAD,10.937,-74.76,0.059006211180124224,-0.012082484508955096,0.13180874759093428,estable,0.05015278838808251,0.8499577821559245,0.012448132780082987,0.0125,0.2109630923782485,0.21184210526315791,DEFICIT,307.8,1032.8429475955695,0.2980123945431879,DEFICIT,BAJA,ALTA,0.10116731517509728,0.1,0.0,2.5785953177257523,estable,29047000
29047070,SAN PEDRITO,ATLANTICO,SUAN,10.26822222,-74.90786111,0.07462686567164178,0.007913478097191989,0.006263808502617189,creciente,0.10883131647104499,1.458339640712003,0.17391304347826086,0.17532467532467533,2.330434782608696,2.3493506493506495,EXCESO,726.0,88.97373233407717,8.15971164696145,EXCESO,ALTA,NORMAL,0.09967845659163987,0.0,1.0,0.46125324434556914,estable,29047070
29047070,SAN PEDRITO - TX GPRS,ATLÁNTICO,SUAN,10.268,-74.908,0.04173813607775872,0.007913478097191989,0.006263808502617189,creciente,0.10883131647104499,2.6074790754501054,0.17391304347826086,0.17532467532467533,4.166765932102442,4.2005870841487285,EXCESO,726.0,88.97373233407717,8.15971164696145,EXCESO,ALTA,NORMAL,0.09967845659163987,0.0,1.0,0.46125324434556914,estable,29047070
29065000,MEDIA LUNA,MAGDALENA,PIVIJAI,10.51002778,-74.50666667,0.15168539325842698,0.001947224137104055,0.564841064316709,estable,0.15324195227119478,1.0102617594175063,0.16033755274261605,0.12179487179487179,1.0570401625253947,0.8029439696106362,DEFICIT,280.2,163.8130808033467,1.7104861139652987,EXCESO,CRÍTICA,MODERADA,0.10191082802547771,0.0,3.0,0.3463235294117647,estable,29065000
29065000,MEDIA LUNA - AUT,MAGDALENA,PIVIJAI,10.51002778,-74.50666667,0.0267022696929239,0.001947224137104055,0.564841064316709,estable,0.15324195227119478,5.738911112556244,0.16033755274261605,0.12179487179487179,6.004641350210971,4.561217948717949,EXCESO,280.2,163.8130808033467,1.7104861139652987,EXCESO,ALTA,MODERADA,0.10191082802547771,0.0,3.0,0.3463235294117647,estable,29065000
29065120,BATALLON NO. 6,MAGDALENA,FUNDACIÓN,10.46536111,-73.92777778,0.2857142857142857,-0.013614163614163611,0.7508202961064022,estable,0.25567765567765566,0.8948717948717948,0.47191011235955055,0.125,1.651685393258427,0.4375,DEFICIT,0.0,2.17,0.0,DEFICIT,ALTA,MODERADA,0.09259259259259259,0.0,6.0,0.0,estable,29065120
29065120,BATALLON NO. 6 - AUT,MAGDALENA,FUNDACIÓN,10.46536111,-73.92777778,0.05100334448160535,-0.013614163614163611,0.7508202961064022,estable,0.25567765567765566,5.01295862607338,0.47191011235955055,0.125,9.252532694787254,2.4508196721311477,EXCESO,0.0,2.17,0.0,DEFICIT,MODERADA,MODERADA,0.09259259259259259,0.0,6.0,0.0,estable,29065120
29065130,LA GRAN VIA,MAGDALENA,ZONA BANANERA,10.85,-74.13333333,0.08259587020648967,-0.0069902077492952465,0.0017441036671488588,decreciente,0.05658985411728956,0.6851414480628987,0.016129032258064516,0.0,0.19527649769585254,0.0,DEFICIT,40.2,92.53623787596746,0.43442440413325173,DEFICIT,BAJA,LEVE,0.0945273631840796,0.0,1.0,1.3464114832535883,estable,29065130
29065130,LA GRAN VIA - AUT,MAGDALENA,ZONA BANANERA,10.85,-74.13333333,0.040376850605652756,-0.0069902077492952465,0.0017441036671488588,decreciente,0.05658985411728956,1.4015420536382048,0.016129032258064516,0.0,0.39946236559139786,0.0,DEFICIT,40.2,92.53623787596746,0.43442440413325173,DEFICIT,MODERADA,LEVE,0.0945273631840796,0.0,1.0,1.3464114832535883,estable,29065130
29065501,"CIENAGA,LA  - AUT",MAGDALENA,CIÉNAGA,10.89785833,-74.08156667,0.05013550135501355,,,,,,,,,,sin_datos,,,,sin_datos,BAJA,NORMAL,0.09259259259259259,0.0,2.0,,,29065501
29067060,PUERTO RICO HACIENDA,MAGDALENA,ARACATACA,10.496596,-74.128263,0.06896551724137931,-0.0058783677797557944,0.08631458878349701,estable,0.08426521826132505,1.2218456647892133,0.04149377593360996,0.0625,0.6016597510373444,0.90625,NORMAL,217.2,60.669627551020405,3.580045053306857,EXCESO,ALTA,NORMAL,0.09467455621301775,0.0,3.0,0.990234375,estable,29067060
29067060,PUERTO RICO HACIENDA,MAGDALENA,ARACATACA,10.5,-74.13333333,0.059907834101382486,-0.0058783677797557944,0.08631458878349701,estable,0.08426521826132505,1.4065809509775027,0.04149377593360996,0.0625,0.6926268751994893,1.0432692307692308,NORMAL,217.2,60.669627551020405,3.580045053306857,EXCESO,ALTA,NORMAL,0.09467455621301775,0.0,3.0,0.990234375,estable,29067060
29067060,PUERTO RICO HACIENDA  - AUT,MAGDALENA,ARACATACA,10.5,-74.13333333,0.04361370716510903,-0.0058783677797557944,0.08631458878349701,estable,0.08426521826132505,1.932081075848953,0.04149377593360996,0.0625,0.9513930053349141,1.4330357142857144,EXCESO,217.2,60.669627551020405,3.580045053306857,EXCESO,ALTA,NORMAL,0.09467455621301775,0.0,3.0,0.990234375,estable,29067060
29067150,GANADERIA CARIBE,MAGDALENA,ARACATACA,10.572415,-74.122212,0.07662835249042145,-0.002228227180731644,0.383198815180371,estable,0.09672610825919165,1.262275712782451,0.1037344398340249,0.05625,1.353734439834025,0.7340625000000001,DEFICIT,145.79999999999998,184.32157079825424,0.7910088839226672,DEFICIT,MODERADA,NORMAL,0.08974358974358974,0.0,1.0,0.5743740795287187,estable,29067150
29067150,GANADERIA CARIBE,MAGDALENA,ARACATACA,10.57491667,-74.12666667,0.06722689075630252,-0.002228227180731644,0.383198815180371,estable,0.09672610825919165,1.4388008603554758,0.1037344398340249,0.05625,1.5430497925311204,0.8367187500000001,DEFICIT,145.79999999999998,184.32157079825424,0.7910088839226672,DEFICIT,MODERADA,NORMAL,0.08974358974358974,0.0,1.0,0.5743740795287187,estable,29067150
29067150,GANADERIA CARIBE  - AUT,MAGDALENA,ARACATACA,10.57491667,-74.12666667,0.038314176245210725,-0.002228227180731644,0.383198815180371,estable,0.09672610825919165,2.524551425564902,0.1037344398340249,0.05625,2.70746887966805,1.4681250000000001,EXCESO,145.79999999999998,184.32157079825424,0.7910088839226672,DEFICIT,MODERADA,NORMAL,0.08974358974358974,0.0,1.0,0.5743740795287187,estable,29067150
29067160,PUENTE SEVILLA  - AUT,MAGDALENA,CIÉNAGA,10.79883333,-74.02858333,0.015503875968992248,,,,,,,,,,sin_datos,,,,sin_datos,BAJA,ALTA,0.3333333333333333,0.0,95.0,,,29067160
31095030,PTO INIRIDA,GUAINÍA,INÍRIDA,3.868,-67.932,0.03580146460537022,0.001157061109006863,0.6086218262968863,estable,0.09688770483948678,2.7062497556302105,0.09583333333333334,0.07547169811320754,2.676799242424243,2.1080617495711835,EXCESO,862.5,674.2498308067534,1.27919943111888,EXCESO,ALTA,NORMAL,0.09859154929577464,0.0,0.0,0.7671068427370948,estable,31095030
31095030,PUERTO INIRIDA,GUAINÍA,INÍRIDA,3.874416667,-67.919055556,0.08391608391608392,0.001157061109006863,0.6086218262968863,estable,0.09688770483948678,1.1545784826705507,0.09583333333333334,0.07547169811320754,1.1420138888888889,0.8993710691823898,NORMAL,862.5,674.2498308067534,1.27919943111888,EXCESO,ALTA,NORMAL,0.09859154929577464,0.0,0.0,0.7671068427370948,estable,31095030
31095030,PUERTO INIRIDA,GUAINÍA,INÍRIDA,3.87441667,-67.91905556,0.047619047619047616,0.001157061109006863,0.6086218262968863,estable,0.09688770483948678,2.0346418016292223,0.09583333333333334,0.07547169811320754,2.0125,1.5849056603773586,EXCESO,862.5,674.2498308067534,1.27919943111888,EXCESO,ALTA,NORMAL,0.09859154929577464,0.0,0.0,0.7671068427370948,estable,31095030
31095030,PUERTO INIRIDA,GUAINÍA,INÍRIDA,3.874444,-67.91911111,0.11731843575418995,0.001157061109006863,0.6086218262968863,estable,0.09688770483948678,0.8258523412508635,0.09583333333333334,0.07547169811320754,0.8168650793650795,0.6433063791554358,DEFICIT,862.5,674.2498308067534,1.27919943111888,EXCESO,CRÍTICA,NORMAL,0.09859154929577464,0.0,0.0,0.7671068427370948,estable,31095030
32067030,PUERTO ANGOSTURAS  - AUT,META,CUBARRAL,3.792666667,-73.92247222,0.05592841163310962,,,,,,,,,,sin_datos,,,,sin_datos,BAJA,MODERADA,0.10638297872340426,0.0,0.0,,,32067030
32075080,PUERTO LLERAS,META,PUERTO LLERAS,3.267694444,-73.37319444,0.3333333333333333,0.0,1.0,insuficiente,0.3333333333333333,1.0,,,,,sin_datos,,,,sin_datos,ALTA,MODERADA,0.0,0.0,2.0,,insuficiente,32075080
32075501,LEJANIAS,META,LEJANÍAS,3.51995,-74.08978611,0.2,,,,,,,,,,sin_datos,,,,sin_datos,ALTA,MODERADA,0.10588235294117647,0.0,0.0,,,32075501
32075501,LEJANIAS  - AUT,META,LEJANÍAS,3.51995,-74.08978611,0.057803468208092484,,,,,,,,,,sin_datos,,,,sin_datos,BAJA,MODERADA,0.10588235294117647,0.0,0.0,,,32075501
32105080,SAN JOSE DEL GUAVIARE,GUAVIARE,SAN JOSÉ DEL GUAVIARE,2.547925,-72.71803,0.062111801242236024,-0.001309707873591492,0.8819406473264834,estable,0.09875149342891278,1.5898990442054957,0.05921052631578947,0.04032258064516129,0.9532894736842105,0.6491935483870968,DEFICIT,358.9,603.5492473118279,0.5946490722977769,DEFICIT,MODERADA,NORMAL,0.09900990099009901,0.06666666666666667,1.0,0.7318840579710145,estable,32105080
32105080,SAN JOSE DEL GUAVIARE,GUAVIARE,SAN JOSÉ DEL GUAVIARE,2.549999722,-72.65,0.11627906976744186,-0.001309707873591492,0.8819406473264834,estable,0.09875149342891278,0.8492628434886499,0.05921052631578947,0.04032258064516129,0.5092105263157894,0.34677419354838707,DEFICIT,358.9,603.5492473118279,0.5946490722977769,DEFICIT,ALTA,NORMAL,0.09900990099009901,0.06666666666666667,1.0,0.7318840579710145,estable,32105080
32105080,SAN JOSE DEL GUAVIARE,GUAVIARE,SAN JOSÉ DEL GUAVIARE,2.553,-72.647,0.056338028169014086,-0.001309707873591492,0.8819406473264834,estable,0.09875149342891278,1.7528390083632017,0.05921052631578947,0.04032258064516129,1.050986842105263,0.7157258064516129,DEFICIT,358.9,603.5492473118279,0.5946490722977769,DEFICIT,MODERADA,NORMAL,0.09900990099009901,0.06666666666666667,1.0,0.7318840579710145,estable,32105080
33035010,CARIMAGUA,META,PUERTO GAITÁN,4.571298,-71.33571,0.09821428571428571,-0.0014657731879766025,0.3650435275813901,estable,0.051200449442457475,0.5213136670504761,0.034482758620689655,0.033112582781456956,0.3510971786833856,0.3371462974111981,DEFICIT,310.8,506.3655054331004,0.6137858852256713,DEFICIT,BAJA,MODERADA,0.10106382978723404,0.0,2.0,0.7140531741725448,estable,33035010
33035010,CARIMAGUA,META,PUERTO GAITÁN,4.574,-71.341,0.029556650246305417,-0.0014657731879766025,0.3650435275813901,estable,0.051200449442457475,1.7322818728031446,0.034482758620689655,0.033112582781456956,1.1666666666666667,1.120309050772627,NORMAL,310.8,506.3655054331004,0.6137858852256713,DEFICIT,MODERADA,MODERADA,0.10106382978723404,0.0,2.0,0.7140531741725448,estable,33035010
33035010,CARIMAGUA,META,PUERTO GAITÁN,4.574416667,-71.34075,0.07924528301886792,-0.0014657731879766025,0.3650435275813901,estable,0.051200449442457475,0.6461009096310111,0.034482758620689655,0.033112582781456956,0.4351395730706076,0.4178492589088616,DEFICIT,310.8,506.3655054331004,0.6137858852256713,DEFICIT,BAJA,MODERADA,0.10106382978723404,0.0,2.0,0.7140531741725448,estable,33035010
33035010,CARIMAGUA,META,PUERTO GAITÁN,4.57441667,-71.34075,0.3333333333333333,-0.0014657731879766025,0.3650435275813901,estable,0.051200449442457475,0.15360134832737243,0.034482758620689655,0.033112582781456956,0.10344827586206896,0.09933774834437087,DEFICIT,310.8,506.3655054331004,0.6137858852256713,DEFICIT,ALTA,MODERADA,0.10106382978723404,0.0,2.0,0.7140531741725448,estable,33035010
34015010,LAS GAVIOTAS,VICHADA,CUMARIBO,4.553891,-70.930225,0.06532663316582915,-0.0004051570220217642,0.8357891966668028,estable,0.05317784523217461,0.8140300924002112,0.03982300884955752,0.05625,0.6095983662355343,0.8610576923076922,NORMAL,898.9,736.3845161290322,1.2206937820002874,EXCESO,ALTA,NORMAL,0.0989010989010989,0.0,0.0,1.0,estable,34015010
34015010,LAS GAVIOTAS,VICHADA,CUMARIBO,4.553944444,-70.93011111,0.06521739130434782,-0.0004051570220217642,0.8357891966668028,estable,0.05317784523217461,0.815393626893344,0.03982300884955752,0.05625,0.6106194690265487,0.8625,NORMAL,898.9,736.3845161290322,1.2206937820002874,EXCESO,ALTA,NORMAL,0.0989010989010989,0.0,0.0,1.0,estable,34015010
34035010,TUPARRO BOCAS - TOMO,VICHADA,CUMARIBO,5.3526389,-67.856777,0.06382978723404255,-0.00733995981590775,0.002852974189911679,decreciente,0.04829867630046841,0.7566792620406718,0.014218009478672985,0.022900763358778626,0.22274881516587677,0.3587786259541985,DEFICIT,312.0,734.5470506912442,0.42475155227482425,DEFICIT,BAJA,NORMAL,0.08888888888888889,0.0,2.0,1.0,estable,34035010
34035010,TUPARRO BOCAS - TOMO,VICHADA,CUMARIBO,5.353138889,-67.85825,0.07317073170731707,-0.00733995981590775,0.002852974189911679,decreciente,0.04829867630046841,0.660081909439735,0.014218009478672985,0.022900763358778626,0.1943127962085308,0.31297709923664124,DEFICIT,312.0,734.5470506912442,0.42475155227482425,DEFICIT,BAJA,NORMAL,0.08888888888888889,0.0,2.0,1.0,estable,34035010
35017020,PUENTE LLERAS,META,PUERTO LÓPEZ,4.103019444,-72.936383333,0.05027932960893855,0.01034449401415112,0.02119426134013231,creciente,0.12615088729612112,2.5090009806672975,0.2237442922374429,0.2826086956521739,4.450025367833587,5.620772946859903,EXCESO,317.2,151.45596411222516,2.0943381256677522,EXCESO,ALTA,MODERADA,0.10194174757281553,0.0,3.0,0.5162907268170426,estable,35017020
35017020,PUENTE LLERAS - AUT,META,PUERTO LÓPEZ,4.103019444,-72.93638333,0.05363984674329502,0.01034449401415112,0.02119426134013231,creciente,0.12615088729612112,2.351812970306258,0.2237442922374429,0.2826086956521739,4.171232876712328,5.2686335403726705,EXCESO,317.2,151.45596411222516,2.0943381256677522,EXCESO,ALTA,MODERADA,0.10194174757281553,0.0,3.0,0.5162907268170426,estable,35017020
35020300,GUTIERREZ,CUNDINAMARCA,GUTIÉRREZ,4.253916667,-74.00269444,0.0783132530120482,-0.00018832087905580649,0.9062133396081232,estable,0.06875103290726124,0.8778978048157974,0.06224066390041494,0.08125,0.7947654005745292,1.0375,NORMAL,638.6,447.13124684857274,1.4282159981010472,EXCESO,ALTA,NORMAL,0.0944055944055944,0.0,0.0,0.6077717061323619,estable,35020300
35020300,GUTIERREZ,CUNDINAMARCA,GUTIÉRREZ,4.25391667,-74.00269444,0.0390625,-0.00018832087905580649,0.9062133396081232,estable,0.06875103290726124,1.7600264424258878,0.06224066390041494,0.08125,1.5933609958506225,2.08,EXCESO,638.6,447.13124684857274,1.4282159981010472,EXCESO,ALTA,NORMAL,0.0944055944055944,0.0,0.0,0.6077717061323619,estable,35020300
35020300,GUTIERREZ,CUNDINAMARCA,GUTIÉRREZ,4.253917,-74.002694,0.0547945205479452,-0.00018832087905580649,0.9062133396081232,estable,0.06875103290726124,1.2547063505575178,0.06224066390041494,0.08125,1.1358921161825728,1.4828125,EXCESO,638.6,447.13124684857274,1.4282159981010472,EXCESO,ALTA,NORMAL,0.0944055944055944,0.0,0.0,0.6077717061323619,estable,35020300
35020300,GUTIERREZ,CUNDINAMARCA,GUTIÉRREZ,4.254,-74.003,0.04643449419568822,-0.00018832087905580649,0.9062133396081232,estable,0.06875103290726124,1.480602601538519,0.06224066390041494,0.08125,1.3403971547125075,1.7497767857142859,EXCESO,638.6,447.13124684857274,1.4282159981010472,EXCESO,ALTA,NORMAL,0.0944055944055944,0.0,0.0,0.6077717061323619,estable,35020300
35025060,BOLSA LA,CUNDINAMARCA,CHOACHÍ,4.57541667,-73.98141667,1.0,-0.0003858673603524671,0.9372670665986748,estable,0.09990772812794982,0.09990772812794982,0.18620689655172415,0.078125,0.18620689655172415,0.078125,DEFICIT,29.200000000000003,31.656129032258065,0.9224122118735607,NORMAL,ALTA,NORMAL,0.06862745098039216,0.0,2.0,1.0,estable,35025060
35025060,LA BOLSA,CUNDINAMARCA,CHOACHÍ,4.575416667,-73.98141667,0.07389162561576355,-0.0003858673603524671,0.9372670665986748,estable,0.09990772812794982,1.3520845873315874,0.18620689655172415,0.078125,2.52,1.0572916666666665,NORMAL,29.200000000000003,31.656129032258065,0.9224122118735607,NORMAL,MODERADA,NORMAL,0.06862745098039216,0.0,2.0,1.0,estable,35025060
35025060,LA BOLSA,CUNDINAMARCA,CHOACHÍ,4.587059,-73.995885,0.04794520547945205,-0.0003858673603524671,0.9372670665986748,estable,0.09990772812794982,2.083789758097239,0.18620689655172415,0.078125,3.8837438423645323,1.6294642857142858,EXCESO,29.200000000000003,31.656129032258065,0.9224122118735607,NORMAL,MODERADA,NORMAL,0.06862745098039216,0.0,2.0,1.0,estable,35025060
35025080,PNN CHINGAZA,CUNDINAMARCA,LA CALERA,4.661,-73.82733,0.08045977011494253,0.0032352301923798846,0.2820783500495192,estable,0.11232029659194057,1.3959808290712614,0.1497584541062802,0.12698412698412698,1.8612836438923395,1.5782312925170068,EXCESO,400.7,150.88662502757958,2.655636309227267,EXCESO,ALTA,NORMAL,0.09056603773584905,0.0,0.0,0.920138888888889,decreciente,35025080
35025080,PNN CHINGAZA - AUT,CUNDINAMARCA,LA CALERA,4.661,-73.82733333,0.04649639816633923,0.0032352301923798846,0.2820783500495192,estable,0.11232029659194057,2.415677364730891,0.1497584541062802,0.12698412698412698,3.2208614002857727,2.731052984574111,EXCESO,400.7,150.88662502757958,2.655636309227267,EXCESO,ALTA,NORMAL,0.09056603773584905,0.0,0.0,0.920138888888889,decreciente,35025080
35025090,BOSQUE INTERVENIDO  - AUT,CUNDINAMARCA,LA CALERA,4.664888889,-73.84663889,0.05235204855842185,,,,,,,,,,sin_datos,,,,sin_datos,BAJA,MODERADA,0.10303030303030303,0.0,1.0,,,35025090
35025110,LA LIBERTAD,META,VILLAVICENCIO,4.057361111,-73.46791667,0.1797752808988764,-0.005329924137936777,0.24807842584335427,estable,0.14548048390506396,0.8092351917219183,0.17012448132780084,0.1625,0.9463174273858922,0.90390625,NORMAL,248.4,351.01460313033976,0.7076628658317198,DEFICIT,ALTA,SEVERA,0.0914826498422713,0.3333333333333333,45.0,1.0410509031198685,creciente,35025110
35025110,LA LIBERTAD,META,VILLAVICENCIO,4.057415,-73.467865,0.0851063829787234,-0.005329924137936777,0.24807842584335427,estable,0.14548048390506396,1.7093956858845016,0.17012448132780084,0.1625,1.99896265560166,1.909375,EXCESO,248.4,351.01460313033976,0.7076628658317198,DEFICIT,MODERADA,SEVERA,0.0914826498422713,0.3333333333333333,45.0,1.0410509031198685,creciente,35025110
35025110,LA LIBERTAD - AUT,META,VILLAVICENCIO,4.057361111,-73.46791667,0.040293040293040296,-0.005329924137936777,0.24807842584335427,estable,0.14548048390506396,3.610561100552951,0.17012448132780084,0.1625,4.222180309317238,4.032954545454546,EXCESO,248.4,351.01460313033976,0.7076628658317198,DEFICIT,MODERADA,SEVERA,0.0914826498422713,0.3333333333333333,45.0,1.0410509031198685,creciente,35025110
35025501,QUETAME  - AUT,CUNDINAMARCA,QUETAME,4.297941667,-73.87238889,0.05263157894736842,,,,,,,,,,sin_datos,,,,sin_datos,BAJA,MODERADA,0.10679611650485436,0.0,3.0,,,35025501
35027001,CAQUEZA PLAZA DE FERIAS - TXGPRS,CUNDINAMARCA,CÁQUEZA,4.403,-73.941,0.046236559139784944,0.004916753923461859,0.10139123119183574,estable,0.08719397503648524,1.8858231810216575,0.09623430962343096,0.14556962025316456,2.081346696506763,3.1483662054754196,EXCESO,279.7,105.37326011480737,2.654373601948524,EXCESO,ALTA,NORMAL,0.09836065573770492,0.0,5.0,0.6275720164609053,estable,35027001
35027001,PLAZA DE FERIAS,CUNDINAMARCA,CÁQUEZA,4.403388889,-73.94055556,0.07122507122507123,0.004916753923461859,0.10139123119183574,estable,0.08719397503648524,1.2242034095122527,0.09623430962343096,0.14556962025316456,1.3511297071129706,2.0437974683544304,EXCESO,279.7,105.37326011480737,2.654373601948524,EXCESO,ALTA,NORMAL,0.09836065573770492,0.0,5.0,0.6275720164609053,estable,35027001
35027001,PLAZA DE FERIAS,CUNDINAMARCA,CÁQUEZA,4.40338889,-73.94055556,0.04296875,0.004916753923461859,0.10139123119183574,estable,0.08719397503648524,2.029241600849111,0.09623430962343096,0.14556962025316456,2.2396348421453025,3.3878020713463752,EXCESO,279.7,105.37326011480737,2.654373601948524,EXCESO,ALTA,NORMAL,0.09836065573770492,0.0,5.0,0.6275720164609053,estable,35027001
35027001,PLAZA DE FERIAS,CUNDINAMARCA,CÁQUEZA,4.403389,-73.940556,0.08843537414965986,0.004916753923461859,0.10139123119183574,estable,0.08719397503648524,0.9859626407971792,0.09623430962343096,0.14556962025316456,1.0881879626649502,1.6460564751703992,EXCESO,279.7,105.37326011480737,2.654373601948524,EXCESO,ALTA,NORMAL,0.09836065573770492,0.0,5.0,0.6275720164609053,estable,35027001
35027100,CARAZA,CUNDINAMARCA,CHIPAQUE,4.429173,-74.010245,0.03125,-0.0002298618262007536,0.9008975068496221,estable,0.049790905290071026,1.5933089692822728,0.054187192118226604,0.06557377049180328,1.7339901477832513,2.098360655737705,EXCESO,260.6,136.01272093023255,1.9159972553866802,EXCESO,ALTA,NORMAL,0.0892018779342723,0.0,0.0,1.1336487285629806,estable,35027100
35027100,CARAZA,CUNDINAMARCA,UNE,4.428638889,-74.01019444,0.09259259259259259,-0.0002298618262007536,0.9008975068496221,estable,0.049790905290071026,0.5377417771327672,0.054187192118226604,0.06557377049180328,0.5852216748768474,0.7081967213114755,DEFICIT,260.6,136.01272093023255,1.9159972553866802,EXCESO,ALTA,NORMAL,0.0892018779342723,0.0,0.0,1.1336487285629806,estable,35027100
35027100,CARAZA  - AUT,CUNDINAMARCA,UNE,4.428638889,-74.01019444,0.05128205128205128,-0.0002298618262007536,0.9008975068496221,estable,0.049790905290071026,0.970922653156385,0.054187192118226604,0.06557377049180328,1.0566502463054188,1.278688524590164,EXCESO,260.6,136.01272093023255,1.9159972553866802,EXCESO,ALTA,NORMAL,0.0892018779342723,0.0,0.0,1.1336487285629806,estable,35027100
35027140,PUENTE CARRETERA  - AUT,META,VILLAVICENCIO,4.070194444,-73.7625,0.07142857142857142,,,,,,,,,,sin_datos,,,,sin_datos,BAJA,NORMAL,0.07692307692307693,0.0,0.0,,,35027140
35027150,ANIMAS LAS,BOGOTA,"BOGOTA, D.C",4.138,-74.174,0.14285714285714285,-0.014078222576981884,0.34023020895430683,estable,0.1119646631743406,0.7837526422203843,0.11203319502074689,0.03125,0.7842323651452283,0.21875,DEFICIT,341.6,68.58,4.981044036162147,EXCESO,CRÍTICA,MODERADA,0.10204081632653061,0.0,0.0,0.8166666666666667,estable,35027150
35027150,LAS ANIMAS,BOGOTÁ,BOGOTÁ D.C,4.137972222,-74.17380556,0.08333333333333333,-0.014078222576981884,0.34023020895430683,estable,0.1119646631743406,1.3435759580920874,0.11203319502074689,0.03125,1.3443983402489628,0.375,DEFICIT,341.6,68.58,4.981044036162147,EXCESO,ALTA,MODERADA,0.10204081632653061,0.0,0.0,0.8166666666666667,estable,35027150
35027190,GUACAPATE,CUNDINAMARCA,QUETAME,4.314305556,-73.87494444,1.0,0.0,1.0,insuficiente,1.0,1.0,,,,,sin_datos,,,,sin_datos,ALTA,MODERADA,0.0,0.0,49.0,,,35027190
35027190,GUACAPATE,CUNDINAMARCA,QUETAME,4.31430556,-73.87494444,0.0,0.0,1.0,insuficiente,1.0,,,,,,sin_datos,,,,sin_datos,BAJA,MODERADA,0.0,0.0,49.0,,,35027190
35027200,EL PALMAR,CUNDINAMARCA,GUAYABETAL,4.20847222,-73.81541667,0.08695652173913043,,,,,,,,,,sin_datos,,,,sin_datos,BAJA,MODERADA,0.0,0.0,7.0,,,35027200
35027210,CASETEJA-DELICIAS,META,ACACÍAS,4.195277778,-73.76888889,0.056451612903225805,-0.004261715296198056,0.7529786076032415,estable,0.13235105890278304,2.3445044719921566,0.21238938053097345,0.041379310344827586,3.7623261694058154,0.7330049261083744,DEFICIT,1216.5,0.0,,sin_datos,MODERADA,MODERADA,0.10909090909090909,0.0,0.0,1.0185185185185186,estable,35027210
35027210,CASETEJA-DELICIAS,META,ACACÍAS,4.19527778,-73.76888889,0.0851063829787234,-0.004261715296198056,0.7529786076032415,estable,0.13235105890278304,1.5551249421077007,0.21238938053097345,0.041379310344827586,2.495575221238938,0.48620689655172417,DEFICIT,1216.5,0.0,,sin_datos,MODERADA,MODERADA,0.10909090909090909,0.0,0.0,1.0185185185185186,estable,35027210
35027510,CALOSTROS BAJO,CUNDINAMARCA,LA CALERA,4.6645,-73.863083333,0.0,0.0,1.0,insuficiente,0.0,,,,,,sin_datos,,,,sin_datos,BAJA,ALTA,0.08396946564885496,0.0,27.0,11.909090909090908,insuficiente,35027510
35027510,CALOSTROS BAJO,CUNDINAMARCA,LA CALERA,4.6645,-73.863083,0.0,0.0,1.0,insuficiente,0.0,,,,,,sin_datos,,,,sin_datos,BAJA,ALTA,0.08396946564885496,0.0,27.0,11.909090909090908,insuficiente,35027510
35027510,CALOSTROS BAJO - AUT,CUNDINAMARCA,LA CALERA,4.6645,-73.863083333,0.05560538116591928,0.0,1.0,insuficiente,0.0,0.0,,,,,sin_datos,,,,sin_datos,BAJA,ALTA,0.08396946564885496,0.0,27.0,11.909090909090908,insuficiente,35027510
35027520,BOCATOMA EAAB - AUT,CUNDINAMARCA,LA CALERA,4.661027778,-73.833333333,0.05491990846681922,,,,,,,,,,sin_datos,,,,sin_datos,BAJA,MODERADA,0.08396946564885496,0.0,8.0,,,35027520
35035100,ICA VILLAVICENCIO,META,VILLAVICENCIO,4.137225,-73.624998,0.09375,0.000578085800847273,0.8713197613798827,estable,0.14948613760624804,1.5945188011333125,0.15767634854771784,0.175,1.681881051175657,1.8666666666666665,EXCESO,1669.6,609.1377296834902,2.740923634573628,EXCESO,ALTA,NORMAL,0.0873015873015873,0.0,0.0,0.42424242424242425,estable,35035100
35035100,ICA VILLAVICENCIO,META,VILLAVICENCIO,4.14,-73.62,0.15384615384615385,0.000578085800847273,0.8713197613798827,estable,0.14948613760624804,0.9716598944406122,0.15767634854771784,0.175,1.0248962655601659,1.1375,NORMAL,1669.6,609.1377296834902,2.740923634573628,EXCESO,CRÍTICA,NORMAL,0.0873015873015873,0.0,0.0,0.42424242424242425,estable,35035100
35035100,ICA VILLAVICENCIO  - AUT,META,VILLAVICENCIO,4.137388889,-73.625,0.03627311522048364,0.000578085800847273,0.8713197613798827,estable,0.14948613760624804,4.121127636752642,0.15767634854771784,0.175,4.346920510942966,4.824509803921568,EXCESO,1669.6,609.1377296834902,2.740923634573628,EXCESO,ALTA,NORMAL,0.0873015873015873,0.0,0.0,0.42424242424242425,estable,35035100
35035110,SALINAS DE UPIN,META,RESTREPO,4.27327,-73.58792,0.15920398009950248,0.0005591391229017216,0.8880031243961126,estable,0.1593232140567344,1.000748938293863,0.11797752808988764,0.1134020618556701,0.7410463483146067,0.7123067010309279,DEFICIT,236.0,75.91411139196373,3.1087764273689826,EXCESO,CRÍTICA,NORMAL,0.08646616541353383,0.0,0.0,0.508361204013378,estable,35035110
35035110,SALINAS DE UPIN,META,RESTREPO,4.273861111,-73.58686111,0.1695906432748538,0.0005591391229017216,0.8880031243961126,estable,0.1593232140567344,0.939457572541434,0.11797752808988764,0.1134020618556701,0.6956605966679582,0.6686811233558478,DEFICIT,236.0,75.91411139196373,3.1087764273689826,EXCESO,CRÍTICA,NORMAL,0.08646616541353383,0.0,0.0,0.508361204013378,estable,35035110
35035110,SALINAS DE UPIN  - AUT,META,RESTREPO,4.273861111,-73.58686111,0.02243125904486252,0.0005591391229017216,0.8880031243961126,estable,0.1593232140567344,7.102731671819579,0.11797752808988764,0.1134020618556701,5.259514316781442,5.055537080146325,EXCESO,236.0,75.91411139196373,3.1087764273689826,EXCESO,ALTA,NORMAL,0.08646616541353383,0.0,0.0,0.508361204013378,estable,35035110
35035130,PARAMO CHINGAZA,CUNDINAMARCA,GUASCA,4.713666667,-73.80325,0.07009345794392523,0.011880241605294226,0.005981129517099293,creciente,0.12012442038457256,1.7137750641532354,0.2556053811659193,0.2625,3.646636771300449,3.7450000000000006,EXCESO,823.5,267.58541257002753,3.0775220221860513,EXCESO,ALTA,NORMAL,0.08433734939759036,0.0,0.0,1.156794425087108,estable,35035130
35035130,PARAMO CHINGAZA,CUNDINAMARCA,GUASCA,4.713667,-73.80325,0.0,0.011880241605294226,0.005981129517099293,creciente,0.12012442038457256,,0.2556053811659193,0.2625,,,sin_datos,823.5,267.58541257002753,3.0775220221860513,EXCESO,ALTA,NORMAL,0.08433734939759036,0.0,0.0,1.156794425087108,estable,35035130
35035130,PARAMO CHINGAZA  - AUT,CUNDINAMARCA,GUASCA,4.713666667,-73.80325,0.053401609363569864,0.011880241605294226,0.005981129517099293,creciente,0.12012442038457256,2.2494531872015164,0.2556053811659193,0.2625,4.786473370600159,4.915582191780822,EXCESO,823.5,267.58541257002753,3.0775220221860513,EXCESO,ALTA,NORMAL,0.08433734939759036,0.0,0.0,1.156794425087108,estable,35035130
35037100,PUENTE ABADIA - AUT,META,VILLAVICENCIO,4.235333333,-73.63536111,0.055445544554455446,,,,,,,,,,sin_datos,,,,sin_datos,BAJA,MODERADA,0.10638297872340426,0.0,0.0,,,35037100
35057010,EL CABLE,CUNDINAMARCA,PARATEBUENO,4.396222222,-73.29252778,0.0670391061452514,,,,,,,,,,sin_datos,,,,sin_datos,BAJA,MODERADA,0.09302325581395349,0.0,4.0,,,35057010
35060210,CLARAVAL,CUNDINAMARCA,JUNÍN,4.6489,-73.64083,0.0,-0.00039996323867291615,0.5487121645400392,estable,0.009586618876941457,,0.008298755186721992,0.0,,,sin_datos,221.9,598.8542515748336,0.370540911108938,DEFICIT,BAJA,NORMAL,0.09615384615384616,0.0,0.0,0.832,decreciente,35060210
35060210,CLARAVAL,CUNDINAMARCA,JUNÍN,4.65,-73.641,0.12272727272727273,-0.00039996323867291615,0.5487121645400392,estable,0.009586618876941457,0.07811319084915261,0.008298755186721992,0.0,0.06761948670662364,0.0,DEFICIT,221.9,598.8542515748336,0.370540911108938,DEFICIT,ALTA,NORMAL,0.09615384615384616,0.0,0.0,0.832,decreciente,35060210
35060210,CLARAVAL,CUNDINAMARCA,JUNÍN,4.65025,-73.64144444,0.04020100502512563,-0.00039996323867291615,0.5487121645400392,estable,0.009586618876941457,0.23846714456391874,0.008298755186721992,0.0,0.20643153526970953,0.0,DEFICIT,221.9,598.8542515748336,0.370540911108938,DEFICIT,BAJA,NORMAL,0.09615384615384616,0.0,0.0,0.832,decreciente,35060210
35071001,TEATINOS - ESTACION EN PRUEBA,BOYACÁ,BOYACÁ,5.439,-73.351,0.05613577023498695,,,,,,,,,,sin_datos,,,,sin_datos,BAJA,MODERADA,0.1111111111111111,0.0,3.0,,,35071001
35075030,VILLA LUISA,BOYACÁ,RAMIRIQUÍ,5.422222222,-73.34941667,0.06647398843930635,0.0011178892186015207,0.5592224566083354,estable,0.06318384881901778,0.9505048561469632,0.06837606837606838,0.058823529411764705,1.0286138981791157,0.8849104859335039,NORMAL,158.20000000000002,180.39956989247312,0.8769422238328776,NORMAL,BAJA,MODERADA,0.10526315789473684,0.0,0.0,1.0,estable,35075030
35075040,INSTITUCION AGRICOLA MACANAL,BOYACÁ,MACANAL,4.974,-73.317,0.07692307692307693,0.00384275472054342,0.5193646640153843,estable,0.12431088332035521,1.6160414831646177,0.15767634854771784,0.1125,2.0497925311203318,1.4625,EXCESO,812.2,594.3402533113062,1.3665572800679584,EXCESO,ALTA,NORMAL,0.08130081300813008,0.0,0.0,0.9566666666666667,estable,35075040
35075040,INSTITUCION AGRICOLA MACANAL,BOYACÁ,MACANAL,4.97436111,-73.31675,0.025974025974025976,0.00384275472054342,0.5193646640153843,estable,0.12431088332035521,4.785969007833676,0.15767634854771784,0.1125,6.070539419087137,4.33125,EXCESO,812.2,594.3402533113062,1.3665572800679584,EXCESO,ALTA,NORMAL,0.08130081300813008,0.0,0.0,0.9566666666666667,estable,35075040
35075040,INSTITUCION AGRICOLA MACANAL,BOYACÁ,MACANAL,4.974361111,-73.31675,0.0847457627118644,0.00384275472054342,0.5193646640153843,estable,0.12431088332035521,1.4668684231801916,0.15767634854771784,0.1125,1.8605809128630706,1.3275000000000001,EXCESO,812.2,594.3402533113062,1.3665572800679584,EXCESO,ALTA,NORMAL,0.08130081300813008,0.0,0.0,0.9566666666666667,estable,35075040
35075070,CHINAVITA,BOYACÁ,CHINAVITA,5.21639,-73.34697,0.10508474576271186,0.005770539725184402,0.18316788044737958,estable,0.11060160568225083,1.0524991508472257,0.15730337078651685,0.17525773195876287,1.4969191736136283,1.6677751912204855,EXCESO,97.2,48.69304054054054,1.9961784871304937,EXCESO,CRÍTICA,NORMAL,0.0914826498422713,0.0,0.0,1.1506352087114338,estable,35075070
35075070,CHINAVITA - AUT,BOYACÁ,CHINAVITA,5.21925,-73.35038889,0.04292929292929293,0.005770539725184402,0.18316788044737958,estable,0.11060160568225083,2.5763668147159606,0.15730337078651685,0.17525773195876287,3.6642432253800394,4.082474226804123,EXCESO,97.2,48.69304054054054,1.9961784871304937,EXCESO,ALTA,NORMAL,0.0914826498422713,0.0,0.0,1.1506352087114338,estable,35075070
35075080,PARAMO RABANAL,BOYACÁ,VENTAQUEMADA,5.39239,-73.56278,0.022988505747126436,-0.001122205154463219,0.6851903046161547,estable,0.02156976834396189,0.9382849229623422,0.034482758620689655,0.0,1.5,0.0,DEFICIT,,,,sin_datos,BAJA,LEVE,0.07961783439490445,0.0,4.0,1.4952380952380953,estable,35075080
35075080,PARAMO RABANAL - AUT,BOYACÁ,VENTAQUEMADA,5.392388889,-73.56277778,0.053035143769968054,-0.001122205154463219,0.6851903046161547,estable,0.02156976834396189,0.40670707781084764,0.034482758620689655,0.0,0.6501869547154133,0.0,DEFICIT,,,,sin_datos,BAJA,LEVE,0.07961783439490445,0.0,4.0,1.4952380952380953,estable,35075080
35077080,PTE FIERRO - CHIVOR,BOYACÁ,SOMONDOCO,4.985,-73.463,0.05275779376498801,,,,,,,,,,sin_datos,,,,sin_datos,BAJA,MODERADA,0.09375,0.0,7.0,,,35077080
35077150,PUNTEADERO - CHIVOR,BOYACÁ,CHINAVITA,5.191,-73.386,0.05670103092783505,,,,,,,,,,sin_datos,,,,sin_datos,BAJA,NORMAL,0.08771929824561403,0.0,3.0,,,35077150
35077180,CULIMA - CHIVOR RIO BATA,BOYACÁ,SANTA MARÍA,4.763,-73.293,0.06818181818181818,,,,,,,,,,sin_datos,,,,sin_datos,BAJA,NORMAL,0.09090909090909091,0.0,1.0,,,35077180
35077310,BARBOSA TERMALES - CHIVOR,CUNDINAMARCA,TIBIRITA,5.053,-73.531,0.042582417582417584,,,,,,,,,,sin_datos,,,,sin_datos,BAJA,MODERADA,0.10869565217391304,0.0,7.0,,,35077310
35077320,CARACOL - CHIVOR,BOYACÁ,GARAGOA,5.11,-73.393,0.05844155844155844,,,,,,,,,,sin_datos,,,,sin_datos,BAJA,ALTA,0.10204081632653061,0.0,12.0,,,35077320
35080050,PAEZ,BOYACÁ,PÁEZ,5.096,-73.053,0.09615384615384616,-0.001326232247284879,0.019155937516545565,decreciente,0.00486111111111111,0.05055555555555554,0.0,0.0,0.0,0.0,DEFICIT,0.0,368.3082910228608,0.0,DEFICIT,BAJA,ALTA,0.06666666666666667,0.0,444.0,15.0,insuficiente,35080050
35080050,PAEZ,BOYACÁ,PÁEZ,5.09636111,-73.05322222,0.0,-0.001326232247284879,0.019155937516545565,decreciente,0.00486111111111111,,0.0,0.0,,,sin_datos,0.0,368.3082910228608,0.0,DEFICIT,BAJA,ALTA,0.06666666666666667,0.0,444.0,15.0,insuficiente,35080050
35080050,PAEZ,BOYACÁ,PÁEZ,5.096361111,-73.053222222,0.008658008658008658,-0.001326232247284879,0.019155937516545565,decreciente,0.00486111111111111,0.5614583333333333,0.0,0.0,0.0,0.0,DEFICIT,0.0,368.3082910228608,0.0,DEFICIT,BAJA,ALTA,0.06666666666666667,0.0,444.0,15.0,insuficiente,35080050
35085060,ZETAQUIRA,BOYACÁ,ZETAQUIRÁ,5.294944444,-73.16994444,0.03636363636363636,-0.0017821710910713119,0.22303205860113923,estable,0.02594372363163083,0.7134523998698479,0.016597510373443983,0.0125,0.4564315352697096,0.34375000000000006,DEFICIT,104.7,136.09503952132695,0.7693153282312898,DEFICIT,BAJA,NORMAL,0.07945205479452055,0.0,0.0,0.899014778325123,estable,35085060
35085060,ZETAQUIRA - AUT,BOYACÁ,ZETAQUIRÁ,5.294944444,-73.16994444,0.05625790139064475,-0.0017821710910713119,0.22303205860113923,estable,0.02594372363163083,0.4611569751150559,0.016597510373443983,0.0125,0.2950254091099818,0.22219101123595508,DEFICIT,104.7,136.09503952132695,0.7693153282312898,DEFICIT,BAJA,NORMAL,0.07945205479452055,0.0,0.0,0.899014778325123,estable,35085060
35085070,SANTA MARIA,BOYACÁ,SANTA MARÍA,4.84125,-73.25669444,0.051094890510948905,-0.003420732487299958,0.1964621997535323,estable,0.05176774423556562,1.0131687086103558,0.04564315352697095,0.03125,0.89330171902786,0.6116071428571429,DEFICIT,294.9,358.3256908886922,0.8229942968047068,DEFICIT,BAJA,MODERADA,0.10283687943262411,0.0,0.0,0.5720081135902637,estable,35085070
35085070,SANTA MARIA - AUT,BOYACÁ,SANTA MARÍA,4.84125,-73.25669444,0.052564102564102565,-0.003420732487299958,0.1964621997535323,estable,0.05176774423556562,0.9848497683839313,0.04564315352697095,0.03125,0.8683331646594473,0.5945121951219512,DEFICIT,294.9,358.3256908886922,0.8229942968047068,DEFICIT,BAJA,MODERADA,0.10283687943262411,0.0,0.0,0.5720081135902637,estable,35085070
35085080,LA CAPILLA,BOYACÁ,LA CAPILLA,5.099194444,-73.436,0.03424657534246575,-0.0030269218134962683,0.016767998838878275,decreciente,0.01658950059951172,0.4844134175057423,0.004149377593360996,0.0,0.12116182572614109,0.0,DEFICIT,83.3,140.19754349855205,0.5941616231019077,DEFICIT,BAJA,NORMAL,0.09556313993174062,0.0,0.0,0.7134740259740259,estable,35085080
35085080,LA CAPILLA - AUT,BOYACÁ,LA CAPILLA,5.099194444,-73.436,0.055162659123055166,-0.0030269218134962683,0.016767998838878275,decreciente,0.01658950059951172,0.3007378698424304,0.004149377593360996,0.0,0.07522076816682625,0.0,DEFICIT,83.3,140.19754349855205,0.5941616231019077,DEFICIT,BAJA,NORMAL,0.09556313993174062,0.0,0.0,0.7134740259740259,estable,35085080
35087020,PAEZ,BOYACÁ,CAMPOHERMOSO,5.08261111,-73.06841667,0.030303030303030304,0.020353801048050697,0.006328011786074741,creciente,0.11794041780600921,3.892033787598304,0.24066390041493776,0.3125,7.941908713692946,10.3125,EXCESO,965.9,253.7969387755102,3.805798464946667,EXCESO,ALTA,NORMAL,0.1,0.0,0.0,0.5084745762711864,estable,35087020
35087020,PAEZ,BOYACÁ,CAMPOHERMOSO,5.082611111,-73.068416667,0.018276762402088774,0.020353801048050697,0.006328011786074741,creciente,0.11794041780600921,6.453025717100218,0.24066390041493776,0.3125,13.167753408417308,17.098214285714285,EXCESO,965.9,253.7969387755102,3.805798464946667,EXCESO,ALTA,NORMAL,0.1,0.0,0.0,0.5084745762711864,estable,35087020
35087020,PAEZ,BOYACÁ,CAMPOHERMOSO,5.083,-73.068,0.09477124183006536,0.020353801048050697,0.006328011786074741,creciente,0.11794041780600921,1.2444747534013385,0.24066390041493776,0.3125,2.5394190871369298,3.2974137931034484,EXCESO,965.9,253.7969387755102,3.805798464946667,EXCESO,ALTA,NORMAL,0.1,0.0,0.0,0.5084745762711864,estable,35087020
35095110,HUERTA LA GRANDE,CASANARE,VILLANUEVA,4.65144,-72.915458,0.3333333333333333,-0.040836940836940845,0.2117257000773503,estable,0.11363636363636363,0.34090909090909094,0.08139534883720931,0.08139534883720931,0.24418604651162792,0.24418604651162792,DEFICIT,738.5,675.4191666666667,1.0933950892223718,NORMAL,ALTA,MODERADA,0.07142857142857142,0.058823529411764705,3.0,1.4000000000000001,estable,35095110
35095110,HUERTA LA GRANDE,CASANARE,VILLANUEVA,4.655,-72.917,0.06918238993710692,-0.040836940836940845,0.2117257000773503,estable,0.11363636363636363,1.6425619834710743,0.08139534883720931,0.08139534883720931,1.1765327695560255,1.1765327695560255,EXCESO,738.5,675.4191666666667,1.0933950892223718,NORMAL,MODERADA,MODERADA,0.07142857142857142,0.058823529411764705,3.0,1.4000000000000001,estable,35095110
35095120,AQUITANIA,BOYACÁ,AQUITANIA,5.55663,-72.88175,0.04285714285714286,-0.002805698462539397,0.1668126717703254,estable,0.04033934684425971,0.9412514263660599,0.024896265560165973,0.0375,0.5809128630705394,0.875,NORMAL,89.7,83.2844299750091,1.0770320458087543,NORMAL,BAJA,NORMAL,0.07941176470588235,0.0,0.0,0.8814814814814816,estable,35095120
35095120,AQUITANIA - AUT,BOYACÁ,AQUITANIA,5.556638889,-72.88175,0.05436156763590392,-0.002805698462539397,0.1668126717703254,estable,0.04033934684425971,0.7420563570653356,0.024896265560165973,0.0375,0.45797548972305313,0.6898255813953488,DEFICIT,89.7,83.2844299750091,1.0770320458087543,NORMAL,BAJA,NORMAL,0.07941176470588235,0.0,0.0,0.8814814814814816,estable,35095120
35095130,LAGUNA DE LA PLAZA,ARAUCA,SARAVENA,6.362,-72.282,0.07353906762967827,0.0013830546847788225,0.3452425675271921,estable,0.022290607221641702,0.3031124535585742,0.03734439834024896,0.05625,0.5078171310017783,0.7648995535714286,DEFICIT,1071.2,915.8444805942995,1.1696308955259402,EXCESO,ALTA,LEVE,0.07272727272727272,0.0,0.0,1.4732142857142858,estable,35095130
35095130,LAGUNA LA PLAZA,ARAUCA,SARAVENA,6.362,-72.28201667,0.009333333333333334,0.0013830546847788225,0.3452425675271921,estable,0.022290607221641702,2.3882793451758966,0.03734439834024896,0.05625,4.001185536455246,6.0267857142857135,EXCESO,1071.2,915.8444805942995,1.1696308955259402,EXCESO,ALTA,LEVE,0.07272727272727272,0.0,0.0,1.4732142857142858,estable,35095130
35105050,GUAICARAMO  - AUT,META,BARRANCA DE UPÍA,4.468666667,-72.95358333,0.05631067961165048,,,,,,,,,,sin_datos,,,,sin_datos,BAJA,NORMAL,0.09722222222222222,0.0,3.0,,,35105050
35107040,GUAICARAMO  - AUT,META,BARRANCA DE UPÍA,4.689094444,-73.04651944,0.044444444444444446,,,,,,,,,,sin_datos,,,,sin_datos,BAJA,MODERADA,0.0,0.0,45.0,,,35107040
35160000,LAS CINTAS,BOYACÁ,SOGAMOSO,5.614277778,-72.86747222,0.08282828282828283,-0.007626941950604763,0.004438052488916343,decreciente,0.07798001280977535,0.9414660083131413,0.046511627906976744,0.0,0.5615428247305728,0.0,DEFICIT,,,,sin_datos,BAJA,ALTA,0.08333333333333333,0.0,16.0,1.1506849315068493,estable,35160000
35160000,LAS CINTAS,BOYACÁ,SOGAMOSO,5.61427778,-72.86747222,0.04296875,-0.007626941950604763,0.004438052488916343,decreciente,0.07798001280977535,1.8148075708456808,0.046511627906976744,0.0,1.0824524312896406,0.0,DEFICIT,,,,sin_datos,MODERADA,ALTA,0.08333333333333333,0.0,16.0,1.1506849315068493,estable,35160000
35160000,PR TOTA: LAS CINTAS,BOYACÁ,SOGAMOSO,5.614,-72.867,0.04246100519930676,-0.007626941950604763,0.004438052488916343,decreciente,0.07798001280977535,1.836508873111852,0.046511627906976744,0.0,1.0953962980541052,0.0,DEFICIT,,,,sin_datos,MODERADA,ALTA,0.08333333333333333,0.0,16.0,1.1506849315068493,estable,35160000
35160010,POTRERITO,BOYACÁ,AQUITANIA,5.477583333,-72.94861111,0.08627450980392157,0.007178514533370831,0.06090133476816196,estable,0.11921270128470046,1.3817835830726644,0.1991701244813278,0.2,2.3085628064881174,2.3181818181818183,EXCESO,99.9,61.236091269841275,1.6313908665362624,EXCESO,ALTA,NORMAL,0.09448818897637795,0.0,0.0,0.8355263157894737,estable,35160010
35160010,PR TOTA: POTRERITO,BOYACÁ,AQUITANIA,5.478,-72.949,0.03640256959314775,0.007178514533370831,0.06090133476816196,estable,0.11921270128470046,3.2748430294091246,0.1991701244813278,0.2,5.4713204783988285,5.494117647058824,EXCESO,99.9,61.236091269841275,1.6313908665362624,EXCESO,ALTA,NORMAL,0.09448818897637795,0.0,0.0,0.8355263157894737,estable,35160010
35160020,LLANO ALARCON,BOYACÁ,CUÍTIVA,5.59972222,-72.91347222,0.046875,-0.006909259935037368,0.0020427059767939137,decreciente,0.048565231476799885,1.0360582715050641,0.0,0.0,0.0,0.0,DEFICIT,80.717,627.3939868496047,0.1286544048745386,DEFICIT,BAJA,NORMAL,0.09473684210526316,0.0,0.0,1.0174029451137885,estable,35160020
35160020,LLANO ALARCON,BOYACÁ,CUÍTIVA,5.599722222,-72.91347222,0.07600950118764846,-0.006909259935037368,0.0020427059767939137,decreciente,0.048565231476799885,0.6389363266166485,0.0,0.0,0.0,0.0,DEFICIT,80.717,627.3939868496047,0.1286544048745386,DEFICIT,BAJA,NORMAL,0.09473684210526316,0.0,0.0,1.0174029451137885,estable,35160020
35160020,PR TOTA: LLANO ALARCON,BOYACÁ,CUÍTIVA,5.6,-72.913,0.046125461254612546,-0.006909259935037368,0.0020427059767939137,decreciente,0.048565231476799885,1.0528942184170216,0.0,0.0,0.0,0.0,DEFICIT,80.717,627.3939868496047,0.1286544048745386,DEFICIT,BAJA,NORMAL,0.09473684210526316,0.0,0.0,1.0174029451137885,estable,35160020
35165000,EL TUNEL,BOYACÁ,CUÍTIVA,5.57497222,-72.941,0.046875,-0.011996628606267332,0.09288466487437429,estable,0.10147804308717805,2.1648649191931315,,,,,sin_datos,,,,sin_datos,MODERADA,NORMAL,0.09302325581395349,0.0,1.0,1.1436170212765957,estable,35165000
35165000,EL TUNEL,BOYACÁ,CUÍTIVA,5.574972222,-72.941,0.08776595744680851,-0.011996628606267332,0.09288466487437429,estable,0.10147804308717805,1.1562346727508772,,,,,sin_datos,,,,sin_datos,MODERADA,NORMAL,0.09302325581395349,0.0,1.0,1.1436170212765957,estable,35165000
35165000,EL TUNEL,BOYACÁ,CUÍTIVA,5.575,-72.941,0.04366197183098591,-0.011996628606267332,0.09288466487437429,estable,0.10147804308717805,2.324174535222465,,,,,sin_datos,,,,sin_datos,MODERADA,NORMAL,0.09302325581395349,0.0,1.0,1.1436170212765957,estable,35165000
35167000,CORPOBOYACA - SANTA INES -AUT,BOYACÁ,AQUITANIA,5.545,-72.88411111,0.07412790697674419,-0.004690943626691392,0.13995867272456505,estable,0.11316315499939412,1.5265931497957481,0.0995850622406639,0.11875,1.3434220161093482,1.6019607843137254,EXCESO,192.8,92.6134689575225,2.0817706341226505,EXCESO,ALTA,NORMAL,0.09090909090909091,0.0,0.0,0.6470588235294117,estable,35167000
35167000,LAGO DE TOTA,BOYACÁ,AQUITANIA,5.545,-72.884,0.04008438818565401,-0.004690943626691392,0.13995867272456505,estable,0.11316315499939412,2.823122919458569,0.0995850622406639,0.11875,2.484385236951299,2.9624999999999995,EXCESO,192.8,92.6134689575225,2.0817706341226505,EXCESO,ALTA,NORMAL,0.09090909090909091,0.0,0.0,0.6470588235294117,estable,35167000
35167010,HATO LAGUNA,BOYACÁ,AQUITANIA,5.58444444,-72.90008333,0.109375,-0.008975582541899103,0.05455443333207552,estable,0.10114079793749368,0.9247158668570851,0.04597701149425287,0.0,0.42036124794745483,0.0,DEFICIT,,,,sin_datos,ALTA,NORMAL,0.08333333333333333,0.0,1.0,0.5,estable,35167010
35167010,HATO LAGUNA,BOYACÁ,AQUITANIA,5.584444444,-72.90008333,0.1282051282051282,-0.008975582541899103,0.05455443333207552,estable,0.10114079793749368,0.7888982239124508,0.04597701149425287,0.0,0.35862068965517246,0.0,DEFICIT,,,,sin_datos,ALTA,NORMAL,0.08333333333333333,0.0,1.0,0.5,estable,35167010
35167010,PROYECTO TOTA: HATO LAGUNA,BOYACÁ,AQUITANIA,5.584,-72.9,0.015522875816993464,-0.008975582541899103,0.05455443333207552,estable,0.10114079793749368,6.515596667131172,0.04597701149425287,0.0,2.9618874773139745,0.0,DEFICIT,,,,sin_datos,MODERADA,NORMAL,0.08333333333333333,0.0,1.0,0.5,estable,35167010
35167020,CRIADERO -AUT,BOYACÁ,AQUITANIA,5.557,-72.88047222,0.0,,,,,,,,,,sin_datos,,,,sin_datos,BAJA,NORMAL,0.09433962264150944,0.0,0.0,,,35167020
35167020,PR TOTA: LAGO DE TOTA,BOYACÁ,AQUITANIA,5.557,-72.88,0.05299860529986053,,,,,,,,,,sin_datos,,,,sin_datos,BAJA,NORMAL,0.09433962264150944,0.0,0.0,,,35167020
35185010,LA PALOMERA,META,PUERTO LÓPEZ,4.260321,-72.564525,0.02727272727272727,-0.002845720587656072,0.6801876461352165,estable,0.04297793007470427,1.57585743607249,0.07471264367816093,0.0,2.7394636015325675,0.0,DEFICIT,21.8,251.99003562340968,0.08651135726882209,DEFICIT,MODERADA,SEVERA,0.09782608695652174,0.3333333333333333,45.0,2.5555555555555554,estable,35185010
35185010,LA PALOMERA - AUT,META,PUERTO LÓPEZ,4.260361111,-72.56447222,0.05439892545332438,-0.002845720587656072,0.6801876461352165,estable,0.04297793007470427,0.7900510849535143,0.07471264367816093,0.0,1.373421314034341,0.0,DEFICIT,21.8,251.99003562340968,0.08651135726882209,DEFICIT,BAJA,SEVERA,0.09782608695652174,0.3333333333333333,45.0,2.5555555555555554,estable,35185010
35190070,SAN JOSE,CASANARE,AGUAZUL,5.091916667,-72.45858333,0.10526315789473684,-0.03149801587301587,0.07443864157459253,estable,0.049479166666666664,0.4700520833333333,0.0,0.0,0.0,0.0,DEFICIT,421.3,0.0,,sin_datos,ALTA,NORMAL,0.08108108108108109,0.07692307692307693,2.0,1.0277777777777777,estable,35190070
35190070,SAN JOSE,CASANARE,AGUAZUL,5.092,-72.459,0.25,-0.03149801587301587,0.07443864157459253,estable,0.049479166666666664,0.19791666666666666,0.0,0.0,0.0,0.0,DEFICIT,421.3,0.0,,sin_datos,ALTA,NORMAL,0.08108108108108109,0.07692307692307693,2.0,1.0277777777777777,estable,35190070
35195020,TAURAMENA,CASANARE,TAURAMENA,5.027,-72.87,0.08843537414965986,0.0035824365968971077,0.1636016483787609,estable,0.03250231003289957,0.367526121141249,,,,,sin_datos,,,,sin_datos,BAJA,MODERADA,0.10476190476190476,0.0,1.0,0.5113636363636364,estable,35195020
35195020,TAURAMENA,CASANARE,TAURAMENA,5.027257778,-72.869841667,0.036931818181818184,0.0035824365968971077,0.1636016483787609,estable,0.03250231003289957,0.8800625485831268,,,,,sin_datos,,,,sin_datos,BAJA,MODERADA,0.10476190476190476,0.0,1.0,0.5113636363636364,estable,35195020
35195020,TAURAMENA,CASANARE,TAURAMENA,5.02725778,-72.86984167,0.020833333333333332,0.0035824365968971077,0.1636016483787609,estable,0.03250231003289957,1.5601108815791795,,,,,sin_datos,,,,sin_datos,MODERADA,MODERADA,0.10476190476190476,0.0,1.0,0.5113636363636364,estable,35195020
35195050,CORINTO,BOYACÁ,PAJARITO,5.407,-72.717,0.08333333333333333,0.019855637850143344,0.2813277527556172,estable,0.17653678992964705,2.1184414791557646,0.22727272727272727,0.22727272727272727,2.7272727272727275,2.7272727272727275,EXCESO,1036.5,52.20085714285714,19.855995796456547,EXCESO,ALTA,ALTA,0.10416666666666667,0.0,0.0,1.3333333333333333,estable,35195050
35195050,CORINTO,BOYACÁ,PAJARITO,5.407277778,-72.71722222,0.08196721311475409,0.019855637850143344,0.2813277527556172,estable,0.17653678992964705,2.1537488371416944,0.22727272727272727,0.22727272727272727,2.772727272727273,2.772727272727273,EXCESO,1036.5,52.20085714285714,19.855995796456547,EXCESO,ALTA,ALTA,0.10416666666666667,0.0,0.0,1.3333333333333333,estable,35195050
35195050,CORINTO,BOYACÁ,PAJARITO,5.40727778,-72.71722222,0.047619047619047616,0.019855637850143344,0.2813277527556172,estable,0.17653678992964705,3.707272588522588,0.22727272727272727,0.22727272727272727,4.7727272727272725,4.7727272727272725,EXCESO,1036.5,52.20085714285714,19.855995796456547,EXCESO,ALTA,ALTA,0.10416666666666667,0.0,0.0,1.3333333333333333,estable,35195050
35195060,PERENCO: TOQUILLA,BOYACÁ,AQUITANIA,5.524,-72.791,0.04636290967226219,-0.002436339768868294,0.15081493465602472,estable,0.08006754168953714,1.7269740457519132,0.07883817427385892,0.09375,1.7004578623551294,2.0220905172413794,EXCESO,409.1,290.01029796334603,1.4106395630533974,EXCESO,ALTA,NORMAL,0.08244680851063829,0.0,0.0,0.9492286115007014,estable,35195060
35195060,TOQUILLA,BOYACÁ,AQUITANIA,5.52361111,-72.79097222,0.0390625,-0.002436339768868294,0.15081493465602472,estable,0.08006754168953714,2.0497290672521506,0.07883817427385892,0.09375,2.0182572614107883,2.4,EXCESO,409.1,290.01029796334603,1.4106395630533974,EXCESO,ALTA,NORMAL,0.08244680851063829,0.0,0.0,0.9492286115007014,estable,35195060
35195060,TOQUILLA,BOYACÁ,AQUITANIA,5.523611111,-72.79097222,0.07272727272727272,-0.002436339768868294,0.15081493465602472,estable,0.08006754168953714,1.1009286982311357,0.07883817427385892,0.09375,1.08402489626556,1.2890625,EXCESO,409.1,290.01029796334603,1.4106395630533974,EXCESO,ALTA,NORMAL,0.08244680851063829,0.0,0.0,0.9492286115007014,estable,35195060
35197020,VADO HONDO,BOYACÁ,AQUITANIA,5.506805556,-72.75480556,0.0,0.0003007518796992481,0.7735526837251516,estable,0.0071428571428571435,,0.016597510373443983,0.0,,,sin_datos,31.2,210.3186967857596,0.1483462976750078,DEFICIT,BAJA,LEVE,0.0975609756097561,0.1,0.0,2.9285714285714284,estable,35197020
35197020,VADO HONDO  - AUT,BOYACÁ,AQUITANIA,5.506805556,-72.75480556,0.0704647676161919,0.0003007518796992481,0.7735526837251516,estable,0.0071428571428571435,0.10136778115501521,0.016597510373443983,0.0,0.23554339189547102,0.0,DEFICIT,31.2,210.3186967857596,0.1483462976750078,DEFICIT,BAJA,LEVE,0.0975609756097561,0.1,0.0,2.9285714285714284,estable,35197020
35197030,LOS ESTEROS,CASANARE,AGUAZUL,5.179694444,-72.568388889,0.013422818791946308,0.007315068184633403,0.07747718710629313,estable,0.04289044289044289,3.195337995337995,0.05357142857142857,0.08391608391608392,3.9910714285714284,6.2517482517482525,EXCESO,81.8,166.87376623376622,0.49019089007321814,DEFICIT,MODERADA,ALTA,0.1016949152542373,0.0,4.0,1.3563218390804597,estable,35197030
35197030,LOS ESTEROS,CASANARE,AGUAZUL,5.18,-72.568,0.07567567567567568,0.007315068184633403,0.07747718710629313,estable,0.04289044289044289,0.5667665667665667,0.05357142857142857,0.08391608391608392,0.707908163265306,1.1088911088911089,NORMAL,81.8,166.87376623376622,0.49019089007321814,DEFICIT,BAJA,ALTA,0.1016949152542373,0.0,4.0,1.3563218390804597,estable,35197030
35197070,PUENTE LAS CANAS,BOYACÁ,AQUITANIA,5.58669444,-72.81533333,0.0,0.004614179838883406,0.2740204291565865,estable,0.0952585368733536,,0.12033195020746888,0.1375,,,sin_datos,193.2,116.12144137224783,1.6637754209462765,EXCESO,ALTA,MODERADA,0.10638297872340426,0.0,0.0,0.8744186046511627,estable,35197070
35197070,PUENTE LAS CANAS,BOYACÁ,AQUITANIA,5.586694444,-72.81533333,0.06,0.004614179838883406,0.2740204291565865,estable,0.0952585368733536,1.5876422812225601,0.12033195020746888,0.1375,2.0055325034578146,2.291666666666667,EXCESO,193.2,116.12144137224783,1.6637754209462765,EXCESO,ALTA,MODERADA,0.10638297872340426,0.0,0.0,0.8744186046511627,estable,35197070
35197070,PUENTE LAS CANAS,BOYACÁ,AQUITANIA,5.587,-72.815,0.06521739130434782,0.004614179838883406,0.2740204291565865,estable,0.0952585368733536,1.4606308987247554,0.12033195020746888,0.1375,1.8450899031811896,2.1083333333333334,EXCESO,193.2,116.12144137224783,1.6637754209462765,EXCESO,ALTA,MODERADA,0.10638297872340426,0.0,0.0,0.8744186046511627,estable,35197070
35197190,PAJARITO - AUT,BOYACÁ,PAJARITO,5.283472222,-72.70194444,0.027777777777777776,,,,,,,,,,sin_datos,,,,sin_datos,BAJA,MODERADA,0.16666666666666666,0.0,2.0,,,35197190
35215020,AEROPUERTO YOPAL,CASANARE,YOPAL,5.32044444,-72.3875,0.0703125,-0.0036413347525043097,0.07317017091864338,estable,0.07145795048505577,1.0162908513430153,0.06,0.07377049180327869,0.8533333333333333,1.0491803278688525,NORMAL,733.2,658.7199001320826,1.113067936543261,NORMAL,BAJA,ALTA,0.1,0.0625,8.0,0.8247422680412371,estable,35215020
35215020,AEROPUERTO YOPAL,CASANARE,YOPAL,5.320444444,-72.3875,0.07862407862407862,-0.0036413347525043097,0.07317017091864338,estable,0.07145795048505577,0.9088558077318031,0.06,0.07377049180327869,0.7631249999999999,0.9382684426229508,NORMAL,733.2,658.7199001320826,1.113067936543261,NORMAL,BAJA,ALTA,0.1,0.0625,8.0,0.8247422680412371,estable,35215020
35215020,APTO YOPAL,CASANARE,YOPAL,5.32,-72.388,0.03896103896103896,-0.0036413347525043097,0.07317017091864338,estable,0.07145795048505577,1.834087395783098,0.06,0.07377049180327869,1.54,1.8934426229508197,EXCESO,733.2,658.7199001320826,1.113067936543261,NORMAL,MODERADA,ALTA,0.1,0.0625,8.0,0.8247422680412371,estable,35215020
35215030,PERENCO: PISBA,BOYACÁ,PISVA,5.721,-72.488,0.004032258064516129,-0.022511316748051055,0.0006459906819682033,decreciente,0.1507181650086182,37.37810492213732,0.0,0.0,0.0,0.0,DEFICIT,3042.5,19396.70535862913,0.15685653536240704,DEFICIT,MODERADA,NORMAL,0.08403361344537816,0.0,0.0,0.238,estable,35215030
35215030,PISBA,BOYACÁ,PISVA,5.720555556,-72.48847222,0.13307984790874525,-0.022511316748051055,0.0006459906819682033,decreciente,0.1507181650086182,1.1325393542076168,0.0,0.0,0.0,0.0,DEFICIT,3042.5,19396.70535862913,0.15685653536240704,DEFICIT,CRÍTICA,NORMAL,0.08403361344537816,0.0,0.0,0.238,estable,35215030
35217010,PUENTE YOPAL,CASANARE,YOPAL,5.369,-72.41372222,0.042212518195050945,0.0012325957645318336,0.5639279484368956,estable,0.021010999876405884,0.4977433418996842,0.04,0.21052631578947367,0.9475862068965518,4.987295825771325,EXCESO,,,,sin_datos,BAJA,ALTA,0.10112359550561797,0.0,7.0,1.7450980392156865,estable,35217010
35217010,PUENTE YOPAL  - AUT,CASANARE,YOPAL,5.369,-72.41372222,0.0759493670886076,0.0012325957645318336,0.5639279484368956,estable,0.021010999876405884,0.2766448317060108,0.04,0.21052631578947367,0.5266666666666666,2.7719298245614032,EXCESO,,,,sin_datos,BAJA,ALTA,0.10112359550561797,0.0,7.0,1.7450980392156865,estable,35217010
35217030,PUENTE LA CABANA,CASANARE,YOPAL,5.43794444,-72.45522222,0.047058823529411764,-0.00914885390519586,0.30996575809022114,estable,0.11015263447790817,2.3407434826555487,0.03773584905660377,0.12,0.8018867924528301,2.55,EXCESO,,,,sin_datos,MODERADA,LEVE,0.09259259259259259,0.0,1.0,1.8,estable,35217030
35217030,PUENTE LA CABANA,CASANARE,YOPAL,5.437944444,-72.45522222,0.10884353741496598,-0.00914885390519586,0.30996575809022114,estable,0.11015263447790817,1.0120273292657813,0.03773584905660377,0.12,0.3466981132075472,1.1025,NORMAL,,,,sin_datos,ALTA,LEVE,0.09259259259259259,0.0,1.0,1.8,estable,35217030
35217030,PUENTE LA CABANA,CASANARE,YOPAL,5.438,-72.455,0.030844155844155844,-0.00914885390519586,0.30996575809022114,estable,0.11015263447790817,3.5712643599153386,0.03773584905660377,0.12,1.2234359483614696,3.8905263157894736,EXCESO,,,,sin_datos,MODERADA,LEVE,0.09259259259259259,0.0,1.0,1.8,estable,35217030
35217060,PERENCO: EL PLAYON,CASANARE,NUNCHÍA,5.54,-72.232,0.022018348623853212,-0.010314421759433125,0.008160483016930392,decreciente,0.12970135178651887,5.890603060304398,0.07142857142857142,0.10191082802547771,3.2440476190476186,4.628450106157112,EXCESO,2099.5,742.7773362470966,2.826553662242554,EXCESO,ALTA,LEVE,0.08602150537634409,0.0,0.0,1.35625,estable,35217060
35217060,PLAYON EL,CASANARE,NUNCHÍA,5.5405,-72.23172222,0.09772423025435073,-0.010314421759433125,0.008160483016930392,decreciente,0.12970135178651887,1.3272179422538302,0.07142857142857142,0.10191082802547771,0.7309197651663405,1.0428409388360529,NORMAL,2099.5,742.7773362470966,2.826553662242554,EXCESO,ALTA,LEVE,0.08602150537634409,0.0,0.0,1.35625,estable,35217060
35217080,PERENCO: LA CABANA - TERMO ELECTRICA,<nil>,<nil>,5.438,-72.455,0.06527415143603134,,,,,,,,,,sin_datos,,,,sin_datos,BAJA,MODERADA,0.1111111111111111,0.0,1.0,,,35217080
35217090,LABRANZA GRANDE,BOYACÁ,LABRANZAGRANDE,5.566916667,-72.58355556,0.0949367088607595,-0.0002889131000822004,0.8810947015960625,estable,0.10840670464275999,1.1418839555704052,0.11165048543689321,0.1347517730496454,1.176051779935275,1.419385342789598,EXCESO,773.2,400.47722481825673,1.9306965592135512,EXCESO,ALTA,NORMAL,0.0725,0.0,0.0,0.5652911249293386,estable,35217090
35217090,LABRANZA GRANDE,BOYACÁ,LABRANZAGRANDE,5.56691667,-72.58355556,0.046875,-0.0002889131000822004,0.8810947015960625,estable,0.10840670464275999,2.312676365712213,0.11165048543689321,0.1347517730496454,2.381877022653722,2.8747044917257685,EXCESO,773.2,400.47722481825673,1.9306965592135512,EXCESO,ALTA,NORMAL,0.0725,0.0,0.0,0.5652911249293386,estable,35217090
35217090,PERENCO: LABRANZA GRANDE,BOYACÁ,LABRANZAGRANDE,5.567,-72.584,0.035878564857405704,-0.0002889131000822004,0.8810947015960625,estable,0.10840670464275999,3.021489434530259,0.11165048543689321,0.1347517730496454,3.111899427433408,3.755773777050373,EXCESO,773.2,400.47722481825673,1.9306965592135512,EXCESO,ALTA,NORMAL,0.0725,0.0,0.0,0.5652911249293386,estable,35217090
35225030,MODULOS,CASANARE,OROCUÉ,4.91047222,-71.43305556,0.1349206349206349,0.0002598537310536151,0.8768021480120186,estable,0.062161570846099544,0.46072693685932603,0.06666666666666667,0.10062893081761007,0.49411764705882355,0.7458379578246394,DEFICIT,1010.5,833.10276477366,1.2129355977765068,EXCESO,CRÍTICA,NORMAL,0.1,0.0,0.0,0.8181818181818181,decreciente,35225030
35225030,MODULOS,CASANARE,OROCUÉ,4.910472222,-71.433055556,0.055944055944055944,0.0002598537310536151,0.8768021480120186,estable,0.062161570846099544,1.1111380788740293,0.06666666666666667,0.10062893081761007,1.1916666666666667,1.79874213836478,EXCESO,1010.5,833.10276477366,1.2129355977765068,EXCESO,ALTA,NORMAL,0.1,0.0,0.0,0.8181818181818181,decreciente,35225030
35225030,MODULOS,CASANARE,OROCUÉ,4.910528,-71.433083,0.05825242718446602,0.0002598537310536151,0.8768021480120186,estable,0.062161570846099544,1.0671069661913755,0.06666666666666667,0.10062893081761007,1.1444444444444444,1.7274633123689729,EXCESO,1010.5,833.10276477366,1.2129355977765068,EXCESO,ALTA,NORMAL,0.1,0.0,0.0,0.8181818181818181,decreciente,35225030
35225030,PERENCO: MODULOS,CASANARE,OROCUÉ,4.91,-71.433,0.030527289546716005,0.0002598537310536151,0.8768021480120186,estable,0.062161570846099544,2.036262366201018,0.06666666666666667,0.10062893081761007,2.183838383838384,3.2963598246617116,EXCESO,1010.5,833.10276477366,1.2129355977765068,EXCESO,ALTA,NORMAL,0.1,0.0,0.0,0.8181818181818181,decreciente,35225030
35227020,PERENCO: OROCUE PIPESCA,<nil>,<nil>,4.783,-71.345,0.05454545454545454,,,,,,,,,,sin_datos,,,,sin_datos,BAJA,ALTA,0.12,0.0,24.0,,,35227020
35227070,OROCUE BZO DERECHO,CASANARE,OROCUÉ,4.783055556,-71.34536111,0.07692307692307693,,,,,,,,,,sin_datos,,,,sin_datos,BAJA,NORMAL,0.0,0.0,0.0,,,35227070
35235010,CARDON EL,BOYACÁ,SOCOTÁ,6.011666667,-72.52927778,0.0975609756097561,-0.008535018398733017,0.00044408079490163065,decreciente,0.0924855126395599,0.9479765045554889,0.04405286343612335,0.06369426751592357,0.45154185022026433,0.6528662420382165,DEFICIT,1127.6,1139.232538627153,0.9897891446805311,NORMAL,BAJA,MODERADA,0.1111111111111111,0.0,0.0,1.0,estable,35235010
35235010,CARDON EL,BOYACÁ,SOCOTÁ,6.01166667,-72.52927778,0.023622047244094488,-0.008535018398733017,0.00044408079490163065,decreciente,0.0924855126395599,3.9152200350747024,0.04405286343612335,0.06369426751592357,1.8649045521292218,2.6963906581740975,EXCESO,1127.6,1139.232538627153,0.9897891446805311,NORMAL,MODERADA,MODERADA,0.1111111111111111,0.0,0.0,1.0,estable,35235010
35235010,CARDON EL,BOYACÁ,SOCOTÁ,6.012,-72.529,0.03369434416365824,-0.008535018398733017,0.00044408079490163065,decreciente,0.0924855126395599,2.7448378929812245,0.04405286343612335,0.06369426751592357,1.3074260541220895,1.8903548680618745,EXCESO,1127.6,1139.232538627153,0.9897891446805311,NORMAL,MODERADA,MODERADA,0.1111111111111111,0.0,0.0,1.0,estable,35235010
35235040,PERENCO - TRINIDAD METEO,CASANARE,TRINIDAD,5.419,-71.666,0.05660377358490566,0.0,,estable,0.0,0.0,0.0,0.0,0.0,0.0,DEFICIT,0.0,189.6742105263158,0.0,DEFICIT,BAJA,ALTA,0.102803738317757,0.0,160.0,9.727272727272727,insuficiente,35235040
35235050,PERENCO: TAMARA,CASANARE,TÁMARA,5.819,-72.167,0.02689486552567237,-0.01012738832827579,0.03331698664794301,decreciente,0.16032170683266103,5.96105255405076,0.09565217391304348,0.12080536912751678,3.556521739130435,4.491763270286761,EXCESO,2323.2,1031.6252605011393,2.2519805291229917,EXCESO,ALTA,NORMAL,0.09876543209876543,0.0,0.0,0.5955882352941176,estable,35235050
35235050,TAMARA,CASANARE,TÁMARA,5.81858333,-72.16677778,0.0,-0.01012738832827579,0.03331698664794301,decreciente,0.16032170683266103,,0.09565217391304348,0.12080536912751678,,,sin_datos,2323.2,1031.6252605011393,2.2519805291229917,EXCESO,ALTA,NORMAL,0.09876543209876543,0.0,0.0,0.5955882352941176,estable,35235050
35235050,TAMARA,CASANARE,TÁMARA,5.818583333,-72.16677778,0.13836477987421383,-0.01012738832827579,0.03331698664794301,decreciente,0.16032170683266103,1.1586886993815046,0.09565217391304348,0.12080536912751678,0.691304347826087,0.8730933496034168,NORMAL,2323.2,1031.6252605011393,2.2519805291229917,EXCESO,CRÍTICA,NORMAL,0.09876543209876543,0.0,0.0,0.5955882352941176,estable,35235050
35237030,PERENCO: TRINIDAD PAUTO - PUENTE NONATO,CASANARE,TRINIDAD,5.414,-71.668,0.015544041450777202,0.003946530723792163,0.34469221866752076,estable,0.17288956618324192,11.122562091121896,0.23236514522821577,0.33125,14.948824343015215,21.310416666666665,EXCESO,2533.9,312.2974275865617,8.113739583390135,EXCESO,ALTA,NORMAL,0.09202453987730061,0.0,0.0,0.9164658634538152,estable,35237030
35237030,TRINIDAD PAUTO,CASANARE,TRINIDAD,5.414388889,-71.66836111,0.10112359550561797,0.003946530723792163,0.34469221866752076,estable,0.17288956618324192,1.7096857100342813,0.23236514522821577,0.33125,2.297833102812356,3.2756944444444445,EXCESO,2533.9,312.2974275865617,8.113739583390135,EXCESO,CRÍTICA,NORMAL,0.09202453987730061,0.0,0.0,0.9164658634538152,estable,35237030
35237040,PERENCO: TRINIDAD METEO,<nil>,<nil>,5.419,-71.666,0.0,,,,,,,,,,sin_datos,,,,sin_datos,BAJA,MODERADA,0.0,0.0,5.0,,,35237040
35260050,VUELTA MALA,VICHADA,LA PRIMAVERA,5.561,-70.281,0.0574468085106383,0.0,1.0,insuficiente,0.0,0.0,,,,,sin_datos,,,,sin_datos,BAJA,NORMAL,0.08275862068965517,0.0,4.0,,,35260050
35260050,VUELTA MALA,VICHADA,LA PRIMAVERA,5.56136111,-70.28063889,0.06374501992031872,0.0,1.0,insuficiente,0.0,0.0,,,,,sin_datos,,,,sin_datos,BAJA,NORMAL,0.08275862068965517,0.0,4.0,,,35260050
35260050,VUELTA MALA,VICHADA,LA PRIMAVERA,5.561361111,-70.28063889,0.0,0.0,1.0,insuficiente,0.0,,,,,,sin_datos,,,,sin_datos,BAJA,NORMAL,0.08275862068965517,0.0,4.0,,,35260050
36015020,EL DIAMANTE,CASANARE,PAZ DE ARIPORO,5.816194444,-71.41983333,0.18461538461538463,0.0065425713970717345,0.5340835281730754,estable,0.2209814677556613,1.1969829503431653,0.21991701244813278,0.26875,1.1912171507607192,1.4557291666666665,EXCESO,957.2,172.41745779543197,5.551641998664013,EXCESO,CRÍTICA,NORMAL,0.09727626459143969,0.0,0.0,0.5055737704918033,estable,36015020
36015020,EL DIAMANTE - AUT,CASANARE,PAZ DE ARIPORO,5.816194444,-71.41983333,0.04601425793907971,0.0065425713970717345,0.5340835281730754,estable,0.2209814677556613,4.802456404887118,0.21991701244813278,0.26875,4.779323242358717,5.840580985915493,EXCESO,957.2,172.41745779543197,5.551641998664013,EXCESO,ALTA,NORMAL,0.09727626459143969,0.0,0.0,0.5055737704918033,estable,36015020
36015501,TAMARA,CASANARE,TÁMARA,5.87221944,-72.11944167,0.0,,,,,,,,,,sin_datos,,,,sin_datos,BAJA,NORMAL,0.0860655737704918,0.0,0.0,,,36015501
36015501,TAMARA  - AUT,CASANARE,TÁMARA,5.872219444,-72.11944167,0.05244507441530829,,,,,,,,,,sin_datos,,,,sin_datos,BAJA,NORMAL,0.0860655737704918,0.0,0.0,,,36015501
36017010,PAZ DE ARIPORO,CASANARE,HATO COROZAL,5.906555556,-71.90238889,0.1,0.022533794805600083,0.38483187168297983,estable,0.2927857977046618,2.9278579770466178,0.5352112676056338,0.5352112676056338,5.352112676056337,5.352112676056337,EXCESO,3973.9,233.85,16.993371819542443,EXCESO,ALTA,NORMAL,0.0,0.0,0.0,,estable,36017010
36027060,ESTACION HIDROMETRICA CUENCA RIO TAME - AUT,ARAUCA,TAME,6.382125,-71.91376389,0.07051282051282051,,,,,,,,,,sin_datos,,,,sin_datos,BAJA,NORMAL,0.08108108108108109,0.0,1.0,,,36027060
36037020,ESTACION HIDROMETRICA QUEBRADA LA GALLINAZA,ARAUCA,TAME,6.486738889,-70.13429444,0.07234042553191489,,,,,,,,,,sin_datos,,,,sin_datos,BAJA,NORMAL,0.1,0.0,0.0,,,36037020
36037030,ESTACION HIDROMETRICA QUEBRADA LA CRISTALINA - AUT,ARAUCA,TAME,6.626441667,-71.83421389,0.16666666666666666,,,,,,,,,,sin_datos,,,,sin_datos,ALTA,MODERADA,0.0,0.0,1.0,,,36037030
37015030,BERLIN,SANTANDER,TONA,7.187,-72.8685,0.084375,0.0005591602021759375,0.857462833457421,estable,0.08486462720394142,1.00580298908375,0.11618257261410789,0.06875,1.3769786383894267,0.8148148148148149,DEFICIT,107.5,99.36646258503401,1.081853949545659,NORMAL,BAJA,NORMAL,0.08181818181818182,0.0,2.0,0.6300114547537228,estable,37015030
37015030,BERLIN - AUT,SANTANDER,TONA,7.187,-72.8685,0.04356181934657271,0.0005591602021759375,0.857462833457421,estable,0.08486462720394142,1.9481423980198904,0.11618257261410789,0.06875,2.6670734683915063,1.578216911764706,EXCESO,107.5,99.36646258503401,1.081853949545659,NORMAL,MODERADA,NORMAL,0.08181818181818182,0.0,2.0,0.6300114547537228,estable,37015030
37015501,LABATECA  - AUT,NORTE DE SANTANDER,LABATECA,7.296058333,-72.49772778,0.056105610561056105,,,,,,,,,,sin_datos,,,,sin_datos,BAJA,ALTA,0.0975609756097561,0.0,19.0,,,37015501
37017040,PUENTE LOPEZ,NORTE DE SANTANDER,CHITAGÁ,7.203333333,-72.63388889,0.055865921787709494,-0.0067424242424242425,0.17105383629646034,estable,0.05628752967462645,1.0075467811758134,0.05813953488372093,0.0,1.0406976744186047,0.0,DEFICIT,,,,sin_datos,BAJA,ALTA,0.0872093023255814,0.0,23.0,0.9555555555555555,creciente,37017040
37017040,PUENTE LOPEZ - AUT,NORTE DE SANTANDER,CHITAGÁ,7.203333333,-72.63388889,0.05630026809651475,-0.0067424242424242425,0.17105383629646034,estable,0.05628752967462645,0.9997737413636031,0.05813953488372093,0.0,1.0326688815060907,0.0,DEFICIT,,,,sin_datos,BAJA,ALTA,0.0872093023255814,0.0,23.0,0.9555555555555555,creciente,37017040
37027010,PEÑA DE LOS MICOS,NORTE DE SANTANDER,TOLEDO,7.196972222,-72.42477778,0.0,0.0,1.0,insuficiente,0.0,,,,,,sin_datos,,,,sin_datos,BAJA,NORMAL,0.09090909090909091,0.0,0.0,,,37027010
37027010,PEÑA DE LOS MICOS - AUT,NORTE DE SANTANDER,TOLEDO,7.196972222,-72.42477778,0.05841121495327103,0.0,1.0,insuficiente,0.0,0.0,,,,,sin_datos,,,,sin_datos,BAJA,NORMAL,0.09090909090909091,0.0,0.0,,,37027010
37037010,PASO DE LA CANOA - AUT,BOYACÁ,CUBARÁ,7.034555556,-72.15261111,0.04946996466431095,,,,,,,,,,sin_datos,,,,sin_datos,BAJA,MODERADA,0.0967741935483871,0.0,4.0,,,37037010
37045010,SARAVENA,ARAUCA,SARAVENA,6.946388889,-71.89055556,0.10666666666666667,0.013323564914839731,0.24524249875793586,estable,0.14253624507923038,1.3362772976177848,0.23529411764705882,0.1464968152866242,2.205882352941176,1.3734076433121019,EXCESO,1620.8,861.7541652550348,1.8808148139560508,EXCESO,CRÍTICA,LEVE,0.09345794392523364,0.0,0.0,1.3806451612903226,estable,37045010
37045010,SARAVENA,ARAUCA,SARAVENA,6.96208,-71.851252,0.02586206896551724,0.013323564914839731,0.24524249875793586,estable,0.14253624507923038,5.511401476396908,0.23529411764705882,0.1464968152866242,9.098039215686274,5.6645435244161355,EXCESO,1620.8,861.7541652550348,1.8808148139560508,EXCESO,ALTA,LEVE,0.09345794392523364,0.0,0.0,1.3806451612903226,estable,37045010
37045010,SARAVENA  - AUT,ARAUCA,SARAVENA,6.946388889,-71.89055556,0.055793991416309016,0.013323564914839731,0.24524249875793586,estable,0.14253624507923038,2.5546880848815903,0.23529411764705882,0.1464968152866242,4.217194570135747,2.625673689367957,EXCESO,1620.8,861.7541652550348,1.8808148139560508,EXCESO,ALTA,LEVE,0.09345794392523364,0.0,0.0,1.3806451612903226,estable,37045010
37057020,ALCARAVAN  AUT,ARAUCA,ARAUQUITA,7.035,-71.41638889,0.02403846153846154,0.0,1.0,insuficiente,0.0,0.0,0.0,0.0,0.0,0.0,DEFICIT,0.0,3.3999999999999995,0.0,DEFICIT,BAJA,NORMAL,0.1,0.0,2.0,,,37057020
42077020,MITU,VAUPES,MITÚ,1.259806,-70.239167,0.10152284263959391,0.0006257842218550505,0.8494426047609748,estable,0.15121158598029033,1.4894341219058598,0.16597510373443983,0.175,1.6348547717842323,1.72375,EXCESO,784.6,373.6344358860007,2.0999135107541016,EXCESO,CRÍTICA,NORMAL,0.08888888888888889,0.0,0.0,0.27892561983471076,estable,42077020
42077020,MITU,VAUPES,MITÚ,1.26,-70.24,0.11191335740072202,0.0006257842218550505,0.8494426047609748,estable,0.15121158598029033,1.3511486876303362,0.16597510373443983,0.175,1.483067862401285,1.5637096774193548,EXCESO,784.6,373.6344358860007,2.0999135107541016,EXCESO,CRÍTICA,NORMAL,0.08888888888888889,0.0,0.0,0.27892561983471076,estable,42077020
42077020,MITU,VAUPÉS,MITÚ,1.26,-70.239,0.0268389662027833,0.0006257842218550505,0.8494426047609748,estable,0.15121158598029033,5.634031685043411,0.16597510373443983,0.175,6.184109420623943,6.520370370370371,EXCESO,784.6,373.6344358860007,2.0999135107541016,EXCESO,ALTA,NORMAL,0.08888888888888889,0.0,0.0,0.27892561983471076,estable,42077020
44015060,ACUEDUCTO MOCOA,PUTUMAYO,MOCOA,1.15733333,-76.65183333,0.08571428571428572,0.001831902621838203,0.4756427749764648,estable,0.1570058787573102,1.831735252168619,0.17012448132780084,0.1875,1.9847856154910097,2.1875,EXCESO,1738.0,465.4331148368438,3.7341563043043267,EXCESO,ALTA,MODERADA,0.10068649885583524,0.0,0.0,0.4318181818181818,estable,44015060
44015060,ACUEDUCTO MOCOA,PUTUMAYO,MOCOA,1.157333333,-76.65183333,0.15229885057471265,0.001831902621838203,0.4756427749764648,estable,0.1570058787573102,1.0309065246706406,0.17012448132780084,0.1875,1.1170437641900886,1.2311320754716981,EXCESO,1738.0,465.4331148368438,3.7341563043043267,EXCESO,CRÍTICA,MODERADA,0.10068649885583524,0.0,0.0,0.4318181818181818,estable,44015060
44015060,ACUEDUCTO MOCOA - AUT,PUTUMAYO,MOCOA,1.157333333,-76.65183333,0.027576197387518143,0.001831902621838203,0.4756427749764648,estable,0.1570058787573102,5.693528971778249,0.17012448132780084,0.1875,6.169250928150252,6.7993421052631575,EXCESO,1738.0,465.4331148368438,3.7341563043043267,EXCESO,ALTA,MODERADA,0.10068649885583524,0.0,0.0,0.4318181818181818,estable,44015060
44015070,EL PEPINO,PUTUMAYO,MOCOA,1.082888889,-76.66711111,0.22727272727272727,0.030366949545715425,0.15088672709866024,estable,0.2844977081297408,1.2517899157708594,0.27058823529411763,0.27848101265822783,1.1905882352941175,1.2253164556962024,EXCESO,109.7,44.007125369354156,2.4927781371603355,EXCESO,CRÍTICA,MODERADA,0.10037174721189591,0.0,0.0,0.0,estable,44015070
44015070,EL PEPINO - AUT,PUTUMAYO,MOCOA,1.082888889,-76.66711111,0.03615604186489058,0.030366949545715425,0.15088672709866024,estable,0.2844977081297408,7.868607664325198,0.27058823529411763,0.27848101265822783,7.483900928792568,7.702198534310459,EXCESO,109.7,44.007125369354156,2.4927781371603355,EXCESO,ALTA,MODERADA,0.10037174721189591,0.0,0.0,0.0,estable,44015070
44015501,MOCOA,PUTUMAYO,MOCOA,1.08499722,-76.70763889,0.2,,,,,,,,,,sin_datos,,,,sin_datos,ALTA,MODERADA,0.05263157894736842,0.0,3.0,,,44015501
44015501,MOCOA  - AUT,PUTUMAYO,MOCOA,1.084997222,-76.70763889,0.0660377358490566,,,,,,,,,,sin_datos,,,,sin_datos,BAJA,MODERADA,0.05263157894736842,0.0,3.0,,,44015501
44017070,SANTA ROSA,CAUCA,SANTA ROSA,1.705,-76.56222222,0.03773584905660377,-0.002178855627131489,0.8064165371011933,estable,0.029632436528988254,0.7852595680181887,0.04597701149425287,0.0,1.2183908045977012,0.0,DEFICIT,,,,sin_datos,BAJA,LEVE,0.09848484848484848,0.0,1.0,2.2073578595317724,estable,44017070
44017070,SANTA ROSA  - AUT,CAUCA,SANTA ROSA,1.705,-76.56222222,0.05676126878130217,-0.002178855627131489,0.8064165371011933,estable,0.029632436528988254,0.5220538082607048,0.04597701149425287,0.0,0.8100067613252196,0.0,DEFICIT,,,,sin_datos,BAJA,LEVE,0.09848484848484848,0.0,1.0,2.2073578595317724,estable,44017070
44017110,ANDAQUI,PUTUMAYO,MOCOA,1.050916667,-76.54888889,0.07171314741035857,0.020091475189381244,0.01737031187760877,creciente,0.18949976389704742,2.6424689298977166,0.35269709543568467,0.4125,4.918165053019825,5.752083333333332,EXCESO,1096.8,399.14458670395146,2.747876425074768,EXCESO,ALTA,NORMAL,0.08527131782945736,0.0,0.0,0.7406698564593301,estable,44017110
44017110,ANDAQUI  - AUT,PUTUMAYO,MOCOA,1.050916667,-76.54888889,0.04560260586319218,0.020091475189381244,0.01737031187760877,creciente,0.18949976389704742,4.155459108313826,0.35269709543568467,0.4125,7.734143449911086,9.045535714285714,EXCESO,1096.8,399.14458670395146,2.747876425074768,EXCESO,ALTA,NORMAL,0.08527131782945736,0.0,0.0,0.7406698564593301,estable,44017110
44017120,PIEDRA LISA II,PUTUMAYO,MOCOA,1.213611111,-76.66102778,0.10315186246418338,-0.0044387259417244425,0.03494402615902793,decreciente,0.08533104658768785,0.8272370905306405,0.05056179775280899,0.061855670103092786,0.4901685393258427,0.5996563573883161,DEFICIT,26.400000000000002,57.332903225806454,0.4604685706569442,DEFICIT,ALTA,MODERADA,0.10126582278481013,0.0,5.0,0.5197368421052632,estable,44017120
44017120,PIEDRA LISA II  - AUT,PUTUMAYO,MOCOA,1.213611111,-76.66102778,0.01485148514851485,-0.0044387259417244425,0.03494402615902793,decreciente,0.08533104658768785,5.745623803570982,0.05056179775280899,0.061855670103092786,3.404494382022472,4.164948453608248,EXCESO,26.400000000000002,57.332903225806454,0.4604685706569442,DEFICIT,MODERADA,MODERADA,0.10126582278481013,0.0,5.0,0.5197368421052632,estable,44017120
44035030,MACAGUAL,CAQUETA,FLORENCIA,1.5,-75.66,0.0,0.0,1.0,insuficiente,0.0,,,,,,sin_datos,,,,sin_datos,BAJA,MODERADA,0.0,0.0,1.0,,insuficiente,44035030
44035040,FLORENCIA,CAQUETA,FLORENCIA,1.733,-75.64502778,0.0,0.02776635581830386,0.002909555786272548,creciente,0.15231576183957135,,0.31950207468879666,0.325,,,sin_datos,690.9,55.806849071370806,12.380200844459344,EXCESO,ALTA,SEVERA,0.08256880733944955,0.2,25.0,0.8352490421455938,estable,44035040
44035040,FLORENCIA - AUT,CAQUETA,FLORENCIA,1.733,-75.64502778,0.066,0.02776635581830386,0.002909555786272548,creciente,0.15231576183957135,2.3078145733268385,0.31950207468879666,0.325,4.840940525587828,4.924242424242424,EXCESO,690.9,55.806849071370806,12.380200844459344,EXCESO,ALTA,SEVERA,0.08256880733944955,0.2,25.0,0.8352490421455938,estable,44035040
44035050,MACAGUAL,CAQUETA,FLORENCIA,1.5,-75.66,0.0,-0.004693877551020409,0.8360481727216985,estable,0.039285714285714285,,0.08139534883720931,0.0,,,sin_datos,,,,sin_datos,BAJA,MODERADA,0.0871559633027523,0.0,6.0,1.5298245614035086,insuficiente,44035050
44035050,MACAGUAL - AUT,CAQUETA,FLORENCIA,1.499722222,-75.661,0.05462962962962963,-0.004693877551020409,0.8360481727216985,estable,0.039285714285714285,0.7191283292978208,0.08139534883720931,0.0,1.4899487583760347,0.0,DEFICIT,,,,sin_datos,BAJA,MODERADA,0.0871559633027523,0.0,6.0,1.5298245614035086,insuficiente,44035050
44035501,PAUJIL,CAQUETÁ,EL PAUJIL,1.57381944,-75.3402,0.14285714285714285,,,,,,,,,,sin_datos,,,,sin_datos,ALTA,MODERADA,0.07614213197969544,0.0,3.0,,,44035501
44035501,PAUJIL  - AUT,CAQUETA,EL PAUJIL,1.573819444,-75.3402,0.05337361530715005,,,,,,,,,,sin_datos,,,,sin_datos,BAJA,MODERADA,0.07614213197969544,0.0,3.0,,,44035501
44037040,EL ROSARIO,CAQUETA,FLORENCIA,1.72525,-75.66638889,0.033707865168539325,0.04843989343989344,0.13127022671039595,estable,0.20264735264735265,6.011871461871462,0.6627906976744186,0.0,19.662790697674417,0.0,DEFICIT,,,,sin_datos,MODERADA,MODERADA,0.10465116279069768,0.0,0.0,0.0,estable,44037040
44037040,EL ROSARIO - AUT,CAQUETA,FLORENCIA,1.72525,-75.66638889,0.042608695652173914,0.04843989343989344,0.13127022671039595,estable,0.20264735264735265,4.756009296825623,0.6627906976744186,0.0,15.555291884195537,0.0,DEFICIT,,,,sin_datos,MODERADA,MODERADA,0.10465116279069768,0.0,0.0,0.0,estable,44037040
44037050,VENECIA,CAQUETA,FLORENCIA,1.563111111,-75.52930556,0.0684931506849315,-0.005117565734192905,0.008662664655634315,decreciente,0.05340177240275577,0.7796658770802344,0.006578947368421052,0.014084507042253521,0.09605263157894736,0.2056338028169014,DEFICIT,,,,sin_datos,BAJA,MODERADA,0.0784313725490196,0.0,3.0,1.0,estable,44037050
44037050,VENECIA,CAQUETÁ,FLORENCIA,1.56311111,-75.52930556,0.0,-0.005117565734192905,0.008662664655634315,decreciente,0.05340177240275577,,0.006578947368421052,0.014084507042253521,,,sin_datos,,,,sin_datos,BAJA,MODERADA,0.0784313725490196,0.0,3.0,1.0,estable,44037050
44037080,MORELIA,CAQUETA,MORELIA,1.497333333,-75.72497222,0.0,0.3616666666666667,0.11421192628327746,estable,0.49583333333333335,,0.7692307692307693,0.9069767441860465,,,sin_datos,,,,sin_datos,BAJA,ALTA,0.11904761904761904,0.0,1.0,2.8,insuficiente,44037080
44037080,MORELIA  - AUT,CAQUETA,MORELIA,1.497333333,-75.72497222,0.056818181818181816,0.3616666666666667,0.11421192628327746,estable,0.49583333333333335,8.726666666666667,0.7692307692307693,0.9069767441860465,13.53846153846154,15.962790697674418,EXCESO,,,,sin_datos,MODERADA,ALTA,0.11904761904761904,0.0,1.0,2.8,insuficiente,44037080
44045030,MONO LA,CAQUETA,BELÉN DE LOS ANDAQUÍES,1.303361111,-75.807722222,0.06876790830945559,0.0006214530938231499,0.8359685619712779,estable,0.07400278265585443,1.0761237977872165,0.07468879668049792,0.10625,1.0860995850622406,1.5450520833333332,EXCESO,348.9,242.5737634408602,1.4383253780249086,EXCESO,ALTA,MODERADA,0.10185185185185185,0.0,0.0,1.0093457943925235,estable,44045030
44045030,MONO LA,CAQUETÁ,BELÉN DE LOS ANDAQUÍES,1.30336111,-75.80772222,0.0,0.0006214530938231499,0.8359685619712779,estable,0.07400278265585443,,0.07468879668049792,0.10625,,,sin_datos,348.9,242.5737634408602,1.4383253780249086,EXCESO,ALTA,MODERADA,0.10185185185185185,0.0,0.0,1.0093457943925235,estable,44045030
44055010,TRES ESQUINAS,CAQUETA,SOLANO,0.7375,-75.236111111,0.08059701492537313,-0.001548804316435017,0.35075254314192295,estable,0.08075000612620191,1.001898224158431,0.07468879668049792,0.06875,0.9266943291839558,0.8530092592592593,NORMAL,651.2,391.12517455390315,1.6649401326384183,EXCESO,ALTA,MODERADA,0.0970464135021097,0.0,4.0,0.6869565217391305,estable,44055010
44055010,TRES ESQUINAS,CAQUETA,SOLANO,0.7375,-75.23611111,0.08125,-0.001548804316435017,0.35075254314192295,estable,0.08075000612620191,0.9938462292455619,0.07468879668049792,0.06875,0.919246728375359,0.8461538461538461,DEFICIT,651.2,391.12517455390315,1.6649401326384183,EXCESO,ALTA,MODERADA,0.0970464135021097,0.0,4.0,0.6869565217391305,estable,44055010
44055010,TRES ESQUINAS,CAQUETA,SOLANO,0.738,-75.236,0.04354354354354354,-0.001548804316435017,0.35075254314192295,estable,0.08075000612620191,1.854465657932775,0.07468879668049792,0.06875,1.715266847903849,1.5788793103448278,EXCESO,651.2,391.12517455390315,1.6649401326384183,EXCESO,ALTA,MODERADA,0.0970464135021097,0.0,4.0,0.6869565217391305,estable,44055010
44055010,TRES ESQUINAS,CAQUETA,SOLANO,0.743566,-75.234356,0.25,-0.001548804316435017,0.35075254314192295,estable,0.08075000612620191,0.32300002450480764,0.07468879668049792,0.06875,0.2987551867219917,0.275,DEFICIT,651.2,391.12517455390315,1.6649401326384183,EXCESO,CRÍTICA,MODERADA,0.0970464135021097,0.0,4.0,0.6869565217391305,estable,44055010
44055010,TRES ESQUINAS,CAQUETÁ,SOLANO,0.7375,-75.23611111,0.009174311926605505,-0.001548804316435017,0.35075254314192295,estable,0.08075000612620191,8.801750667756007,0.07468879668049792,0.06875,8.141078838174273,7.49375,EXCESO,651.2,391.12517455390315,1.6649401326384183,EXCESO,ALTA,MODERADA,0.0970464135021097,0.0,4.0,0.6869565217391305,estable,44055010
44197020,VILLAREAL - RIO CAQUETA,AMAZONAS,LA PEDRERA,-1.31,-69.619,0.06415094339622641,0.0,1.0,insuficiente,0.0,0.0,,,,,sin_datos,,,,sin_datos,BAJA,ALTA,0.08823529411764706,0.0,15.0,,,44197020
44197020,VILLARREAL,AMAZONAS,LA PEDRERA,-1.309527778,-69.61925,0.0,0.0,1.0,insuficiente,0.0,,,,,,sin_datos,,,,sin_datos,BAJA,ALTA,0.08823529411764706,0.0,15.0,,,44197020
46015030,SAN VICENTE DEL CAGUAN,CAQUETA,SAN VICENTE DEL CAGUÁN,2.063,-74.76269444,0.35294117647058826,-0.05873888016745159,0.19330998217038076,estable,0.3287807430664573,0.9315454386882956,0.29069767441860467,0.2,0.8236434108527132,0.5666666666666667,DEFICIT,,,,sin_datos,ALTA,MODERADA,0.10204081632653061,0.0,2.0,0.0,estable,46015030
46015030,SAN VICENTE DEL CAGUAN  - AUT,CAQUETA,SAN VICENTE DEL CAGUÁN,2.063,-74.76269444,0.03114571746384872,-0.05873888016745159,0.19330998217038076,estable,0.3287807430664573,10.556210286312327,0.29069767441860467,0.2,9.333471760797343,6.421428571428572,EXCESO,,,,sin_datos,MODERADA,MODERADA,0.10204081632653061,0.0,2.0,0.0,estable,46015030
46035010,MAGUARE,CAQUETA,EL DONCELLO,1.640222222,-75.16266667,0.05555555555555555,-0.020506912442396313,0.05025445217871367,estable,0.03306451612903226,0.5951612903225807,0.0,0.0,0.0,0.0,DEFICIT,,,,sin_datos,BAJA,LEVE,0.1,0.0,3.0,1.4285714285714284,insuficiente,46035010
46035010,MAGUARE - AUT,CAQUETA,EL DONCELLO,1.640222222,-75.16266667,0.06265664160401002,-0.020506912442396313,0.05025445217871367,estable,0.03306451612903226,0.5277096774193549,0.0,0.0,0.0,0.0,DEFICIT,,,,sin_datos,BAJA,LEVE,0.1,0.0,3.0,1.4285714285714284,insuficiente,46035010
47015100,EL ENCANO,NARIÑO,PASTO,1.159944444,-77.16147222,0.1511627906976744,-0.010619734705756211,0.3690236496000826,estable,0.19899065281068676,1.3163997032091586,0.25311203319502074,0.05,1.6744334503670604,0.3307692307692308,DEFICIT,324.0,1566.8112305436625,0.2067894291819547,DEFICIT,CRÍTICA,MODERADA,0.10062893081761007,0.0,0.0,0.2839285714285714,estable,47015100
47015100,EL ENCANO - AUT,NARIÑO,PASTO,1.159944444,-77.16147222,0.015306122448979591,-0.010619734705756211,0.3690236496000826,estable,0.19899065281068676,13.000722650298203,0.25311203319502074,0.05,16.53665283540802,3.266666666666667,EXCESO,324.0,1566.8112305436625,0.2067894291819547,DEFICIT,MODERADA,MODERADA,0.10062893081761007,0.0,0.0,0.2839285714285714,estable,47015100
47017070,EL EDEN,PUTUMAYO,SANTIAGO,1.106305556,-76.985,0.08266666666666667,0.0005509636095542302,0.7402493835029947,estable,0.06635047184429751,0.8026266755358571,0.06224066390041494,0.06875,0.7529112568598582,0.8316532258064517,DEFICIT,764.0,578.6042845803934,1.3204188429991606,EXCESO,ALTA,NORMAL,0.06224066390041494,0.0,0.0,1.0510903426791276,estable,47017070
47017070,EL EDEN - AUT,PUTUMAYO,SANTIAGO,1.106305556,-76.985,0.0392156862745098,0.0005509636095542302,0.7402493835029947,estable,0.06635047184429751,1.6919370320295866,0.06224066390041494,0.06875,1.587136929460581,1.7531250000000003,EXCESO,764.0,578.6042845803934,1.3204188429991606,EXCESO,ALTA,NORMAL,0.06224066390041494,0.0,0.0,1.0510903426791276,estable,47017070
47017110,MONOPAMBA,NARIÑO,PUERRES,0.807777778,-77.30694444,0.09,-0.0071864057175117105,0.01946194599404752,decreciente,0.05434422606465617,0.6038247340517353,0.028368794326241134,0.03333333333333333,0.31520882584712373,0.3703703703703704,DEFICIT,540.4,475.97035090725615,1.1353648372633574,NORMAL,BAJA,LEVE,0.06701030927835051,0.0,0.0,1.3324175824175826,estable,47017110
47017110,MONOPAMBA  - AUT,NARIÑO,PUERRES,0.807777778,-77.30694444,0.04648074369189907,-0.0071864057175117105,0.01946194599404752,decreciente,0.05434422606465617,1.1691772064767456,0.028368794326241134,0.03333333333333333,0.6103343465045592,0.7171428571428571,DEFICIT,540.4,475.97035090725615,1.1353648372633574,NORMAL,MODERADA,LEVE,0.06701030927835051,0.0,0.0,1.3324175824175826,estable,47017110
47017170,PICUDO EL,PUTUMAYO,ORITO,0.489222222,-76.835972222,0.011320754716981131,-0.006732191192975508,0.8662530905659815,estable,0.6092284500781233,53.815179756900896,0.618421052631579,0.6802721088435374,54.627192982456144,60.090702947845806,EXCESO,401.5,0.0,,sin_datos,MODERADA,NORMAL,0.08163265306122448,0.1,0.0,0.27222222222222225,estable,47017170
48015010,APTO VASQUEZ COBO TX GPRS/GOES,AMAZONAS,LETICIA,-4.194,-69.941,0.058823529411764705,,,,,,,,,,sin_datos,,,,sin_datos,BAJA,MODERADA,0.10526315789473684,0.0,1.0,,,48015010
48015040,PTO NARIÑO,AMAZONAS,PUERTO NARIÑO,-3.78,-70.363,0.060498220640569395,0.003726223052310008,0.016847778916244255,creciente,0.04030853405853406,0.6662763570851806,0.07468879668049792,0.05,1.2345618745423481,0.8264705882352942,DEFICIT,174.6,148.82828131703133,1.1731641221339526,EXCESO,ALTA,MODERADA,0.08936170212765958,0.2,0.0,2.0042643923240937,estable,48015040
48015040,PUERTO NARIÑO,AMAZONAS,PUERTO NARIÑO,-3.780305556,-70.36263889,0.03942652329749104,0.003726223052310008,0.016847778916244255,creciente,0.04030853405853406,1.0223710002119093,0.07468879668049792,0.05,1.8943794794417201,1.2681818181818183,EXCESO,174.6,148.82828131703133,1.1731641221339526,EXCESO,ALTA,MODERADA,0.08936170212765958,0.2,0.0,2.0042643923240937,estable,48015040
48015040,PUERTO NARIÑO,AMAZONAS,PUERTO NARIÑO,-3.780152,-70.362447,0.042735042735042736,0.003726223052310008,0.016847778916244255,creciente,0.04030853405853406,0.943219696969697,0.07468879668049792,0.05,1.7477178423236515,1.1700000000000002,EXCESO,174.6,148.82828131703133,1.1731641221339526,EXCESO,ALTA,MODERADA,0.08936170212765958,0.2,0.0,2.0042643923240937,estable,48015040
48015050,AEROPUERTO VASQUEZ COBO,AMAZONAS,LETICIA,-4.199509,-69.943095,0.08163265306122448,0.0018506179345275924,0.39142977002802576,estable,0.05106407088702231,0.6255348683660233,0.04979253112033195,0.075,0.6099585062240664,0.9187500000000001,NORMAL,1161.9,386.9324298354045,3.0028498787094575,EXCESO,ALTA,NORMAL,0.07958477508650519,0.0,0.0,0.42236024844720493,decreciente,48015050
48015050,AEROPUERTO VASQUEZ COBO,AMAZONAS,LETICIA,-4.193861111,-69.94091667,0.015267175572519083,0.0018506179345275924,0.39142977002802576,estable,0.05106407088702231,3.3446966430999616,0.04979253112033195,0.075,3.2614107883817427,4.9125,EXCESO,1161.9,386.9324298354045,3.0028498787094575,EXCESO,ALTA,NORMAL,0.07958477508650519,0.0,0.0,0.42236024844720493,decreciente,48015050
48015050,AEROPUERTO VASQUEZ COBO,AMAZONAS,LETICIA,-4.19386111,-69.94091667,0.2318181818181818,0.0018506179345275924,0.39142977002802576,estable,0.05106407088702231,0.22027638421852763,0.04979253112033195,0.075,0.21479131071515742,0.3235294117647059,DEFICIT,1161.9,386.9324298354045,3.0028498787094575,EXCESO,CRÍTICA,NORMAL,0.07958477508650519,0.0,0.0,0.42236024844720493,decreciente,48015050
51020011,PIEDRANCHA,NARINO,MALLAMA (PIEDRANCHA),1.142,-77.929,0.028386050283860504,-0.009742124803725705,0.04100816410331457,decreciente,0.125998319226302,4.438740788743725,0.11347517730496454,0.05,3.9975683890577507,1.7614285714285713,EXCESO,40.9,55.86632339528092,0.7321047370633819,DEFICIT,MODERADA,MODERADA,0.0963302752293578,0.3333333333333333,0.0,0.6106442577030812,estable,51020011
51020011,PIEDRANCHA -,NARIÑO,MALLAMA,1.141527778,-77.92897222,0.11910669975186104,-0.009742124803725705,0.04100816410331457,decreciente,0.125998319226302,1.0578608885041605,0.11347517730496454,0.05,0.9527186761229314,0.4197916666666667,DEFICIT,40.9,55.86632339528092,0.7321047370633819,DEFICIT,ALTA,MODERADA,0.0963302752293578,0.3333333333333333,0.0,0.6106442577030812,estable,51020011
51020011,PIEDRANCHA -,NARIÑO,MALLAMA,1.14152778,-77.92897222,0.05859375,-0.009742124803725705,0.04100816410331457,decreciente,0.125998319226302,2.1503713147955543,0.11347517730496454,0.05,1.936643026004728,0.8533333333333334,NORMAL,40.9,55.86632339528092,0.7321047370633819,DEFICIT,MODERADA,MODERADA,0.0963302752293578,0.3333333333333333,0.0,0.6106442577030812,estable,51020011
51025060,BIOTOPO - AUT,NARIÑO,BARBACOAS,1.408638889,-78.28161111,0.05509964830011723,,,,,,,,,,sin_datos,,,,sin_datos,BAJA,NORMAL,0.05714285714285714,0.0,1.0,,,51025060
51025080,ALTAQUER,NARIÑO,BARBACOAS,1.24833333,-78.0925,0.0,0.043037518037518034,0.0586326779082015,estable,0.1769119769119769,,0.1897810218978102,0.1897810218978102,,,sin_datos,494.0,151.7935113088617,3.254421060165306,EXCESO,ALTA,NORMAL,0.06293706293706294,0.07692307692307693,0.0,0.6355555555555555,estable,51025080
51025080,ALTAQUER,NARIÑO,BARBACOAS,1.248333333,-78.0925,0.0,0.043037518037518034,0.0586326779082015,estable,0.1769119769119769,,0.1897810218978102,0.1897810218978102,,,sin_datos,494.0,151.7935113088617,3.254421060165306,EXCESO,ALTA,NORMAL,0.06293706293706294,0.07692307692307693,0.0,0.6355555555555555,estable,51025080
51025080,ALTAQUER - AUT,NARIÑO,BARBACOAS,1.248333333,-78.0925,0.05160390516039052,0.043037518037518034,0.0586326779082015,estable,0.1769119769119769,3.428267228267228,0.1897810218978102,0.1897810218978102,3.6776484513710788,3.6776484513710788,EXCESO,494.0,151.7935113088617,3.254421060165306,EXCESO,ALTA,NORMAL,0.06293706293706294,0.07692307692307693,0.0,0.6355555555555555,estable,51025080
51025090,GRANJA EL MIRA -,NARIÑO,TUMACO,1.55019444,-78.69558333,0.5,0.04211640211640212,0.3681513202043116,estable,0.19506172839506175,0.3901234567901235,0.2074074074074074,0.2074074074074074,0.4148148148148148,0.4148148148148148,DEFICIT,1441.4,315.1525305664589,4.573658340642896,EXCESO,CRÍTICA,NORMAL,0.09883720930232558,0.0,0.0,0.0,estable,51025090
51025090,GRANJA MIRA,NARINO,TUMACO,1.55,-78.696,0.05249110320284697,0.04211640211640212,0.3681513202043116,estable,0.19506172839506175,3.716091232475414,0.2074074074074074,0.2074074074074074,3.9512868801004397,3.9512868801004397,EXCESO,1441.4,315.1525305664589,4.573658340642896,EXCESO,ALTA,NORMAL,0.09883720930232558,0.0,0.0,0.0,estable,51025090
51027060,SAN JUAN MIRA,NARIÑO,TUMACO,1.423888889,-78.67027778,0.0371900826446281,0.023767457887435246,0.00014246206443391468,creciente,0.12721937874739234,3.420787739652105,0.2157676348547718,0.3,5.801751959428308,8.066666666666666,EXCESO,2358.0,133.2055410698294,17.701966307571862,EXCESO,ALTA,NORMAL,0.09166666666666666,0.0,0.0,0.5741626794258373,estable,51027060
51027060,SAN JUAN RIO MIRA,NARINO,TUMACO,1.424,-78.67,0.05952380952380952,0.023767457887435246,0.00014246206443391468,creciente,0.12721937874739234,2.1372855629561913,0.2157676348547718,0.3,3.6248962655601664,5.04,EXCESO,2358.0,133.2055410698294,17.701966307571862,EXCESO,ALTA,NORMAL,0.09166666666666666,0.0,0.0,0.5741626794258373,estable,51027060
51035020,CCCP DL PACIFICO,NARIÑO,TUMACO,1.819166667,-78.73,0.05648267008985879,0.007811335184106173,0.18196929756265767,estable,0.10061634684121828,1.78136668612066,0.056179775280898875,0.061855670103092786,0.9946373850868233,1.0951265229615745,NORMAL,134.2,52.27806763285024,2.5670420900498634,EXCESO,ALTA,NORMAL,0.0972972972972973,0.0,0.0,0.7341269841269841,estable,51035020
51039010,TUMACO,NARIÑO,TUMACO,1.819305556,-78.73027778,0.09283819628647215,0.007758313208122866,0.1423305527436623,estable,0.11762275955824343,1.2669651529559365,0.08426966292134831,0.08247422680412371,0.9077046548956661,0.8883652430044182,NORMAL,142.2,27.050157881952877,5.256900925331453,EXCESO,ALTA,MODERADA,0.10108303249097472,0.0,0.0,0.8561126373626374,decreciente,51039010
51039010,TUMACO - AUT,NARIÑO,TUMACO,1.819305556,-78.73027778,0.04138950480413895,0.007758313208122866,0.1423305527436623,estable,0.11762275955824343,2.841849887183989,0.08426966292134831,0.08247422680412371,2.0360152487961476,1.9926362297496318,EXCESO,142.2,27.050157881952877,5.256900925331453,EXCESO,ALTA,MODERADA,0.10108303249097472,0.0,0.0,0.8561126373626374,decreciente,51039010
52010020,BALBOA,CAUCA,BALBOA,2.032805556,-77.22169444,0.06766917293233082,-0.005373919074108826,0.009335190803865046,decreciente,0.027933180440635034,0.4127903331782733,0.004149377593360996,0.00625,0.061318579990779165,0.09236111111111112,DEFICIT,30.7,59.2,0.518581081081081,DEFICIT,BAJA,MODERADA,0.10416666666666667,0.3333333333333333,0.0,1.0,estable,52010020
52015050,BALBOA,CAUCA,BALBOA,2.032777778,-77.22166667,0.008130081300813009,-0.0010582010582010583,0.8047261622231062,estable,0.006172839506172839,0.7592592592592592,,,,,sin_datos,,,,sin_datos,BAJA,ALTA,0.09523809523809523,0.0,80.0,10.5,insuficiente,52015050
52015050,BALBOA - AUT,CAUCA,BALBOA,2.032777778,-77.22166667,0.058981233243967826,-0.0010582010582010583,0.8047261622231062,estable,0.006172839506172839,0.10465768799102132,,,,,sin_datos,,,,sin_datos,BAJA,ALTA,0.09523809523809523,0.0,80.0,10.5,insuficiente,52015050
52015501,BALBOA,CAUCA,BALBOA,2.12519167,-77.19266667,0.0,,,,,,,,,,sin_datos,,,,sin_datos,BAJA,MODERADA,0.10526315789473684,0.0,7.0,,,52015501
52015501,BALBOA  - AUT,CAUCA,BALBOA,2.125191667,-77.19266667,0.05361930294906166,,,,,,,,,,sin_datos,,,,sin_datos,BAJA,MODERADA,0.10526315789473684,0.0,7.0,,,52015501
52017001,PUERTO NUEVO - PATIA,NARIÑO,LEIVA,1.909,-77.246,0.08080808080808081,,,,,,,,,,sin_datos,,,,sin_datos,BAJA,MODERADA,0.09090909090909091,0.0,17.0,,,52017001
52017020,PTO NUEVO PATIA - En Siniestro,NARIÑO,LEIVA,1.909,-77.246,0.3333333333333333,,,,,,,,,,sin_datos,,,,sin_datos,ALTA,MODERADA,0.0,0.0,1.0,,,52017020
52017030,LA FONDA,CAUCA,PATÍA,2.147777778,-77.04666667,0.02622950819672131,0.012042362399505258,0.05564162793021197,estable,0.09565476190476191,3.646837797619048,0.27624309392265195,0.07920792079207921,10.531767955801106,3.01980198019802,EXCESO,0.0,0.7748860759493671,0.0,DEFICIT,MODERADA,ALTA,0.10714285714285714,0.0,29.0,1.0090090090090091,estable,52017030
52017030,LA FONDA - AUT,CAUCA,PATÍA (EL BORDO),2.147777778,-77.04666667,0.03950617283950617,0.012042362399505258,0.05564162793021197,estable,0.09565476190476191,2.4212611607142858,0.27624309392265195,0.07920792079207921,6.992403314917127,2.004950495049505,EXCESO,0.0,0.7748860759493671,0.0,DEFICIT,MODERADA,ALTA,0.10714285714285714,0.0,29.0,1.0090090090090091,estable,52017030
52017100,PUENTE CARRETERA,CAUCA,EL TAMBO,2.356,-76.849,0.0,,,,,,,,,,sin_datos,,,,sin_datos,BAJA,MODERADA,0.0,0.0,16.0,,,52017100
52017110,PUENTE CARRETERA  - AUT,CAUCA,EL TAMBO,2.328361111,-76.84822222,0.046468401486988845,,,,,,,,,,sin_datos,,,,sin_datos,BAJA,ALTA,0.09803921568627451,0.0,147.0,,,52017110
52020070,SANTIAGO,CAUCA,SAN SEBASTIÁN,1.814166667,-76.78288889,0.0967741935483871,0.021153846153846148,0.7200832180580088,estable,0.12446581196581195,1.2861467236467237,0.16279069767441862,0.4,1.682170542635659,4.133333333333334,EXCESO,,,,sin_datos,MODERADA,NORMAL,0.038461538461538464,0.0,2.0,0.0,estable,52020070
52025080,ESTRECHO PATIA,CAUCA,PATÍA,1.96,-77.12,0.09615384615384616,-0.001732278899507634,0.4492254964421251,estable,0.09127455307775387,0.9492553520086402,0.07389162561576355,0.07377049180327869,0.768472906403941,0.7672131147540983,DEFICIT,19.4,23.035273993981995,0.8421866397190796,DEFICIT,BAJA,MODERADA,0.10326086956521739,0.0,2.0,0.8473684210526315,estable,52025080
52025080,ESTRECHO PATIA  - AUT,CAUCA,PATÍA (EL BORDO),1.962777778,-77.12027778,0.03631961259079903,-0.001732278899507634,0.4492254964421251,estable,0.09127455307775387,2.5130926947408234,0.07389162561576355,0.07377049180327869,2.03448275862069,2.0311475409836066,EXCESO,19.4,23.035273993981995,0.8421866397190796,DEFICIT,MODERADA,MODERADA,0.10326086956521739,0.0,2.0,0.8473684210526315,estable,52025080
52025090,LA SIERRA,CAUCA,LA SIERRA,2.193833333,-76.75033333,0.10899182561307902,-0.004953653940755209,0.22504484486067639,estable,0.1450389047504161,1.3307319510850677,0.1282051282051282,0.07894736842105263,1.176282051282051,0.7243421052631579,DEFICIT,17.4,10.244825732295142,1.6984183484106847,EXCESO,CRÍTICA,MODERADA,0.10294117647058823,0.5,0.0,0.7285714285714285,estable,52025090
52025090,LA SIERRA - AUT,CAUCA,LA SIERRA,2.193833333,-76.75033333,0.03239289446185998,-0.004953653940755209,0.22504484486067639,estable,0.1450389047504161,4.4774913498757485,0.1282051282051282,0.07894736842105263,3.9578163771712154,2.437181663837012,EXCESO,17.4,10.244825732295142,1.6984183484106847,EXCESO,ALTA,MODERADA,0.10294117647058823,0.5,0.0,0.7285714285714285,estable,52025090
52025501,LA VEGA  - AUT,CAUCA,LA VEGA,2.092941667,-76.81202778,0.05131761442441054,,,,,,,,,,sin_datos,,,,sin_datos,BAJA,NORMAL,0.09836065573770492,0.0,1.0,,,52025501
52035040,VIENTO LIBRE,NARIÑO,TAMINANGO,1.62,-77.34,0.11748633879781421,-0.002089912612916989,0.44937001643636054,estable,0.10095891540370915,0.859324721808315,0.11797752808988764,0.07216494845360824,1.0041808204860203,0.6142411891632701,DEFICIT,0.2,4.134117647058824,0.048377916903813316,DEFICIT,ALTA,ALTA,0.10245901639344263,0.0,19.0,0.5422222222222222,estable,52035040
52035040,VIENTO LIBRE - AUT,NARIÑO,TAMINANGO,1.6185,-77.34361111,0.03555219364599092,-0.002089912612916989,0.44937001643636054,estable,0.10095891540370915,2.839738003483053,0.11797752808988764,0.07216494845360824,3.3184317475496052,2.0298311033121297,EXCESO,0.2,4.134117647058824,0.048377916903813316,DEFICIT,MODERADA,ALTA,0.10245901639344263,0.0,19.0,0.5422222222222222,estable,52035040
52035501,EL SAUCE  - AUT,NARIÑO,LA UNIÓN,1.615555556,-77.10971944,0.05342465753424658,,,,,,,,,,sin_datos,,,,sin_datos,BAJA,MODERADA,0.10416666666666667,0.0,2.0,,,52035501
52040050,APONTE,NARIÑO,EL TABLÓN,1.397,-77.031,0.0,-0.0019909171475788238,0.08221091557069306,estable,0.03945118891330261,,0.024896265560165973,0.025,,,sin_datos,29.6,102.60080379978078,0.28849676516923395,DEFICIT,BAJA,ALTA,0.0963855421686747,0.375,4.0,1.138719512195122,creciente,52040050
52040050,APONTE,NARIÑO,EL TABLÓN,1.397333333,-77.03052778,0.056580565805658053,-0.0019909171475788238,0.08221091557069306,estable,0.03945118891330261,0.6972568823155441,0.024896265560165973,0.025,0.44001443261771606,0.44184782608695655,DEFICIT,29.6,102.60080379978078,0.28849676516923395,DEFICIT,BAJA,ALTA,0.0963855421686747,0.375,4.0,1.138719512195122,creciente,52040050
52045080,UNIVERSIDAD DE NARINO,NARIÑO,PASTO,1.23,-77.28,0.0967741935483871,-0.0016709234244460316,0.42131378132141306,estable,0.08379321921169948,0.8658632651875613,0.0815450643776824,0.046052631578947366,0.8426323319027181,0.4758771929824561,DEFICIT,52.2,45.98388368500837,1.1351803244278431,NORMAL,BAJA,NORMAL,0.09965635738831616,0.08333333333333333,0.0,0.7316810344827586,estable,52045080
52045080,UNIVERSIDAD DE NARINO  - AUT,NARIÑO,PASTO,1.225111111,-77.28338889,0.038604305864884926,-0.0016709234244460316,0.42131378132141306,estable,0.08379321921169948,2.1705666591953694,0.0815450643776824,0.046052631578947366,2.1123308022449656,1.1929402834008098,EXCESO,52.2,45.98388368500837,1.1351803244278431,NORMAL,MODERADA,NORMAL,0.09965635738831616,0.08333333333333333,0.0,0.7316810344827586,estable,52045080
52047020,PUENTE JUANAMBU,NARIÑO,TAMINANGO,1.517472222,-77.31033333,0.0,0.0,1.0,insuficiente,0.0,,,,,,sin_datos,,,,sin_datos,BAJA,MODERADA,0.0,0.0,144.0,,,52047020
52047020,PUENTE JUANAMBU  - AUT,NARIÑO,TAMINANGO,1.517472222,-77.31033333,0.0,0.0,1.0,insuficiente,0.0,,,,,,sin_datos,,,,sin_datos,BAJA,MODERADA,0.0,0.0,144.0,,,52047020
52050060,RIO BOBO,NARIÑO,PASTO,1.099,-77.3,0.051666666666666666,-0.0033307270626942056,0.07825695005604258,estable,0.06203149983127736,1.2006096741537555,0.05394190871369295,0.01875,1.04403694284567,0.3629032258064516,DEFICIT,111.9,130.50399431192113,0.8574450199014199,NORMAL,MODERADA,NORMAL,0.09570957095709572,0.0,2.0,0.5758892207439587,estable,52050060
52050060,RIO BOBO,NARIÑO,PASTO,1.0995,-77.29972222,0.054758800521512385,-0.0033307270626942056,0.07825695005604258,estable,0.06203149983127736,1.1328133421568984,0.05394190871369295,0.01875,0.9850819996048212,0.3424107142857143,DEFICIT,111.9,130.50399431192113,0.8574450199014199,NORMAL,MODERADA,NORMAL,0.09570957095709572,0.0,2.0,0.5758892207439587,estable,52050060
52050080,TANGUA,NARIÑO,TANGUA,1.094,-77.392,0.05638474295190713,-0.008222769875496057,0.0033417608247541565,decreciente,0.08137338093330743,1.4431808441995406,0.03734439834024896,0.01875,0.662313888210886,0.33253676470588234,DEFICIT,17.3,80.72866312834472,0.21429811085185407,DEFICIT,MODERADA,MODERADA,0.09523809523809523,0.25,0.0,0.7819148936170213,estable,52050080
52050080,TANGUA,NARIÑO,TANGUA,1.094166667,-77.39197222,0.06720977596741344,-0.008222769875496057,0.0033417608247541565,decreciente,0.08137338093330743,1.2107372738864832,0.03734439834024896,0.01875,0.5556393813655225,0.27897727272727274,DEFICIT,17.3,80.72866312834472,0.21429811085185407,DEFICIT,MODERADA,MODERADA,0.09523809523809523,0.25,0.0,0.7819148936170213,estable,52050080
52050080,TANGUA,NARIÑO,TANGUA,1.09416667,-77.39197222,0.02734375,-0.008222769875496057,0.0033417608247541565,decreciente,0.08137338093330743,2.9759407884181,0.03734439834024896,0.01875,1.3657379964433907,0.6857142857142857,DEFICIT,17.3,80.72866312834472,0.21429811085185407,DEFICIT,MODERADA,MODERADA,0.09523809523809523,0.25,0.0,0.7819148936170213,estable,52050080
52050090,IMUES,NARIÑO,IMUÉS,1.055,-77.5,0.06389776357827476,-0.007141206577009204,0.01913008957516788,decreciente,0.060599939221387296,0.9483890488147112,0.025,0.01875,0.39125000000000004,0.2934375,DEFICIT,24.2,52.46374302515641,0.4612709388347697,DEFICIT,BAJA,ALTA,0.10273972602739725,0.2857142857142857,0.0,1.3687500000000001,estable,52050090
52050090,IMUES,NARIÑO,IMUÉS,1.05525,-77.49955556,0.05138339920948617,-0.007141206577009204,0.01913008957516788,decreciente,0.060599939221387296,1.179368047923922,0.025,0.01875,0.48653846153846153,0.36490384615384613,DEFICIT,24.2,52.46374302515641,0.4612709388347697,DEFICIT,MODERADA,ALTA,0.10273972602739725,0.2857142857142857,0.0,1.3687500000000001,estable,52050090
52055090,SINDAGUA,NARIÑO,TANGUA,1.10758333,-77.38936111,0.03515625,-0.0033376692384811044,0.1820927912976539,estable,0.06629935247721025,1.8858482482406471,0.03734439834024896,0.025,1.062240663900415,0.7111111111111111,DEFICIT,18.6,63.34396797700664,0.2936349046960818,DEFICIT,MODERADA,MODERADA,0.08256880733944955,0.3333333333333333,4.0,0.796783625730994,estable,52055090
52055090,SINDAGUA,NARIÑO,TANGUA,1.107583333,-77.38936111,0.05764411027568922,-0.0033376692384811044,0.1820927912976539,estable,0.06629935247721025,1.1501496364524735,0.03734439834024896,0.025,0.6478441277286668,0.4336956521739131,DEFICIT,18.6,63.34396797700664,0.2936349046960818,DEFICIT,MODERADA,MODERADA,0.08256880733944955,0.3333333333333333,4.0,0.796783625730994,estable,52055090
52055090,SINDAGUA,NARIÑO,TANGUA,1.108,-77.389,0.060955518945634266,-0.0033376692384811044,0.1820927912976539,estable,0.06629935247721025,1.0876677555045033,0.03734439834024896,0.025,0.6126499943927329,0.41013513513513516,DEFICIT,18.6,63.34396797700664,0.2936349046960818,DEFICIT,BAJA,MODERADA,0.08256880733944955,0.3333333333333333,4.0,0.796783625730994,estable,52055090
52055150,CERRO PARAMO,NARIÑO,PUERRES,0.843111111,-77.38880556,0.0,0.09267956470337421,0.02314439279324131,creciente,0.27481430606430607,,0.3049645390070922,0.55,,,sin_datos,1434.1000000000001,248.6151862504782,5.76835237472241,EXCESO,ALTA,LEVE,0.09333333333333334,0.0,0.0,1.2605042016806722,estable,52055150
52055150,CERRO PARAMO  - AUT,NARIÑO,PUERRES,0.843111111,-77.38880556,0.05518945634266886,0.09267956470337421,0.02314439279324131,creciente,0.27481430606430607,4.9794711576427995,0.3049645390070922,0.55,5.525775378427014,9.965671641791046,EXCESO,1434.1000000000001,248.6151862504782,5.76835237472241,EXCESO,ALTA,LEVE,0.09333333333333334,0.0,0.0,1.2605042016806722,estable,52055150
52055160,VOLCAN CHILES  - AUT,NARIÑO,CUMBAL,0.846583333,-77.92122222,0.0,0.2,0.1816901138162094,estable,0.2,,0.05263157894736842,0.05333333333333334,,,sin_datos,42.5,0.0,,sin_datos,BAJA,MODERADA,0.125,0.0,0.0,0.5333333333333333,insuficiente,52055160
52055170,LA JOSEFINA,NARIÑO,CONTADERO,0.930305556,-77.49119444,0.09935897435897435,-0.008835633761085784,0.002550387512186456,decreciente,0.10289000166054726,1.0355380812287338,0.0898876404494382,0.041237113402061855,0.9046756071040232,0.41503159294978387,DEFICIT,8.9,10.371244239631338,0.8581419735532488,NORMAL,BAJA,MODERADA,0.10037174721189591,0.0,1.0,0.33209876543209876,estable,52055170
52055170,LA JOSEFINA - AUT,NARIÑO,CONTADERO,0.930305556,-77.49119444,0.041117145073700546,-0.008835633761085784,0.002550387512186456,decreciente,0.10289000166054726,2.5023624932159514,0.0898876404494382,0.041237113402061855,2.186135255458978,1.0029177202878816,NORMAL,8.9,10.371244239631338,0.8581419735532488,NORMAL,MODERADA,MODERADA,0.10037174721189591,0.0,1.0,0.33209876543209876,estable,52055170
52055210,BOTANA,NARIÑO,PASTO,1.16,-77.27880556,0.12094395280235988,-0.008577808084176599,0.003952645798572187,decreciente,0.10470240398905098,0.8657101207875191,0.058091286307053944,0.05625,0.4803157575144216,0.46509146341463414,DEFICIT,131.1,65.64276206691089,1.997173730538141,EXCESO,CRÍTICA,NORMAL,0.0935483870967742,0.0,2.0,0.4548789435069699,estable,52055210
52055210,BOTANA - AUT,NARIÑO,PASTO,1.16,-77.27880556,0.03393501805054152,-0.008577808084176599,0.003952645798572187,decreciente,0.10470240398905098,3.0853793515922465,0.058091286307053944,0.05625,1.7118389688355256,1.6575797872340425,EXCESO,131.1,65.64276206691089,1.997173730538141,EXCESO,ALTA,NORMAL,0.0935483870967742,0.0,2.0,0.4548789435069699,estable,52055210
52055220,EL PARAISO,NARIÑO,TÚQUERRES,1.070707855,-77.636935689,0.08115942028985507,-0.003917944053832854,0.08213850445031774,estable,0.06566567644818842,0.8090949419508932,0.02912621359223301,0.008,0.3588765603328711,0.09857142857142859,DEFICIT,7.800000000000001,26.987979705891657,0.28901755837237453,DEFICIT,BAJA,NORMAL,0.09375,0.0,4.0,0.8205128205128206,estable,52055220
52055220,EL PARAISO - AUT,NARIÑO,TÚQUERRES,1.070611111,-77.63688889,0.045931758530183726,-0.003917944053832854,0.08213850445031774,estable,0.06566567644818842,1.4296355843862736,0.02912621359223301,0.008,0.6341192787794729,0.1741714285714286,DEFICIT,7.800000000000001,26.987979705891657,0.28901755837237453,DEFICIT,MODERADA,NORMAL,0.09375,0.0,4.0,0.8205128205128206,estable,52055220
52055230,AEROPUERTO SAN LUIS,NARIÑO,ALDANA,0.85708333,-77.67775,0.06589147286821706,-0.010491124688820196,0.0004446569628344082,decreciente,0.11328810751896588,1.7193136317584232,0.04219409282700422,0.019230769230769232,0.6403574087862992,0.29185520361990946,DEFICIT,104.302,116.58791512692682,0.8946210238552479,NORMAL,MODERADA,NORMAL,0.08611111111111111,0.0,1.0,0.2809573361082206,estable,52055230
52055230,AEROPUERTO SAN LUIS,NARIÑO,ALDANA,0.857083333,-77.67775,0.12704918032786885,-0.010491124688820196,0.0004446569628344082,decreciente,0.11328810751896588,0.8916870398266992,0.04219409282700422,0.019230769230769232,0.3321083435415816,0.1513647642679901,DEFICIT,104.302,116.58791512692682,0.8946210238552479,NORMAL,ALTA,NORMAL,0.08611111111111111,0.0,1.0,0.2809573361082206,estable,52055230
52055230,AEROPUERTO SAN LUIS - AUT,NARIÑO,ALDANA,0.857,-77.678,0.017163504968383016,-0.010491124688820196,0.0004446569628344082,decreciente,0.11328810751896588,6.600522895973434,0.04219409282700422,0.019230769230769232,2.45836109260493,1.1204453441295548,NORMAL,104.302,116.58791512692682,0.8946210238552479,NORMAL,MODERADA,NORMAL,0.08611111111111111,0.0,1.0,0.2809573361082206,estable,52055230
52055501,OSPINA PEREZ,NARIÑO,CONSACÁ,1.25472222,-77.48777778,0.0,,,,,,,,,,sin_datos,,,,sin_datos,BAJA,NORMAL,0.08928571428571429,0.0,6.0,,,52055501
52055501,OSPINA PEREZ  - AUT,NARIÑO,CONSACÁ,1.254722222,-77.48777778,0.05379746835443038,,,,,,,,,,sin_datos,,,,sin_datos,BAJA,NORMAL,0.08928571428571429,0.0,6.0,,,52055501
52055502,SANDONA  - AUT,NARIÑO,SANDONÁ,1.300888889,-77.46035833,0.053103964098728494,,,,,,,,,,sin_datos,,,,sin_datos,BAJA,MODERADA,0.10077519379844961,0.0,4.0,,,52055502
52057050,SAN PEDRO,NARIÑO,LINARES,1.383,-77.48227778,0.09803921568627451,-0.027757427757427754,0.08770518181127847,estable,0.09985754985754985,1.0185470085470085,0.058091286307053944,0.01875,0.5925311203319502,0.19125,DEFICIT,40.0,96.97246283128635,0.41248823461968165,DEFICIT,BAJA,MODERADA,0.09836065573770492,0.5,2.0,2.118055555555556,estable,52057050
52057050,SAN PEDRO  - AUT,NARIÑO,LINARES,1.383,-77.48227778,0.05509181969949917,-0.027757427757427754,0.08770518181127847,estable,0.09985754985754985,1.8125658292324958,0.058091286307053944,0.01875,1.0544448635734942,0.3403409090909091,DEFICIT,40.0,96.97246283128635,0.41248823461968165,DEFICIT,MODERADA,MODERADA,0.09836065573770492,0.5,2.0,2.118055555555556,estable,52057050
52057080,PIEDRAS,NARIÑO,TANGUA,1.035,-77.313,0.13333333333333333,,,,,,,,,,sin_datos,,,,sin_datos,ALTA,MODERADA,0.0,0.0,3.0,,,52057080
52057100,RUMICHACA,NARIÑO,IPIALES,0.81378611,-77.66197778,0.06696428571428571,-0.009503377687500886,0.0003105787608162796,decreciente,0.11572612127402473,1.7281767443587694,0.05394190871369295,0.03125,0.8055325034578147,0.4666666666666667,DEFICIT,38.42,52.479856907585166,0.7320904107580937,DEFICIT,MODERADA,NORMAL,0.08968609865470852,0.0,1.0,0.3068807339449542,estable,52057100
52057100,RUMICHACA,NARIÑO,IPIALES,0.813786111,-77.66197778,0.11677282377919321,-0.009503377687500886,0.0003105787608162796,decreciente,0.11572612127402473,0.99103642036483,0.05394190871369295,0.03125,0.46193889098453417,0.2676136363636364,DEFICIT,38.42,52.479856907585166,0.7320904107580937,DEFICIT,ALTA,NORMAL,0.08968609865470852,0.0,1.0,0.3068807339449542,estable,52057100
52057100,RUMICHACA - RIO GUAITARA,NARIÑO,IPIALES,0.814,-77.662,0.008097165991902834,-0.009503377687500886,0.0003105787608162796,decreciente,0.11572612127402473,14.292175977342055,0.05394190871369295,0.03125,6.661825726141079,3.859375,EXCESO,38.42,52.479856907585166,0.7320904107580937,DEFICIT,MODERADA,NORMAL,0.08968609865470852,0.0,1.0,0.3068807339449542,estable,52057100
52065020,BARBACOAS,NARIÑO,BARBACOAS,1.67,-78.14,0.07213114754098361,-0.004159485934774338,0.08116724052766146,estable,0.06831542652476856,0.9471002313661095,0.04564315352697095,0.04375,0.6327800829875518,0.6065340909090908,DEFICIT,338.3,1205.3002534562213,0.2806769508509754,DEFICIT,BAJA,SEVERA,0.08620689655172414,0.25,50.0,1.0,estable,52065020
52077010,PUENTE PUSMEO,NARIÑO,CUMBITARA,1.624055556,-77.47891667,0.06685236768802229,0.004342936869771596,0.4714083320302172,estable,0.12821165858861597,1.917832726388047,0.11650485436893204,0.08,1.7427184466019416,1.1966666666666665,EXCESO,9.5,3.2927255066139374,2.8851478754963975,EXCESO,ALTA,NORMAL,0.07865168539325842,0.0,2.0,0.9780219780219781,estable,52077010
52077010,PUENTE PUSMEO - AUT,NARIÑO,CUMBITARA,1.624055556,-77.47891667,0.04386839481555334,0.004342936869771596,0.4714083320302172,estable,0.12821165858861597,2.9226430355541324,0.11650485436893204,0.08,2.655781112091792,1.8236363636363637,EXCESO,9.5,3.2927255066139374,2.8851478754963975,EXCESO,ALTA,NORMAL,0.07865168539325842,0.0,2.0,0.9780219780219781,estable,52077010
53045040,AEROPUERTO GUAPI - AUT,CAUCA,GUAPI,2.574416667,-77.89475,0.05454545454545454,0.010069930069930066,0.6035231466418404,estable,0.17725163725163726,3.24961334961335,0.18787878787878787,0.19736842105263158,3.444444444444444,3.618421052631579,EXCESO,1082.2,372.9117576804818,2.9020270284082876,EXCESO,ALTA,NORMAL,0.08870967741935484,0.0,0.0,0.0,estable,53045040
53075020,EL DIVISO,CAUCA,ARGELIA,2.311416667,-77.25877778,0.08,0.0,1.0,insuficiente,0.08700541148358985,1.0875676435448731,,,,,sin_datos,,,,sin_datos,BAJA,MODERADA,0.10784313725490197,0.0,0.0,1.0303030303030303,insuficiente,53075020
53075020,EL DIVISO - AUT,CAUCA,ARGELIA,2.311416667,-77.25877778,0.05396825396825397,0.0,1.0,insuficiente,0.08700541148358985,1.612159095137106,,,,,sin_datos,,,,sin_datos,MODERADA,MODERADA,0.10784313725490197,0.0,0.0,1.0303030303030303,insuficiente,53075020
53115501,DAGUA  - AUT,VALLE DEL CAUCA,DAGUA,3.610441667,-76.63785833,0.05102040816326531,,,,,,,,,,sin_datos,,,,sin_datos,BAJA,NORMAL,0.07692307692307693,0.0,2.0,,,53115501
53115502,JULIO FERNANDEZ,VALLE DEL CAUCA,RESTREPO,3.80916389,-76.53305556,0.0,,,,,,,,,,sin_datos,,,,sin_datos,BAJA,NORMAL,0.08372093023255814,0.0,2.0,,,53115502
53115502,JULIO FERNANDEZ  - AUT,VALLE DEL CAUCA,RESTREPO,3.809163889,-76.53305556,0.053314121037463975,,,,,,,,,,sin_datos,,,,sin_datos,BAJA,NORMAL,0.08372093023255814,0.0,2.0,,,53115502
53119010,BUENAVENTURA IDEAM,VALLE DEL CAUCA,BUENAVENTURA,3.890175,-77.06190833,0.056,0.007992925320114258,0.38565353642627515,estable,0.11961207422036914,2.135929896792306,0.2204724409448819,0.21568627450980393,3.9370078740157477,3.8515406162464987,EXCESO,805.4,316.31327586206896,2.546209917383301,EXCESO,ALTA,NORMAL,0.09036144578313253,0.0,1.0,0.3952380952380952,estable,53119010
53119010,BUENAVENTURA IDEAM  - AUT,VALLE DEL CAUCA,BUENAVENTURA,3.890175,-77.06190833,0.05289052890528905,0.007992925320114258,0.38565353642627515,estable,0.11961207422036914,2.2615027056083745,0.2204724409448819,0.21568627450980393,4.168467313678813,4.07797537619699,EXCESO,805.4,316.31327586206896,2.546209917383301,EXCESO,ALTA,NORMAL,0.09036144578313253,0.0,1.0,0.3952380952380952,estable,53119010
54010010,ISTMINA,CHOCO,ISTMINA,5.15875,-76.689222222,0.0,0.0,,estable,0.0,,0.0,0.0,,,sin_datos,60.277,1072.1737249553223,0.056219434031095805,DEFICIT,BAJA,NORMAL,0.08333333333333333,0.07692307692307693,0.0,0.5581395348837209,estable,54010010
54010010,ISTMINA,CHOCÓ,ISTMINA,5.15875,-76.68922222,0.034482758620689655,0.0,,estable,0.0,0.0,0.0,0.0,0.0,0.0,DEFICIT,60.277,1072.1737249553223,0.056219434031095805,DEFICIT,BAJA,NORMAL,0.08333333333333333,0.07692307692307693,0.0,0.5581395348837209,estable,54010010
54010010,PR CHOCO: ISTMINA,CHOCÓ,ISTMINA,5.159,-76.689,0.06575342465753424,0.0,,estable,0.0,0.0,0.0,0.0,0.0,0.0,DEFICIT,60.277,1072.1737249553223,0.056219434031095805,DEFICIT,BAJA,NORMAL,0.08333333333333333,0.07692307692307693,0.0,0.5581395348837209,estable,54010010
54015010,PUEBLO RICO,RISARALDA,PUEBLO RICO,5.233444444,-76.03163889,0.058823529411764705,-0.011764705882352941,0.1816901138162094,estable,0.011764705882352941,0.2,0.0,0.0,0.0,0.0,DEFICIT,,,,sin_datos,BAJA,MODERADA,0.11538461538461539,0.0,1.0,0.48148148148148145,estable,54015010
54015010,PUEBLO RICO  - AUT,RISARALDA,PUEBLO RICO,5.233444444,-76.03163889,0.061611374407582936,-0.011764705882352941,0.1816901138162094,estable,0.011764705882352941,0.1909502262443439,0.0,0.0,0.0,0.0,DEFICIT,,,,sin_datos,BAJA,MODERADA,0.11538461538461539,0.0,1.0,0.48148148148148145,estable,54015010
54015020,PR CHOCO: TADO,CHOCÓ,TADÓ,5.27,-76.552,0.056818181818181816,0.04252000104272831,0.017643352749477554,creciente,0.4148891932982842,7.302049802049803,0.47717842323651455,0.49375,8.398340248962656,8.690000000000001,EXCESO,1500.2,494.6330161290323,3.032955648089312,EXCESO,ALTA,NORMAL,0.08196721311475409,0.0,0.0,0.6421052631578947,estable,54015020
54015020,TADO,CHOCO,TADÓ,5.270111111,-76.551836111,0.16666666666666666,0.04252000104272831,0.017643352749477554,creciente,0.4148891932982842,2.4893351597897055,0.47717842323651455,0.49375,2.8630705394190876,2.9625000000000004,EXCESO,1500.2,494.6330161290323,3.032955648089312,EXCESO,CRÍTICA,NORMAL,0.08196721311475409,0.0,0.0,0.6421052631578947,estable,54015020
54017040,TADO,CHOCO,TADÓ,5.265111111,-76.56275,0.07894736842105263,0.01860985851979378,0.5100344268283664,estable,0.2967336996326582,3.758626862013671,0.4678362573099415,0.3111111111111111,5.925925925925926,3.940740740740741,EXCESO,1161.6,511.96421422663354,2.2689085832975606,EXCESO,ALTA,LEVE,0.08035714285714286,0.07692307692307693,0.0,1.204301075268817,estable,54017040
54017040,TADO - AUT,CHOCO,TADÓ,5.265111111,-76.56275,0.05405405405405406,0.01860985851979378,0.5100344268283664,estable,0.2967336996326582,5.4895734432041765,0.4678362573099415,0.3111111111111111,8.654970760233917,5.7555555555555555,EXCESO,1161.6,511.96421422663354,2.2689085832975606,EXCESO,ALTA,LEVE,0.08035714285714286,0.07692307692307693,0.0,1.204301075268817,estable,54017040
54020020,NOVITA,CHOCO,NÓVITA,4.955694444,-76.605555556,1.0,0.0,1.0,insuficiente,1.0,1.0,,,,,sin_datos,,,,sin_datos,ALTA,MODERADA,0.10256410256410256,0.0,0.0,,,54020020
54020020,PR CHOCO: NOVITA,CHOCÓ,NÓVITA,4.956,-76.606,0.05811623246492986,0.0,1.0,insuficiente,1.0,17.20689655172414,,,,,sin_datos,,,,sin_datos,MODERADA,MODERADA,0.10256410256410256,0.0,0.0,,,54020020
54020090,PR CHOCO: APTO CONDOTO,CHOCÓ,CONDOTO,5.074,-76.677,0.060714285714285714,0.0,,estable,0.0,0.0,0.0,0.0,0.0,0.0,DEFICIT,0.0,262.78239247311825,0.0,DEFICIT,BAJA,ALTA,0.08,0.0,72.0,12.5,insuficiente,54020090
54025010,PR CHOCO: SAN JOSE PALMAR,CHOCÓ,SAN JOSÉ DEL PALMAR,4.898,-76.232,0.0,0.0,,estable,0.0,,0.0,0.0,,,sin_datos,4069.9,45968.4897077372,0.08853673518264346,DEFICIT,BAJA,ALTA,0.10434782608695652,0.0,0.0,5.324074074074074,insuficiente,54025010
54025010,SAN JOSE PALMAR,CHOCO,NÓVITA,4.898083333,-76.676666667,0.0,0.0,,estable,0.0,,0.0,0.0,,,sin_datos,4069.9,45968.4897077372,0.08853673518264346,DEFICIT,BAJA,ALTA,0.10434782608695652,0.0,0.0,5.324074074074074,insuficiente,54025010
54025010,SAN JOSE PALMAR,CHOCÓ,NÓVITA,4.89808333,-76.67666667,0.0,0.0,,estable,0.0,,0.0,0.0,,,sin_datos,4069.9,45968.4897077372,0.08853673518264346,DEFICIT,BAJA,ALTA,0.10434782608695652,0.0,0.0,5.324074074074074,insuficiente,54025010
54027050,PR CHOCO: RIO IRO,CHOCÓ,RIO IRO,5.117,-76.666,0.021505376344086023,0.023767195478970174,0.18499153266158622,estable,0.3149093339953555,14.643284030784029,0.5809128630705395,0.5125,27.012448132780083,23.831249999999997,EXCESO,23480.7,9643.84507841976,2.4347861054449402,EXCESO,ALTA,NORMAL,0.07462686567164178,0.0,0.0,0.0,estable,54027050
54027050,RIO IRO,CHOCO,RIO IRÓ,5.116622222,-76.665580556,0.11929824561403508,0.023767195478970174,0.18499153266158622,estable,0.3149093339953555,2.6396811820198915,0.5809128630705395,0.5125,4.869416646326581,4.295955882352941,EXCESO,23480.7,9643.84507841976,2.4347861054449402,EXCESO,CRÍTICA,NORMAL,0.07462686567164178,0.0,0.0,0.0,estable,54027050
54035501,SANTIAGO GUTIERREZ,VALLE DEL CAUCA,ARGELIA,4.72638889,-76.11446944,0.0,,,,,,,,,,sin_datos,,,,sin_datos,BAJA,NORMAL,0.0942622950819672,0.0,4.0,,,54035501
54035501,SANTIAGO GUTIERREZ  - AUT,VALLE DEL CAUCA,ARGELIA,4.726388889,-76.11446944,0.053998632946001365,,,,,,,,,,sin_datos,,,,sin_datos,BAJA,NORMAL,0.0942622950819672,0.0,4.0,,,54035501
54037050,PR CHOCO: SIPI,CHOCÓ,SIPÍ,4.693,-76.74,0.061465721040189124,0.0,1.0,insuficiente,0.0,0.0,0.0,0.0,0.0,0.0,DEFICIT,,,,sin_datos,BAJA,NORMAL,0.1,0.0,0.0,,,54037050
54037050,SIPI,CHOCÓ,SIPÍ,4.69,-76.74,0.0,0.0,1.0,insuficiente,0.0,,0.0,0.0,,,sin_datos,,,,sin_datos,BAJA,NORMAL,0.1,0.0,0.0,,,54037050
54050010,NOANAMA,CHOCO,ISTMINA,4.716666667,-76.916666667,0.0,0.0,,estable,0.0,,0.0,0.0,,,sin_datos,0.0,203.10237721592563,0.0,DEFICIT,BAJA,ALTA,0.08955223880597014,0.0,56.0,,,54050010
54050010,PR CHOCO: NOANAMA,CHOCÓ,ISTMINA,4.717,-76.917,0.06263498920086392,0.0,,estable,0.0,0.0,0.0,0.0,0.0,0.0,DEFICIT,0.0,203.10237721592563,0.0,DEFICIT,BAJA,ALTA,0.08955223880597014,0.0,56.0,,,54050010
54057010,NOANAMA ASERRIO,CHOCO,MEDIO SAN JUAN,4.67,-76.93,0.6,,,,,,,,,,sin_datos,,,,sin_datos,ALTA,NORMAL,0.043478260869565216,0.0,0.0,,,54057010
54057010,NOANAMA ASERRIO,CHOCO,MEDIO SAN JUAN,4.673,-76.933,0.056140350877192984,,,,,,,,,,sin_datos,,,,sin_datos,BAJA,NORMAL,0.043478260869565216,0.0,0.0,,,54057010
54057020,PR CHOCO: LITORAL SAN JUAN,CHOCÓ,LITORAL DEL SAN JUAN,4.245,-77.022,0.05952380952380952,,,,,,,,,,sin_datos,,,,sin_datos,BAJA,MODERADA,0.125,0.0,2.0,,,54057020
54077210,JUANCHACO,VALLE DEL CAUCA,BUENAVENTURA,3.925147222,-77.34900556,0.2,-0.0057344215238952076,0.6726831500364014,estable,0.05879442195231668,0.2939721097615834,0.04878048780487805,0.047619047619047616,0.24390243902439024,0.23809523809523808,DEFICIT,4.2,0.09506024096385543,44.18250950570342,EXCESO,CRÍTICA,MODERADA,0.16666666666666666,0.0,35.0,0.0,insuficiente,54077210
54077210,JUANCHACO - AUT,VALLE DEL CAUCA,BUENAVENTURA,3.925147222,-77.34900556,0.017297297297297298,-0.0057344215238952076,0.6726831500364014,estable,0.05879442195231668,3.399052519118308,0.04878048780487805,0.047619047619047616,2.8201219512195124,2.7529761904761902,EXCESO,4.2,0.09506024096385543,44.18250950570342,EXCESO,ALTA,MODERADA,0.16666666666666666,0.0,35.0,0.0,insuficiente,54077210
55015010,PIE DE PATO,CHOCO,ALTO BAUDÓ,5.521083333,-76.97316667,0.09395973154362416,0.008469395111895631,0.06521810545207876,estable,0.11261222097715505,1.1985157803997215,0.14285714285714285,0.05970149253731343,1.520408163265306,0.6353944562899786,DEFICIT,95.6,24.22942028985507,3.9456164801445124,EXCESO,ALTA,LEVE,0.09294871794871795,0.0,1.0,1.225665648188564,estable,55015010
55015010,PIE DE PATO - AUT,CHOCO,ALTO BAUDÓ (PIE DE PATO),5.521083333,-76.97316667,0.04206098843322818,0.008469395111895631,0.06521810545207876,estable,0.11261222097715505,2.677355553731861,0.14285714285714285,0.05970149253731343,3.396428571428571,1.4194029850746268,EXCESO,95.6,24.22942028985507,3.9456164801445124,EXCESO,ALTA,LEVE,0.09294871794871795,0.0,1.0,1.225665648188564,estable,55015010
55015020,PR CHOCO: BAJO BAUDO,CHOCÓ,QUIBDÓ,4.958,-77.362,0.051194539249146756,,,,,,,,,,sin_datos,,,,sin_datos,BAJA,ALTA,0.1111111111111111,0.0,6.0,,,55015020
56010040,PR CHOCO: NUQUI,CHOCÓ,NUQUÍ,5.708,-77.266,0.05732484076433121,,,,,,,,,,sin_datos,,,,sin_datos,BAJA,MODERADA,0.10144927536231885,0.0,0.0,,,56010040
56015010,PANAMERICANA,CHOCO,BAHÍA SOLANO,6.223333333,-77.40444444,0.0,,,,,,,,,,sin_datos,,,,sin_datos,BAJA,ALTA,0.10810810810810811,0.0,875.0,,,56015010
56015010,PANAMERICANA,CHOCÓ,BAHÍA SOLANO,6.22333333,-77.40444444,0.0,,,,,,,,,,sin_datos,,,,sin_datos,BAJA,ALTA,0.10810810810810811,0.0,875.0,,,56015010
56015010,PR CHOCO: PANAMERICANA,CHOCÓ,BAHÍA SOLANO (MUTIS),6.223,-77.404,0.0582010582010582,,,,,,,,,,sin_datos,,,,sin_datos,BAJA,ALTA,0.10810810810810811,0.0,875.0,,,56015010
56015040,PR CHOCO: JURADO,CHOCÓ,JURADO,7.104,-77.764,0.060453400503778336,,,,,,,,,,sin_datos,,,,sin_datos,BAJA,NORMAL,0.1,0.0,0.0,,,56015040
56125730,ESTRELLA DE AGUA - AUT,QUINDÍO,SALENTO,4.62325,-75.430961111,0.06725146198830409,,,,,,,,,,sin_datos,,,,sin_datos,BAJA,ALTA,0.1,0.0,13.0,,,56125730
57015010,MALPELO - DIMAR,VALLE DEL CAUCA,BUENAVENTURA,4.096,-81.609,0.056577086280056574,,,,,,,,,,sin_datos,,,,sin_datos,BAJA,NORMAL,0.09375,0.0,0.0,,,57015010
57025020,GORGONA GUAPI,CAUCA,GUAPI,2.96294444,-78.17436111,0.016129032258064516,0.0032708032708032705,0.7344836773453706,estable,0.056269039602372936,3.4886804553471222,0.057291666666666664,0.04032258064516129,3.5520833333333335,2.5,EXCESO,937.3000000000001,632.8265567765567,1.481132531438546,EXCESO,ALTA,NORMAL,0.08239700374531835,0.0,1.0,0.577922077922078,estable,57025020
57025020,GORGONA GUAPI,CAUCA,GUAPI,2.962944444,-78.17436111,0.0,0.0032708032708032705,0.7344836773453706,estable,0.056269039602372936,,0.057291666666666664,0.04032258064516129,,,sin_datos,937.3000000000001,632.8265567765567,1.481132531438546,EXCESO,ALTA,NORMAL,0.08239700374531835,0.0,1.0,0.577922077922078,estable,57025020
57025020,GORGONA GUAPI,CAUCA,GUAPI,2.963,-78.174,0.058345642540620385,0.0032708032708032705,0.7344836773453706,estable,0.056269039602372936,0.9644086028052272,0.057291666666666664,0.04032258064516129,0.9819356540084387,0.6910984075132707,DEFICIT,937.3000000000001,632.8265567765567,1.481132531438546,EXCESO,ALTA,NORMAL,0.08239700374531835,0.0,1.0,0.577922077922078,estable,57025020
88112901,ECI JULIO GARAVITO EST. EN PRUEBAS,<nil>,<nil>,0.0,0.0,0.08333333333333333,,,,,,,,,,sin_datos,,,,sin_datos,BAJA,ALTA,0.25,0.0,16.0,,,88112901
1111500036,ABRIAQUI,ANTIOQUIA,ABRIAQUÍ,6.6363,-76.070733333,0.0335195530726257,-0.005431464912309566,0.29968637098508955,estable,0.09254322316588519,2.7608728244489082,0.1078838174273859,0.075,3.2185338865836792,2.2375,EXCESO,81.0,22.21468389210325,3.6462368941830148,EXCESO,ALTA,ALTA,0.11320754716981132,0.0,0.0,1.4247311827956988,estable,1111500036
1111500036,ABRIAQUI - AUT,ANTIOQUIA,ABRIAQUÍ,6.6363,-76.070733333,0.10285714285714286,-0.005431464912309566,0.29968637098508955,estable,0.09254322316588519,0.8997257807794393,0.1078838174273859,0.075,1.0488704472106962,0.7291666666666666,DEFICIT,81.0,22.21468389210325,3.6462368941830148,EXCESO,CRÍTICA,ALTA,0.11320754716981132,0.0,0.0,1.4247311827956988,estable,1111500036
1111500203,CAMPO ALEGRE,ANTIOQUIA,DABEIBA,7.026813889,-76.252825,0.06876790830945559,-0.00043969256441545767,0.9488654125985999,estable,0.13423218496099307,1.9519596896411076,0.1950207468879668,0.075,2.835926694329184,1.090625,NORMAL,858.0,1060.2950537634408,0.8092087169081765,DEFICIT,MODERADA,NORMAL,0.0,0.0,0.0,,insuficiente,1111500203
1111700230,CURVARADO,CHOCO,CARMEN DEL DARIÉN,7.159725,-76.964783333,0.07065217391304347,-0.008704565229491914,0.0010214499207754923,decreciente,0.0423363822557371,0.5992226411581251,0.0,0.0,0.0,0.0,DEFICIT,,,,sin_datos,BAJA,LEVE,0.0967741935483871,0.0,2.0,1.0,creciente,1111700230
1111700231,MUTATA,ANTIOQUIA,MUTATÁ,7.239491667,-76.433458333,0.06989247311827956,-0.0011097393189423547,0.7128145256081568,estable,0.0499828986724148,0.7151399348514734,0.024896265560165973,0.0375,0.35620810724545166,0.5365384615384615,DEFICIT,1174.8,1233.8124731182795,0.9521706301370627,NORMAL,BAJA,NORMAL,0.07575757575757576,0.07692307692307693,0.0,1.0,estable,1111700231
1117500060,LLORO,CHOCO,LLORÓ,5.51,-76.58,0.10989010989010989,-0.011584922430510663,0.6300686316861545,estable,0.12371166415284063,1.1257761437908498,,,,,sin_datos,,,,sin_datos,CRÍTICA,NORMAL,0.058823529411764705,0.0,1.0,0.0,estable,1117500060
1117500060,LLORO - AUT,CHOCO,LLORÓ,5.514722222,-76.575833333,0.04519774011299435,-0.011584922430510663,0.6300686316861545,estable,0.12371166415284063,2.7371205693815988,,,,,sin_datos,,,,sin_datos,MODERADA,NORMAL,0.058823529411764705,0.0,1.0,0.0,estable,1117500060
1206500136,UNIVERSIDAD UNAD CARTAGENA,BOLIVAR,CARTAGENA DE INDIAS,10.400311111,-75.513280556,0.03380281690140845,-0.005915082304307046,0.02495720087727375,decreciente,0.04804210158105791,1.4212455051062967,0.020833333333333332,0.00625,0.6163194444444444,0.18489583333333337,DEFICIT,32.8,313.8128794682285,0.10452088536194315,DEFICIT,MODERADA,ALTA,0.1056338028169014,0.0,5.0,1.549090909090909,estable,1206500136
1206500136,UNIVERSIDAD UNAD CARTAGENA - AUT,BOLIVAR,CARTAGENA DE INDIAS,10.400311111,-75.513280556,0.052364864864864864,-0.005915082304307046,0.02495720087727375,decreciente,0.04804210158105791,0.9174491656769768,0.020833333333333332,0.00625,0.3978494623655914,0.11935483870967743,DEFICIT,32.8,313.8128794682285,0.10452088536194315,DEFICIT,BAJA,ALTA,0.1056338028169014,0.0,5.0,1.549090909090909,estable,1206500136
1303500074,LOMA VERDE,CORDOBA,MONTERÍA,8.508777778,-76.175416667,0.03225806451612903,0.05762847943147482,0.1748594519729897,estable,0.17455858273830624,5.411316064887494,0.23255813953488372,0.2,7.209302325581396,6.2,EXCESO,,,,sin_datos,MODERADA,MODERADA,0.10377358490566038,0.0,1.0,0.6883116883116882,estable,1303500074
1303500074,LOMA VERDE - AUT,CORDOBA,MONTERÍA,8.508777778,-76.175416667,0.06557377049180328,0.05762847943147482,0.1748594519729897,estable,0.17455858273830624,2.66201838675917,0.23255813953488372,0.2,3.5465116279069764,3.05,EXCESO,,,,sin_datos,MODERADA,MODERADA,0.10377358490566038,0.0,1.0,0.6883116883116882,estable,1303500074
1303500129,SAHAGUN,CORDOBA,SAHAGÚN,8.94,-75.45,0.08024691358024691,-0.031386658821127074,0.0767992422262468,estable,0.11714737389369831,1.4598365054445481,,,,,sin_datos,,,,sin_datos,MODERADA,ALTA,0.10377358490566038,0.0,26.0,2.141414141414141,estable,1303500129
1303500129,SAHAGUN - AUT,CORDOBA,SAHAGÚN,8.942472222,-75.450833333,0.04308797127468582,-0.031386658821127074,0.0767992422262468,estable,0.11714737389369831,2.7187953024495815,,,,,sin_datos,,,,sin_datos,MODERADA,ALTA,0.10377358490566038,0.0,26.0,2.141414141414141,estable,1303500129
1501500054,SAN ISIDRO BONDA - AUT,MAGDALENA,SANTA MARTA,11.230522222,-74.059786111,0.05286343612334802,,,,,,,,,,sin_datos,,,,sin_datos,BAJA,ALTA,0.11538461538461539,0.0,46.0,,,1501500054
1501700160,RIO MANZANARES ALERTAS,MAGDALENA,SANTA MARTA,11.208274,-74.096506,0.07692307692307693,-0.004081632653061225,0.7715926560442978,estable,0.031746031746031744,0.4126984126984127,0.034482758620689655,0.0,0.44827586206896547,0.0,DEFICIT,,,,sin_datos,BAJA,ALTA,0.10204081632653061,0.0,54.0,3.92,insuficiente,1501700160
1501700160,RIO MANZANARES ALERTAS - AUT,MAGDALENA,SANTA MARTA,11.187080556,-74.096905556,0.05847953216374269,-0.004081632653061225,0.7715926560442978,estable,0.031746031746031744,0.5428571428571428,0.034482758620689655,0.0,0.5896551724137932,0.0,DEFICIT,,,,sin_datos,BAJA,ALTA,0.10204081632653061,0.0,54.0,3.92,insuficiente,1501700160
1507500207,IPICHIRRAIN,LA GUAJIRA,URIBIA,11.715555556,-72.214444444,0.04938271604938271,-0.002395593540311928,0.28108034905056095,estable,0.05372932787489516,1.088018889466627,0.04564315352697095,0.05625,0.9242738589211619,1.1390625,NORMAL,0.0,47.86071428571429,0.0,DEFICIT,BAJA,ALTA,0.1,0.0,84.0,1.0,estable,1507500207
1508500053,PUERTO ESTRELLA,LA GUAJIRA,URIBIA,12.33919444,-71.34508056,0.0,0.005760423777669406,0.12044915849987302,estable,0.07947288665691797,,0.09195402298850575,0.5,,,sin_datos,,,,sin_datos,BAJA,MODERADA,0.10666666666666667,0.0,3.0,0.6696428571428571,estable,1508500053
1508500053,PUERTO ESTRELLA,LA GUAJIRA,URIBIA,12.339194444,-71.345080556,0.06547619047619048,0.005760423777669406,0.12044915849987302,estable,0.07947288665691797,1.2137677234874744,0.09195402298850575,0.5,1.4043887147335423,7.636363636363636,EXCESO,,,,sin_datos,MODERADA,MODERADA,0.10666666666666667,0.0,3.0,0.6696428571428571,estable,1508500053
1508500053,PUERTO ESTRELLA - AUT,LA GUAJIRA,URIBIA,12.339194444,-71.345080556,0.04661654135338346,0.005760423777669406,0.12044915849987302,estable,0.07947288665691797,1.7048216008661436,0.09195402298850575,0.5,1.9725621060437524,10.725806451612904,EXCESO,,,,sin_datos,MODERADA,MODERADA,0.10666666666666667,0.0,3.0,0.6696428571428571,estable,1508500053
1509500118,GUACHACA,MAGDALENA,SANTA MARTA,11.21015,-73.84445,0.08,-0.006211180124223602,0.7264831387159131,estable,0.043034605146406384,0.5379325643300797,0.06818181818181818,0.0,0.8522727272727272,0.0,DEFICIT,0.0,17.43050847457627,0.0,DEFICIT,BAJA,ALTA,0.09433962264150944,0.0,41.0,1.06,insuficiente,1509500118
1509500118,GUACHACA - AUT,MAGDALENA,SANTA MARTA,11.21015,-73.84445,0.0530421216848674,-0.006211180124223602,0.7264831387159131,estable,0.043034605146406384,0.8113288793778379,0.06818181818181818,0.0,1.2854278074866308,0.0,DEFICIT,0.0,17.43050847457627,0.0,DEFICIT,BAJA,ALTA,0.09433962264150944,0.0,41.0,1.06,insuficiente,1509500118
1602500044,GRAMALOTE,NORTE DE SANTANDER,GRAMALOTE,7.913166667,-72.803027778,0.06040268456375839,0.004963255701189245,0.04958907148313957,creciente,0.06355053697795633,1.0521144455239437,0.10112359550561797,0.08247422680412371,1.6741573033707864,1.365406643757159,EXCESO,0.4,9.804301075268818,0.04079842070629524,DEFICIT,MODERADA,ALTA,0.08695652173913043,0.0,29.0,0.756578947368421,estable,1602500044
1602500044,GRAMALOTE - AUT,NORTE DE SANTANDER,GRAMALOTE,7.913166667,-72.803027778,0.04964539007092199,0.004963255701189245,0.04958907148313957,creciente,0.06355053697795633,1.2800893876988346,0.10112359550561797,0.08247422680412371,2.0369181380417336,1.6612665684830632,EXCESO,0.4,9.804301075268818,0.04079842070629524,DEFICIT,MODERADA,ALTA,0.08695652173913043,0.0,29.0,0.756578947368421,estable,1602500044
1602500063,MUTISCUA,NORTE DE SANTANDER,MUTISCUA,7.299088889,-72.745761111,0.08450704225352113,0.004176441837732161,0.7974535070710645,estable,0.0980482629676178,1.160237778450144,0.0967741935483871,0.09302325581395349,1.1451612903225807,1.1007751937984496,NORMAL,41.800000000000004,62.62453703703703,0.667470004213826,DEFICIT,MODERADA,MODERADA,0.1038961038961039,0.0,0.0,0.27499999999999997,estable,1602500063
1602500063,MUTISCUA - AUT,NORTE DE SANTANDER,MUTISCUA,7.299,-72.746,0.06206896551724138,0.004176441837732161,0.7974535070710645,estable,0.0980482629676178,1.5796664589227314,0.0967741935483871,0.09302325581395349,1.5591397849462365,1.4987080103359174,EXCESO,41.800000000000004,62.62453703703703,0.667470004213826,DEFICIT,MODERADA,MODERADA,0.1038961038961039,0.0,0.0,0.27499999999999997,estable,1602500063
1602500110,ARBOLEDAS,NORTE DE SANTANDER,ARBOLEDAS,7.645111111,-72.799169444,0.10666666666666667,-0.003929775267372598,0.17984192923328685,estable,0.047028002895633594,0.44088752714656493,0.020942408376963352,0.01875,0.19633507853403143,0.17578124999999997,DEFICIT,0.0,6.802727272727273,0.0,DEFICIT,ALTA,MODERADA,0.09523809523809523,0.0,122.0,0.6176470588235294,estable,1602500110
1602500110,ARBOLEDAS,NORTE DE SANTANDER,ARBOLEDAS,7.646281,-72.799007,0.027149321266968326,-0.003929775267372598,0.17984192923328685,estable,0.047028002895633594,1.7321981066558374,0.020942408376963352,0.01875,0.7713787085514835,0.6906249999999999,DEFICIT,0.0,6.802727272727273,0.0,DEFICIT,MODERADA,MODERADA,0.09523809523809523,0.0,122.0,0.6176470588235294,estable,1602500110
1602500110,ARBOLEDAS - AUT,NORTE DE SANTANDER,ARBOLEDAS,7.645111111,-72.799169444,0.01824817518248175,-0.003929775267372598,0.17984192923328685,estable,0.047028002895633594,2.5771345586807213,0.020942408376963352,0.01875,1.1476439790575919,1.0275,NORMAL,0.0,6.802727272727273,0.0,DEFICIT,MODERADA,MODERADA,0.09523809523809523,0.0,122.0,0.6176470588235294,estable,1602500110
1605700152,PALO GRANDE - AUT,NORTE DE SANTANDER,OCAÑA,8.290761111,-73.3045,0.05343511450381679,,,,,,,,,,sin_datos,,,,sin_datos,BAJA,MODERADA,0.11764705882352941,0.0,1.0,,,1605700152
2105700099,PUENTE COHETANDO - AUT,CAUCA,PÁEZ (BELALCÁZAR),2.579305556,-75.987388889,0.06109324758842444,,,,,,,,,,sin_datos,,,,sin_datos,BAJA,NORMAL,0.08196721311475409,0.0,1.0,,,2105700099
2119500111,BASE AEREA MELGAR,TOLIMA,MELGAR,4.21,-74.64,0.01606425702811245,0.0005026919190892608,0.8944810129158679,estable,0.05399154871683685,3.360973907623094,0.05394190871369295,0.0,3.3578838174273864,0.0,DEFICIT,0.4,54.46981912144703,0.007343516215982869,DEFICIT,MODERADA,ALTA,0.1,0.0,93.0,1.0769230769230769,estable,2119500111
2119500111,BASE AEREA MELGAR,TOLIMA,MELGAR,4.219663,-74.629444,0.10679611650485436,0.0005026919190892608,0.8944810129158679,estable,0.05399154871683685,0.5055572288940178,0.05394190871369295,0.0,0.5050924179554885,0.0,DEFICIT,0.4,54.46981912144703,0.007343516215982869,DEFICIT,ALTA,ALTA,0.1,0.0,93.0,1.0769230769230769,estable,2119500111
2119500111,BASE AEREA MELGAR - AUT,TOLIMA,MELGAR,4.212219444,-74.636830556,0.07065217391304347,0.0005026919190892608,0.8944810129158679,estable,0.05399154871683685,0.7641880741459985,0.05394190871369295,0.0,0.7634854771784233,0.0,DEFICIT,0.4,54.46981912144703,0.007343516215982869,DEFICIT,BAJA,ALTA,0.1,0.0,93.0,1.0769230769230769,estable,2119500111
2119700147,SAN MIGUEL - AUT,CUNDINAMARCA,RICAURTE,4.242711111,-74.742869444,0.056016597510373446,,,,,,,,,,sin_datos,,,,sin_datos,BAJA,ALTA,0.1076923076923077,0.0,19.0,,,2119700147
2120000099,COLEGIO VEINTIUN ANGELES,BOGOTÁ,BOGOTA D.C,4.749234,-74.08073,0.0273972602739726,-0.003956498802221102,0.1688623869774625,estable,0.08339761163732243,3.0440128247622686,0.11258278145695365,0.025,4.109271523178808,0.9125000000000001,NORMAL,3.7,8.338050488299245,0.4437488121704463,DEFICIT,MODERADA,ALTA,0.0962962962962963,0.0,45.0,0.665680473372781,estable,2120000099
2120000099,COLEGIO VEINTIUN ANGELES,BOGOTÁ,BOGOTÁ D.C,4.749234,-74.08073,0.06824146981627296,-0.003956498802221102,0.1688623869774625,estable,0.08339761163732243,1.2220957705315325,0.11258278145695365,0.025,1.6497707590422823,0.3663461538461539,DEFICIT,3.7,8.338050488299245,0.4437488121704463,DEFICIT,MODERADA,ALTA,0.0962962962962963,0.0,45.0,0.665680473372781,estable,2120000099
2120000099,COLEGIO VEINTIUN ANGELES - AUT,BOGOTA D.C.,"BOGOTA, D.C",4.749,-74.081,0.057692307692307696,-0.003956498802221102,0.1688623869774625,estable,0.08339761163732243,1.4455586017135886,0.11258278145695365,0.025,1.9514348785871964,0.43333333333333335,DEFICIT,3.7,8.338050488299245,0.4437488121704463,DEFICIT,MODERADA,ALTA,0.0962962962962963,0.0,45.0,0.665680473372781,estable,2120000099
2120000100,COLEGIO ALEMANIA SOLIDARIA,BOGOTÁ,BOGOTA D.C,4.652389,-74.075434,0.022026431718061675,-0.009724678693097706,0.06889233779707706,estable,0.10560956243937335,4.79467413474755,0.09933774834437085,0.0125,4.509933774834437,0.5675,DEFICIT,2.0,8.458204225352112,0.23645681124668524,DEFICIT,MODERADA,ALTA,0.09285714285714286,0.0,41.0,0.673076923076923,estable,2120000100
2120000100,COLEGIO ALEMANIA SOLIDARIA,BOGOTÁ,BOGOTÁ D.C,4.652389,-74.075434,0.07631578947368421,-0.009724678693097706,0.06889233779707706,estable,0.10560956243937335,1.3838494388607543,0.09933774834437085,0.0125,1.3016670472710663,0.16379310344827586,DEFICIT,2.0,8.458204225352112,0.23645681124668524,DEFICIT,MODERADA,ALTA,0.09285714285714286,0.0,41.0,0.673076923076923,estable,2120000100
2120000100,COLEGIO ALEMANIA SOLIDARIA - AUT,BOGOTA D.C.,"BOGOTA, D.C",4.652,-74.075,0.05128205128205128,-0.009724678693097706,0.06889233779707706,estable,0.10560956243937335,2.0593864675677804,0.09933774834437085,0.0125,1.9370860927152318,0.24375000000000002,DEFICIT,2.0,8.458204225352112,0.23645681124668524,DEFICIT,MODERADA,ALTA,0.09285714285714286,0.0,41.0,0.673076923076923,estable,2120000100
2120000101,ALTOS DE LA ESTANCIA,BOGOTÁ,BOGOTA D.C,4.58074,-74.17828,0.013392857142857142,-0.009555748945098051,0.003992565416443201,decreciente,0.11099738631162435,8.287804844601286,0.06622516556291391,0.025,4.9448123620309055,1.866666666666667,EXCESO,2.6,9.397684210526316,0.27666390376128497,DEFICIT,MODERADA,ALTA,0.0989010989010989,0.0,41.0,0.4396135265700483,estable,2120000101
2120000101,ALTOS DE LA ESTANCIA,BOGOTÁ,BOGOTÁ D.C,4.58074,-74.17828,0.09788359788359788,-0.009555748945098051,0.003992565416443201,decreciente,0.11099738631162435,1.1339732979944326,0.06622516556291391,0.025,0.6765706103454449,0.25540540540540546,DEFICIT,2.6,9.397684210526316,0.27666390376128497,DEFICIT,MODERADA,ALTA,0.0989010989010989,0.0,41.0,0.4396135265700483,estable,2120000101
2120000101,ALTOS DE LA ESTANCIA - AUT,BOGOTA D.C.,"BOGOTA, D.C",4.581,-74.178,0.031914893617021274,-0.009555748945098051,0.003992565416443201,decreciente,0.11099738631162435,3.4779181044308967,0.06622516556291391,0.025,2.0750551876379695,0.7833333333333334,DEFICIT,2.6,9.397684210526316,0.27666390376128497,DEFICIT,MODERADA,ALTA,0.0989010989010989,0.0,41.0,0.4396135265700483,estable,2120000101
2120000102,COLEGIO CARLOS PIZARRO - AUT,BOGOTA D.C.,"BOGOTA, D.C",4.635,-74.205,0.056140350877192984,,,,,,,,,,sin_datos,,,,sin_datos,BAJA,NORMAL,0.1,0.0,8.0,,,2120000102
2120000103,CERRO NORTE,BOGOTÁ,BOGOTA D.C,4.73254,-74.01871,0.004484304932735426,-0.008412795103251719,0.01604112288543153,decreciente,0.11229953028062037,25.042795252578344,0.09933774834437085,0.025,22.1523178807947,5.575,EXCESO,3.3000000000000003,12.982716049382717,0.25418410041841005,DEFICIT,MODERADA,NORMAL,0.09917355371900827,0.0,3.0,0.5525114155251141,estable,2120000103
2120000103,CERRO NORTE,BOGOTÁ,BOGOTÁ D.C,4.73254,-74.01871,0.09444444444444444,-0.008412795103251719,0.01604112288543153,decreciente,0.11229953028062037,1.189053850030098,0.09933774834437085,0.025,1.0518114530580445,0.2647058823529412,DEFICIT,3.3000000000000003,12.982716049382717,0.25418410041841005,DEFICIT,MODERADA,NORMAL,0.09917355371900827,0.0,3.0,0.5525114155251141,estable,2120000103
2120000103,CERRO NORTE - AUT,BOGOTA D.C.,"BOGOTA, D.C",4.733,-74.019,0.04912280701754386,-0.008412795103251719,0.01604112288543153,decreciente,0.11229953028062037,2.286097580712629,0.09933774834437085,0.025,2.0222327341532638,0.5089285714285715,DEFICIT,3.3000000000000003,12.982716049382717,0.25418410041841005,DEFICIT,MODERADA,NORMAL,0.09917355371900827,0.0,3.0,0.5525114155251141,estable,2120000103
2120000104,COLEGIO MIGUEL ANTONIO CARO,BOGOTÁ,BOGOTA D.C,4.81326,-74.03146,0.045454545454545456,-0.00037878787878787754,0.9789862126241491,estable,0.11094276094276095,2.440740740740741,0.1456953642384106,0.075,3.205298013245033,1.65,EXCESO,38.900000000000006,14.48731182795699,2.6851082148264704,EXCESO,ALTA,NORMAL,0.09333333333333334,0.0,3.0,0.3061224489795918,estable,2120000104
2120000104,COLEGIO MIGUEL ANTONIO CARO,BOGOTÁ,BOGOTÁ D.C,4.81326,-74.03146,0.06896551724137931,-0.00037878787878787754,0.9789862126241491,estable,0.11094276094276095,1.608670033670034,0.1456953642384106,0.075,2.1125827814569536,1.0875,NORMAL,38.900000000000006,14.48731182795699,2.6851082148264704,EXCESO,ALTA,NORMAL,0.09333333333333334,0.0,3.0,0.3061224489795918,estable,2120000104
2120000104,COLEGIO MIGUEL ANTONIO CARO - AUT,BOGOTA D.C.,"BOGOTA, D.C",4.813,-74.031,0.06713780918727916,-0.00037878787878787754,0.9789862126241491,estable,0.11094276094276095,1.6524632287790182,0.1456953642384106,0.075,2.1700941094457997,1.1171052631578946,NORMAL,38.900000000000006,14.48731182795699,2.6851082148264704,EXCESO,ALTA,NORMAL,0.09333333333333334,0.0,3.0,0.3061224489795918,estable,2120000104
2120000105,EL CODITO,BOGOTÁ,BOGOTA D.C,4.763457,-74.021772,0.004405286343612335,-0.0014475813523723586,0.5080377915320344,estable,0.09992020027589853,22.681885462628962,0.10596026490066225,0.075,24.05298013245033,17.025,EXCESO,37.300000000000004,19.849861802100612,1.8791062815385813,EXCESO,ALTA,MODERADA,0.10273972602739725,0.0,2.0,0.3010309278350516,estable,2120000105
2120000105,EL CODITO,BOGOTÁ,BOGOTÁ D.C,4.763457,-74.021772,0.09090909090909091,-0.0014475813523723586,0.5080377915320344,estable,0.09992020027589853,1.0991222030348837,0.10596026490066225,0.075,1.1655629139072847,0.825,DEFICIT,37.300000000000004,19.849861802100612,1.8791062815385813,EXCESO,ALTA,MODERADA,0.10273972602739725,0.0,2.0,0.3010309278350516,estable,2120000105
2120000105,EL CODITO - AUT,BOGOTA D.C.,"BOGOTA, D.C",4.763,-74.022,0.05263157894736842,-0.0014475813523723586,0.5080377915320344,estable,0.09992020027589853,1.898483805242072,0.10596026490066225,0.075,2.013245033112583,1.425,EXCESO,37.300000000000004,19.849861802100612,1.8791062815385813,EXCESO,ALTA,MODERADA,0.10273972602739725,0.0,2.0,0.3010309278350516,estable,2120000105
2120000106,GRAN BRETAÑA,BOGOTÁ,BOGOTA D.C,4.5117,-74.16352222,0.02262443438914027,-0.006722406496793501,0.0677525670834403,estable,0.09632505065486155,4.257567238944881,0.09523809523809523,0.02631578947368421,4.20952380952381,1.1631578947368422,EXCESO,8.3,20.598692810457518,0.40293819012565046,DEFICIT,MODERADA,MODERADA,0.1044776119402985,0.5,3.0,0.4400656814449918,estable,2120000106
2120000106,GRAN BRETAÑA,BOGOTÁ,BOGOTÁ D.C,4.5117,-74.163522222,0.07631578947368421,-0.006722406496793501,0.0677525670834403,estable,0.09632505065486155,1.262190318925772,0.09523809523809523,0.02631578947368421,1.2479474548440064,0.3448275862068965,DEFICIT,8.3,20.598692810457518,0.40293819012565046,DEFICIT,MODERADA,MODERADA,0.1044776119402985,0.5,3.0,0.4400656814449918,estable,2120000106
2120000106,GRAN BRETAÑA - AUT,BOGOTA D.C.,"BOGOTA, D.C",4.512,-74.164,0.04912280701754386,-0.006722406496793501,0.0677525670834403,estable,0.09632505065486155,1.9609028169025386,0.09523809523809523,0.02631578947368421,1.9387755102040816,0.5357142857142857,DEFICIT,8.3,20.598692810457518,0.40293819012565046,DEFICIT,MODERADA,MODERADA,0.1044776119402985,0.5,3.0,0.4400656814449918,estable,2120000106
2120000107,LA FISCALA,BOGOTÁ,BOGOTA D.C,4.53602,-74.10654,0.01809954751131222,-0.0038104121564224353,0.09624083570670444,estable,0.10616550568340437,5.865644189008091,0.10596026490066225,0.05,5.854304635761589,2.7624999999999997,EXCESO,40.1,26.899825708061,1.490715978430423,EXCESO,ALTA,NORMAL,0.09090909090909091,0.0,3.0,0.125,estable,2120000107
2120000107,LA FISCALA,BOGOTÁ,BOGOTÁ D.C,4.53602,-74.10654,0.09736842105263158,-0.0038104121564224353,0.09624083570670444,estable,0.10616550568340437,1.0903484367484773,0.10596026490066225,0.05,1.088240558439234,0.5135135135135136,DEFICIT,40.1,26.899825708061,1.490715978430423,EXCESO,ALTA,NORMAL,0.09090909090909091,0.0,3.0,0.125,estable,2120000107
2120000107,LA FISCALA - AUT,BOGOTA D.C.,"BOGOTA, D.C",4.536,-74.106,0.030303030303030304,-0.0038104121564224353,0.09624083570670444,estable,0.10616550568340437,3.503461687552344,0.10596026490066225,0.05,3.4966887417218544,1.6500000000000001,EXCESO,40.1,26.899825708061,1.490715978430423,EXCESO,ALTA,NORMAL,0.09090909090909091,0.0,3.0,0.125,estable,2120000107
2120000108,IDIGER,BOGOTÁ,BOGOTA D.C,4.674932,-74.113609,0.013761467889908258,-0.005514763927778829,0.1762314545524588,estable,0.12626103131184535,9.174968275327428,0.13333333333333333,0.0379746835443038,9.688888888888888,2.759493670886076,EXCESO,14.9,12.328685410334346,1.2085635657075235,EXCESO,ALTA,NORMAL,0.09580838323353294,0.0,2.0,0.33669354838709675,estable,2120000108
2120000108,IDIGER,BOGOTÁ,BOGOTÁ D.C,4.674932,-74.113609,0.1099476439790576,-0.005514763927778829,0.1762314545524588,estable,0.12626103131184535,1.1483741419315459,0.13333333333333333,0.0379746835443038,1.2126984126984126,0.3453887884267631,DEFICIT,14.9,12.328685410334346,1.2085635657075235,EXCESO,CRÍTICA,NORMAL,0.09580838323353294,0.0,2.0,0.33669354838709675,estable,2120000108
2120000108,IDIGER - AUT,BOGOTA D.C.,"BOGOTA, D.C",4.675,-74.114,0.02857142857142857,-0.005514763927778829,0.1762314545524588,estable,0.12626103131184535,4.419136095914587,0.13333333333333333,0.0379746835443038,4.666666666666667,1.3291139240506329,EXCESO,14.9,12.328685410334346,1.2085635657075235,EXCESO,ALTA,NORMAL,0.09580838323353294,0.0,2.0,0.33669354838709675,estable,2120000108
2120000109,COLEGIO RODOLFO LLINAS,BOGOTÁ,BOGOTA D.C,4.720124,-74.108288,0.01327433628318584,-4.060801521308805e-05,0.9862063496532404,estable,0.08912423524012157,6.714025721422492,0.11920529801324503,0.05,8.980132450331126,3.766666666666667,EXCESO,16.200000000000003,11.957702630166398,1.3547752859425783,EXCESO,ALTA,MODERADA,0.10135135135135136,0.5,2.0,0.41985815602836873,estable,2120000109
2120000109,COLEGIO RODOLFO LLINAS,BOGOTÁ,BOGOTÁ D.C,4.720124,-74.108288,0.08947368421052632,-4.060801521308805e-05,0.9862063496532404,estable,0.08912423524012157,0.9960943938601823,0.11920529801324503,0.05,1.3322945072068562,0.5588235294117647,DEFICIT,16.200000000000003,11.957702630166398,1.3547752859425783,EXCESO,ALTA,MODERADA,0.10135135135135136,0.5,2.0,0.41985815602836873,estable,2120000109
2120000109,COLEGIO RODOLFO LLINAS - AUT,BOGOTA D.C.,"BOGOTA, D.C",4.72,-74.108,0.042105263157894736,-4.060801521308805e-05,0.9862063496532404,estable,0.08912423524012157,2.1167005869528874,0.11920529801324503,0.05,2.8311258278145695,1.1875,EXCESO,16.200000000000003,11.957702630166398,1.3547752859425783,EXCESO,ALTA,MODERADA,0.10135135135135136,0.5,2.0,0.41985815602836873,estable,2120000109
2120000117,COLEGIO MORALBA SURORIENTAL,BOGOTÁ,BOGOTA D.C,4.54294,-74.08031,0.025974025974025976,-0.0016528833173715593,0.6597017695038707,estable,0.11560861931071255,4.450931843462433,0.14864864864864866,0.16455696202531644,5.722972972972973,6.335443037974683,EXCESO,79.3,34.880404040404045,2.273482838906972,EXCESO,ALTA,MODERADA,0.10679611650485436,0.0,3.0,0.6972920696324951,estable,2120000117
2120000117,COLEGIO MORALBA SURORIENTAL,BOGOTÁ,BOGOTÁ D.C,4.54294,-74.08031,0.07427055702917772,-0.0016528833173715593,0.6597017695038707,estable,0.11560861931071255,1.5565874814335225,0.14864864864864866,0.16455696202531644,2.0014478764478767,2.215641952983725,EXCESO,79.3,34.880404040404045,2.273482838906972,EXCESO,ALTA,MODERADA,0.10679611650485436,0.0,3.0,0.6972920696324951,estable,2120000117
2120000118,COL. ALBERTO LLERAS CAMARGO,BOGOTÁ,BOGOTA D.C,4.743304,-74.102293,0.014084507042253521,-0.0006959254437348235,0.7461072630364338,estable,0.07594671816762018,5.392216989901033,0.0728476821192053,0.025,5.172185430463576,1.7750000000000001,EXCESO,10.0,16.184820512820515,0.6178628914715909,DEFICIT,MODERADA,MODERADA,0.10784313725490197,0.0,3.0,0.5039525691699605,estable,2120000118
2120000118,COL. ALBERTO LLERAS CAMARGO,BOGOTÁ,BOGOTÁ D.C,4.743304,-74.102293,0.08136482939632546,-0.0006959254437348235,0.7461072630364338,estable,0.07594671816762018,0.9334096652213963,0.0728476821192053,0.025,0.8953215124973296,0.3072580645161291,DEFICIT,10.0,16.184820512820515,0.6178628914715909,DEFICIT,BAJA,MODERADA,0.10784313725490197,0.0,3.0,0.5039525691699605,estable,2120000118
2120000119,COL. ALEMANIA UNIFICADA,BOGOTÁ,BOGOTA D.C,4.555765,-74.09667,0.013392857142857142,-0.0027199611713806227,0.2703724518586971,estable,0.09726477576310724,7.262436590312007,0.1,0.0625,7.466666666666668,4.666666666666667,EXCESO,25.8,24.4854358974359,1.0536875924149574,NORMAL,MODERADA,NORMAL,0.09,0.0,2.0,0.5050505050505051,estable,2120000119
2120000119,COL. ALEMANIA UNIFICADA,BOGOTÁ,BOGOTÁ D.C,4.555765,-74.09667,0.08443271767810026,-0.0027199611713806227,0.2703724518586971,estable,0.09726477576310724,1.1519796879443014,0.1,0.0625,1.1843750000000002,0.740234375,DEFICIT,25.8,24.4854358974359,1.0536875924149574,NORMAL,MODERADA,NORMAL,0.09,0.0,2.0,0.5050505050505051,estable,2120000119
2120000120,COL. GUSTAVO MORALES,BOGOTÁ,BOGOTA D.C,4.716619,-74.064401,0.017316017316017316,-0.00617070585830341,0.08648830687074109,estable,0.09478498964771592,5.473833152155595,0.0728476821192053,0.025,4.206953642384105,1.44375,EXCESO,6.8,12.710545454545455,0.5349888424786863,DEFICIT,MODERADA,MODERADA,0.10204081632653061,0.0,3.0,0.33793103448275863,estable,2120000120
2120000120,COL. GUSTAVO MORALES,BOGOTÁ,BOGOTÁ D.C,4.716619,-74.064401,0.082010582010582,-0.00617070585830341,0.08648830687074109,estable,0.09478498964771592,1.155765357639891,0.0728476821192053,0.025,0.8882717368083743,0.3048387096774194,DEFICIT,6.8,12.710545454545455,0.5349888424786863,DEFICIT,MODERADA,MODERADA,0.10204081632653061,0.0,3.0,0.33793103448275863,estable,2120000120
2120000121,COL. GUSTAVO RESTREPO,BOGOTÁ,BOGOTA D.C,4.575873,-74.106178,0.008695652173913044,-0.003044761308774464,0.1763731814547955,estable,0.0960540611903237,11.046217036887224,0.08,0.05063291139240506,9.2,5.822784810126582,EXCESO,22.7,20.138232558139535,1.1272091497833578,NORMAL,MODERADA,MODERADA,0.08247422680412371,0.3333333333333333,2.0,0.41810344827586204,estable,2120000121
2120000121,COL. GUSTAVO RESTREPO,BOGOTÁ,BOGOTÁ D.C,4.575873,-74.106178,0.08970976253298153,-0.003044761308774464,0.1763731814547955,estable,0.0960540611903237,1.0707202703274319,0.08,0.05063291139240506,0.8917647058823529,0.5644080416976918,DEFICIT,22.7,20.138232558139535,1.1272091497833578,NORMAL,BAJA,MODERADA,0.08247422680412371,0.3333333333333333,2.0,0.41810344827586204,estable,2120000121
2120000122,COLEGIO INEM FRANCISCO DE PAULA SANTANDER,BOGOTÁ,BOGOTA D.C,4.624567,-74.154993,0.013157894736842105,-0.006336185349581877,0.07859169220891307,estable,0.10087718115526792,7.666665767800362,0.09933774834437085,0.025,7.549668874172186,1.9000000000000001,EXCESO,12.2,16.692589118198875,0.7308632539633477,DEFICIT,MODERADA,MODERADA,0.10752688172043011,0.5,2.0,0.5344827586206896,estable,2120000122
2120000122,COLEGIO INEM FRANCISCO DE PAULA SANTANDER,BOGOTÁ,BOGOTÁ D.C,4.624567,-74.154993,0.08136482939632546,-0.006336185349581877,0.07859169220891307,estable,0.10087718115526792,1.239813097424422,0.09933774834437085,0.025,1.2208929715872676,0.3072580645161291,DEFICIT,12.2,16.692589118198875,0.7308632539633477,DEFICIT,MODERADA,MODERADA,0.10752688172043011,0.5,2.0,0.5344827586206896,estable,2120000122
2120000123,COL. LA CHUCUA,BOGOTÁ,BOGOTA D.C,4.60356,-74.148507,0.008658008658008658,-0.0035839432685479703,0.11777473498433083,estable,0.09915164862328378,11.452015415989276,0.08609271523178808,0.05,9.943708609271523,5.775,EXCESO,11.3,18.547441860465113,0.6092484389497707,DEFICIT,MODERADA,MODERADA,0.10588235294117647,0.5,2.0,0.24853801169590642,estable,2120000123
2120000123,COL. LA CHUCUA,BOGOTÁ,BOGOTÁ D.C,4.60356,-74.148507,0.08923884514435695,-0.0035839432685479703,0.11777473498433083,estable,0.09915164862328378,1.11108170957268,0.08609271523178808,0.05,0.964744838332684,0.5602941176470588,DEFICIT,11.3,18.547441860465113,0.6092484389497707,DEFICIT,MODERADA,MODERADA,0.10588235294117647,0.5,2.0,0.24853801169590642,estable,2120000123
2120000124,COL RAFAEL URIBE,BOGOTÁ,BOGOTA D.C,4.583176,-74.132461,0.013157894736842105,-0.006268424202602276,0.0745235299881793,estable,0.09821626680080518,7.4644362768611945,0.0728476821192053,0.0625,5.5364238410596025,4.75,EXCESO,13.7,19.143121951219516,0.7156617418470365,DEFICIT,MODERADA,MODERADA,0.0898876404494382,0.3333333333333333,3.0,0.4171875,estable,2120000124
2120000124,COL RAFAEL URIBE,BOGOTÁ,BOGOTÁ D.C,4.583176,-74.132461,0.08136482939632546,-0.006268424202602276,0.0745235299881793,estable,0.09821626680080518,1.2071096016486056,0.0728476821192053,0.0625,0.8953215124973296,0.7681451612903226,DEFICIT,13.7,19.143121951219516,0.7156617418470365,DEFICIT,MODERADA,MODERADA,0.0898876404494382,0.3333333333333333,3.0,0.4171875,estable,2120000124
2120000125,COLEGIO SORRENTO,BOGOTÁ,BOGOTA D.C,4.619586,-74.11322,0.010101010101010102,-0.006414102753124686,0.09519811490717624,estable,0.09769031934517741,9.671341615172564,0.087248322147651,0.0,8.63758389261745,0.0,DEFICIT,0.7000000000000001,8.668000000000001,0.08075680664513152,DEFICIT,MODERADA,ALTA,0.08860759493670886,0.0,40.0,0.6019047619047619,estable,2120000125
2120000125,COLEGIO SORRENTO,BOGOTÁ,BOGOTÁ D.C,4.619586,-74.11322,0.08108108108108109,-0.006414102753124686,0.09519811490717624,estable,0.09769031934517741,1.2048472719238548,0.087248322147651,0.0,1.0760626398210291,0.0,DEFICIT,0.7000000000000001,8.668000000000001,0.08075680664513152,DEFICIT,MODERADA,ALTA,0.08860759493670886,0.0,40.0,0.6019047619047619,estable,2120000125
2120000126,COL. CIUDAD DE VILLAVICENCIO,BOGOTÁ,BOGOTA D.C,4.48706,-74.10213,0.017699115044247787,-0.003145139232755249,0.39270300761658267,estable,0.11320568017504007,6.396120929889764,0.11920529801324503,0.1,6.735099337748345,5.65,EXCESO,102.60000000000001,60.35034146341464,1.7000732309393445,EXCESO,ALTA,NORMAL,0.09401709401709402,0.0,3.0,0.41306266548984993,decreciente,2120000126
2120000126,COL. CIUDAD DE VILLAVICENCIO,BOGOTÁ,BOGOTÁ D.C,4.48706,-74.10213,0.07631578947368421,-0.003145139232755249,0.39270300761658267,estable,0.11320568017504007,1.4833847747074216,0.11920529801324503,0.1,1.5620004567252797,1.3103448275862069,EXCESO,102.60000000000001,60.35034146341464,1.7000732309393445,EXCESO,ALTA,NORMAL,0.09401709401709402,0.0,3.0,0.41306266548984993,decreciente,2120000126
2120000127,COL. EDUARDO UMAÑA,BOGOTÁ,BOGOTA D.C,4.48997,-74.11308,0.01762114537444934,0.0015024836366951235,0.5104542556087662,estable,0.10751564196300772,6.1015126814006875,0.11920529801324503,0.1375,6.764900662251655,7.803125,EXCESO,73.4,36.045658536585364,2.0363062565634915,EXCESO,ALTA,NORMAL,0.08620689655172414,0.0,1.0,0.34117647058823525,estable,2120000127
2120000127,COL. EDUARDO UMAÑA,BOGOTÁ,BOGOTÁ D.C,4.48997,-74.11308,0.08157894736842106,0.0015024836366951235,0.5104542556087662,estable,0.10751564196300772,1.3179336756755784,0.11920529801324503,0.1375,1.4612262337107456,1.685483870967742,EXCESO,73.4,36.045658536585364,2.0363062565634915,EXCESO,ALTA,NORMAL,0.08620689655172414,0.0,1.0,0.34117647058823525,estable,2120000127
2120000128,COL. GABRIEL GARCIA MARQUEZ,BOGOTÁ,BOGOTA D.C,4.50499,-74.09235,0.008888888888888889,-0.0018047817368318409,0.398846753358921,estable,0.09683157622256622,10.8935523250387,0.09271523178807947,0.075,10.43046357615894,8.4375,EXCESO,78.80000000000001,52.786634146341456,1.49280213209922,EXCESO,ALTA,MODERADA,0.10714285714285714,0.0,3.0,0.5490196078431373,estable,2120000128
2120000128,COL. GABRIEL GARCIA MARQUEZ,BOGOTÁ,BOGOTÁ D.C,4.50499,-74.09235,0.08157894736842106,-0.0018047817368318409,0.398846753358921,estable,0.09683157622256622,1.1869677085346826,0.09271523178807947,0.075,1.1365092928861353,0.9193548387096774,NORMAL,78.80000000000001,52.786634146341456,1.49280213209922,EXCESO,ALTA,MODERADA,0.10714285714285714,0.0,3.0,0.5490196078431373,estable,2120000128
2120000129,COL. OFELIA URIBE ACOSTA,BOGOTÁ,BOGOTA D.C,4.50643,-74.10251,0.008928571428571428,-0.005745935188451959,0.0049448418713377166,decreciente,0.08781960992799122,9.835796311935017,0.06,0.0375,6.72,4.2,EXCESO,32.1,39.18,0.8192955589586525,DEFICIT,MODERADA,NORMAL,0.09565217391304348,0.0,3.0,0.5124777183600713,estable,2120000129
2120000129,COL. OFELIA URIBE ACOSTA,BOGOTÁ,BOGOTÁ D.C,4.50643,-74.10251,0.08136482939632546,-0.005745935188451959,0.0049448418713377166,decreciente,0.08781960992799122,1.0793313349214404,0.06,0.0375,0.7374193548387097,0.46088709677419354,DEFICIT,32.1,39.18,0.8192955589586525,DEFICIT,BAJA,NORMAL,0.09565217391304348,0.0,3.0,0.5124777183600713,estable,2120000129
2120000130,COL. PAULO FREIRE,BOGOTÁ,BOGOTA D.C,4.5328,-74.11684,0.00904977375565611,-0.004104092462102397,0.059443676489190335,estable,0.09107738325202173,10.064050849348401,0.06622516556291391,0.025,7.317880794701987,2.7624999999999997,EXCESO,25.000000000000004,25.499351351351354,0.9804170959303682,NORMAL,MODERADA,MODERADA,0.10416666666666667,0.3333333333333333,3.0,0.43636363636363634,estable,2120000130
2120000130,COL. PAULO FREIRE,BOGOTÁ,BOGOTÁ D.C,4.5328,-74.11684,0.08398950131233596,-0.004104092462102397,0.059443676489190335,estable,0.09107738325202173,1.0843900943443838,0.06622516556291391,0.025,0.7884933774834438,0.29765625,DEFICIT,25.000000000000004,25.499351351351354,0.9804170959303682,NORMAL,BAJA,MODERADA,0.10416666666666667,0.3333333333333333,3.0,0.43636363636363634,estable,2120000130
2120000131,COL. ANTONIO GARCIA,BOGOTÁ,BOGOTA D.C,4.545,-74.13944,0.013100436681222707,-0.005433619195550546,0.12226151729846053,estable,0.10562997799270425,8.063088320109758,0.09271523178807947,0.0625,7.077262693156733,4.770833333333334,EXCESO,11.3,13.532212885154063,0.8350445042434278,DEFICIT,MODERADA,MODERADA,0.10344827586206896,0.3333333333333333,3.0,0.48945147679324896,estable,2120000131
2120000131,COL. ANTONIO GARCIA,BOGOTÁ,BOGOTÁ D.C,4.545,-74.13944,0.08661417322834646,-0.005433619195550546,0.12226151729846053,estable,0.10562997799270425,1.219546109552131,0.09271523178807947,0.0625,1.070439494280554,0.7215909090909091,DEFICIT,11.3,13.532212885154063,0.8350445042434278,DEFICIT,MODERADA,MODERADA,0.10344827586206896,0.3333333333333333,3.0,0.48945147679324896,estable,2120000131
2120000132,COL. EL TESORO DE LA CUMBRE,BOGOTÁ,BOGOTA D.C,4.53531,-74.14909,0.01327433628318584,-0.0043705001200091105,0.2281329657994721,estable,0.10992568228840854,8.281068065726776,0.10666666666666667,0.0759493670886076,8.035555555555556,5.7215189873417724,EXCESO,12.5,14.328808446455506,0.8723684210526316,NORMAL,MODERADA,MODERADA,0.0989010989010989,0.3333333333333333,3.0,0.3654618473895582,estable,2120000132
2120000132,COL. EL TESORO DE LA CUMBRE,BOGOTÁ,BOGOTÁ D.C,4.53531,-74.14909,0.08443271767810026,-0.0043705001200091105,0.2281329657994721,estable,0.10992568228840854,1.3019322996033387,0.10666666666666667,0.0759493670886076,1.2633333333333334,0.8995253164556962,NORMAL,12.5,14.328808446455506,0.8723684210526316,NORMAL,MODERADA,MODERADA,0.0989010989010989,0.3333333333333333,3.0,0.3654618473895582,estable,2120000132
2120000133,COL. EL MANANTIAL,BOGOTÁ,BOGOTA D.C,4.56144,-74.07482,0.017777777777777778,-0.004662975224248841,0.18175311105375092,estable,0.10678005150095352,6.006377896928635,0.11333333333333333,0.08860759493670886,6.375,4.984177215189874,EXCESO,57.400000000000006,39.79834146341463,1.442271157273376,EXCESO,ALTA,NORMAL,0.09345794392523364,0.0,2.0,0.35274725274725277,estable,2120000133
2120000133,COL. EL MANANTIAL,BOGOTÁ,BOGOTÁ D.C,4.56144,-74.07482,0.07894736842105263,-0.004662975224248841,0.18175311105375092,estable,0.10678005150095352,1.352547319012078,0.11333333333333333,0.08860759493670886,1.4355555555555555,1.1223628691983123,NORMAL,57.400000000000006,39.79834146341463,1.442271157273376,EXCESO,ALTA,NORMAL,0.09345794392523364,0.0,2.0,0.35274725274725277,estable,2120000133
2120000134,COL. LOS ALPES SEDE A,BOGOTÁ,BOGOTA D.C,4.55257,-74.08373,0.022222222222222223,-0.004694564188644128,0.19599634450101128,estable,0.10931236766963331,4.919056545133499,0.11920529801324503,0.0875,5.364238410596026,3.9374999999999996,EXCESO,55.0,33.211999999999996,1.6560279417078165,EXCESO,ALTA,NORMAL,0.0990990990990991,0.0,3.0,0.31534090909090906,estable,2120000134
2120000134,COL. LOS ALPES SEDE A,BOGOTÁ,BOGOTÁ D.C,4.55257,-74.08373,0.07936507936507936,-0.004694564188644128,0.19599634450101128,estable,0.10931236766963331,1.37733583263738,0.11920529801324503,0.0875,1.5019867549668875,1.1025,NORMAL,55.0,33.211999999999996,1.6560279417078165,EXCESO,ALTA,NORMAL,0.0990990990990991,0.0,3.0,0.31534090909090906,estable,2120000134
2120000135,COL. MANUEL ELKIN PATARROYO,BOGOTÁ,BOGOTA D.C,4.61823,-74.06439,0.021645021645021644,-0.005570292659121516,0.13754696772029854,estable,0.10411116445043031,4.809935797609881,0.10596026490066225,0.05,4.895364238410596,2.31,EXCESO,21.1,24.092778574844573,0.8757810949223868,NORMAL,MODERADA,MODERADA,0.10476190476190476,0.0,2.0,0.4920337394564198,estable,2120000135
2120000135,COL. MANUEL ELKIN PATARROYO,BOGOTÁ,BOGOTÁ D.C,4.61823,-74.06439,0.07894736842105263,-0.005570292659121516,0.13754696772029854,estable,0.10411116445043031,1.3187414163721174,0.10596026490066225,0.05,1.3421633554083885,0.6333333333333334,DEFICIT,21.1,24.092778574844573,0.8757810949223868,NORMAL,MODERADA,MODERADA,0.10476190476190476,0.0,2.0,0.4920337394564198,estable,2120000135
2120000136,COL. LOS PINOS SEDE A,BOGOTÁ,BOGOTÁ D.C,4.58781,-74.06813,0.07246376811594203,0.0013923272478957107,0.47161483865056,estable,0.09001930545782749,1.2422664153180194,0.12,0.06329113924050633,1.656,0.8734177215189873,NORMAL,38.1,44.663999999999994,0.8530360021493822,NORMAL,MODERADA,MODERADA,0.10126582278481013,0.2,2.0,1.0,estable,2120000136
2120000137,COL. FRIEDRICH NAUMANN,BOGOTÁ,BOGOTA D.C,4.74943,-74.02285,0.008733624454148471,-0.0013371800562285757,0.6438961164099526,estable,0.10500382674818919,12.022938162667662,0.12582781456953643,0.0375,14.407284768211921,4.29375,EXCESO,20.4,16.29747899159664,1.2517273383520673,EXCESO,ALTA,NORMAL,0.09900990099009901,0.0,2.0,0.33666666666666667,estable,2120000137
2120000137,COL. FRIEDRICH NAUMANN,BOGOTÁ,BOGOTÁ D.C,4.74943,-74.02285,0.09018567639257294,-0.0013371800562285757,0.6438961164099526,estable,0.10500382674818919,1.164307137766686,0.12582781456953643,0.0375,1.3952084144916246,0.4158088235294118,DEFICIT,20.4,16.29747899159664,1.2517273383520673,EXCESO,ALTA,NORMAL,0.09900990099009901,0.0,2.0,0.33666666666666667,estable,2120000137
2120000138,COL. NUEVA ZELANDIA,BOGOTÁ,BOGOTA D.C,4.76587,-74.04681,0.017777777777777778,-0.0032672370001286194,0.2189380185738993,estable,0.09236056336445658,5.195281689250683,0.11258278145695365,0.025,6.332781456953643,1.40625,EXCESO,4.0,7.70409756097561,0.5192042245494953,DEFICIT,MODERADA,ALTA,0.09523809523809523,0.0,45.0,0.4256756756756757,estable,2120000138
2120000138,COL. NUEVA ZELANDIA,BOGOTÁ,BOGOTÁ D.C,4.76587,-74.04681,0.07894736842105263,-0.0032672370001286194,0.2189380185738993,estable,0.09236056336445658,1.1699004692831168,0.11258278145695365,0.025,1.426048565121413,0.3166666666666667,DEFICIT,4.0,7.70409756097561,0.5192042245494953,DEFICIT,MODERADA,ALTA,0.09523809523809523,0.0,45.0,0.4256756756756757,estable,2120000138
2120000139,ESC. PEDAGOGICA EXPRIMENTAL,BOGOTÁ,BOGOTA D.C,4.67553,-74.01927,0.017777777777777778,-0.0076034798801295714,0.1475170718433595,estable,0.12220104638903305,6.873808859383109,0.13245033112582782,0.075,7.450331125827815,4.21875,EXCESO,7.800000000000001,12.756,0.6114769520225777,DEFICIT,MODERADA,MODERADA,0.10227272727272728,0.5,3.0,0.611111111111111,estable,2120000139
2120000139,ESC. PEDAGOGICA EXPRIMENTAL,BOGOTÁ,BOGOTÁ D.C,4.67553,-74.01927,0.08108108108108109,-0.0076034798801295714,0.1475170718433595,estable,0.12220104638903305,1.5071462387980743,0.13245033112582782,0.075,1.6335540838852098,0.9249999999999999,NORMAL,7.800000000000001,12.756,0.6114769520225777,DEFICIT,MODERADA,MODERADA,0.10227272727272728,0.5,3.0,0.611111111111111,estable,2120000139
2120000140,FUNDACIÓN ANA RESTREPO DEL CORRAL,BOGOTÁ,BOGOTA D.C,4.7055,-74.02263,0.008695652173913044,-0.006192351144528386,0.08997342305767414,estable,0.10583908386643749,12.171494644640312,0.10596026490066225,0.05,12.185430463576159,5.75,EXCESO,18.4,20.01319942611191,0.9193932268517189,NORMAL,MODERADA,MODERADA,0.08,0.3333333333333333,3.0,0.14044943820224717,estable,2120000140
2120000140,FUNDACIÓN ANA RESTREPO DEL CORRAL,BOGOTÁ,BOGOTÁ D.C,4.7055,-74.02263,0.08443271767810026,-0.006192351144528386,0.08997342305767414,estable,0.10583908386643749,1.253531649543119,0.10596026490066225,0.05,1.2549668874172186,0.5921875000000001,DEFICIT,18.4,20.01319942611191,0.9193932268517189,NORMAL,MODERADA,MODERADA,0.08,0.3333333333333333,3.0,0.14044943820224717,estable,2120000140
2120000142,COLEGIO CARLOS PIZARRO,BOGOTÁ,BOGOTA D.C,4.63537,-74.20541,0.054817275747508304,-0.0017000220738674096,0.49306296980284336,estable,0.09405899933708611,1.7158641697250254,0.11920529801324503,0.0625,2.1745936183022274,1.1401515151515151,NORMAL,6.3,13.40345945945946,0.4700279072768627,DEFICIT,MODERADA,MODERADA,0.09090909090909091,0.5,3.0,0.5238095238095237,estable,2120000142
2120000169,COLEGIO LA BELLEZA,BOGOTÁ,BOGOTA D.C,4.53059,-74.09244,0.008771929824561403,-0.010540981088138385,0.03312988239676407,decreciente,0.11735546093999932,13.378522547159923,0.08609271523178808,0.05,9.814569536423841,5.700000000000001,EXCESO,54.6,45.45882352941177,1.201086956521739,EXCESO,ALTA,MODERADA,0.10619469026548672,0.0,3.0,0.39649122807017545,decreciente,2120000169
2120000169,COLEGIO LA BELLEZA,BOGOTÁ,BOGOTÁ D.C,4.53059,-74.09244,0.0870712401055409,-0.010540981088138385,0.03312988239676407,decreciente,0.11735546093999932,1.3478096877654466,0.08609271523178808,0.05,0.9887617900862933,0.5742424242424242,DEFICIT,54.6,45.45882352941177,1.201086956521739,EXCESO,ALTA,MODERADA,0.10619469026548672,0.0,3.0,0.39649122807017545,decreciente,2120000169
2120000170,COLEGIO SIMON RODRIGUEZ SEDE C,BOGOTÁ,BOGOTA D.C,4.6405,-74.05435,0.017391304347826087,-0.006886161349596787,0.06500720949539193,estable,0.10251943169806452,5.89486732263871,0.09929078014184398,0.04285714285714286,5.709219858156029,2.4642857142857144,EXCESO,26.4,19.414973262032085,1.3597752437613617,EXCESO,ALTA,MODERADA,0.10526315789473684,0.0,2.0,0.572289156626506,estable,2120000170
2120000170,COLEGIO SIMON RODRIGUEZ SEDE C,BOGOTÁ,BOGOTÁ D.C,4.6405,-74.05435,0.082010582010582,-0.006886161349596787,0.06500720949539193,estable,0.10251943169806452,1.2500756510280127,0.09929078014184398,0.04285714285714286,1.2107069320521622,0.5225806451612903,DEFICIT,26.4,19.414973262032085,1.3597752437613617,EXCESO,ALTA,MODERADA,0.10526315789473684,0.0,2.0,0.572289156626506,estable,2120000170
2120000171,COLEGIO AGUSTIN FERNANDEZ,BOGOTÁ,BOGOTA D.C,4.72911,-74.02383,0.004464285714285714,-0.0025523890774884882,0.37241427777748126,estable,0.11013439510456396,24.67010450342233,0.12408759124087591,0.0375,27.795620437956206,8.4,EXCESO,15.7,16.471062271062273,0.9531868522883955,NORMAL,MODERADA,MODERADA,0.09183673469387756,0.3333333333333333,3.0,0.38431372549019605,estable,2120000171
2120000171,COLEGIO AGUSTIN FERNANDEZ,BOGOTÁ,BOGOTÁ D.C,4.72911,-74.02383,0.0868421052631579,-0.0025523890774884882,0.37241427777748126,estable,0.11013439510456396,1.2682142466586153,0.12408759124087591,0.0375,1.4288874142888741,0.43181818181818177,DEFICIT,15.7,16.471062271062273,0.9531868522883955,NORMAL,MODERADA,MODERADA,0.09183673469387756,0.3333333333333333,3.0,0.38431372549019605,estable,2120000171
2120000172,COLEGIO UNION COLOMBIA SEDE A,BOGOTÁ,BOGOTA D.C,4.75947,-74.02752,0.008771929824561403,-0.0010207497969921741,0.7226073176099079,estable,0.10783310402028169,12.292973858312113,0.1456953642384106,0.0625,16.60927152317881,7.125,EXCESO,21.900000000000002,11.34419512195122,1.930502760625398,EXCESO,ALTA,NORMAL,0.08247422680412371,0.0,2.0,0.4133522727272727,estable,2120000172
2120000172,COLEGIO UNION COLOMBIA SEDE A,BOGOTÁ,BOGOTÁ D.C,4.75947,-74.02752,0.08661417322834646,-0.0010207497969921741,0.7226073176099079,estable,0.10783310402028169,1.2449822009614342,0.1456953642384106,0.0625,1.6821192052980132,0.7215909090909091,DEFICIT,21.900000000000002,11.34419512195122,1.930502760625398,EXCESO,ALTA,NORMAL,0.08247422680412371,0.0,2.0,0.4133522727272727,estable,2120000172
2120000173,COLEGIO CARLO FEDERICI,BOGOTÁ,BOGOTA D.C,4.67168,-74.15894,0.008695652173913044,-0.0055123056719472594,0.15904340638206066,estable,0.11334274589355992,13.03441577775939,0.12582781456953643,0.05,14.47019867549669,5.75,EXCESO,19.400000000000002,16.168,1.19990103908956,EXCESO,ALTA,MODERADA,0.10576923076923077,0.3333333333333333,2.0,0.5848172446110591,estable,2120000173
2120000173,COLEGIO CARLO FEDERICI,BOGOTÁ,BOGOTÁ D.C,4.67168,-74.15894,0.08923884514435695,-0.0055123056719472594,0.15904340638206066,estable,0.11334274589355992,1.270105476042539,0.12582781456953643,0.05,1.410011686793923,0.5602941176470588,DEFICIT,19.400000000000002,16.168,1.19990103908956,EXCESO,ALTA,MODERADA,0.10576923076923077,0.3333333333333333,2.0,0.5848172446110591,estable,2120000173
2120000174,COLEGIO MAGDALENA ORTEGA DE NARIÑO,BOGOTÁ,BOGOTA D.C,4.68664,-74.08296,0.004366812227074236,-0.0030474178703624936,0.21021301551889685,estable,0.10332732143532022,23.66195660868833,0.12582781456953643,0.075,28.814569536423843,17.175,EXCESO,12.0,16.255954088952656,0.738191061215844,DEFICIT,MODERADA,MODERADA,0.0989010989010989,0.5,2.0,0.4932249322493225,estable,2120000174
2120000174,COLEGIO MAGDALENA ORTEGA DE NARIÑO,BOGOTÁ,BOGOTÁ D.C,4.68664,-74.08296,0.08661417322834646,-0.0030474178703624936,0.21021301551889685,estable,0.10332732143532022,1.1929608929350608,0.12582781456953643,0.075,1.4527393136664661,0.8659090909090909,NORMAL,12.0,16.255954088952656,0.738191061215844,DEFICIT,MODERADA,MODERADA,0.0989010989010989,0.5,2.0,0.4932249322493225,estable,2120000174
2120000175,COLEGIO LA FELICIDAD,BOGOTÁ,BOGOTA D.C,4.656,-74.13111111,0.008695652173913044,-0.006487141242861414,0.07808623099608772,estable,0.1128694052321315,12.979981601695123,0.11258278145695365,0.05,12.947019867549669,5.75,EXCESO,11.1,15.038655462184877,0.7380978989718371,DEFICIT,MODERADA,MODERADA,0.09900990099009901,0.5,2.0,0.33666666666666667,estable,2120000175
2120000175,COLEGIO LA FELICIDAD,BOGOTÁ,BOGOTÁ D.C,4.656,-74.131111111,0.08923884514435695,-0.006487141242861414,0.07808623099608772,estable,0.1128694052321315,1.264801276277709,0.11258278145695365,0.05,1.26158940397351,0.5602941176470588,DEFICIT,11.1,15.038655462184877,0.7380978989718371,DEFICIT,MODERADA,MODERADA,0.09900990099009901,0.5,2.0,0.33666666666666667,estable,2120000175
2120500050,PARAMO ALTO,CUNDINAMARCA,COGUA,5.15886,-74.02322,0.07103825136612021,0.011374008309492178,0.353842943369325,estable,0.11784660978209364,1.6589176607787028,0.1724137931034483,0.3333333333333333,2.427055702917772,4.6923076923076925,EXCESO,,,,sin_datos,MODERADA,NORMAL,0.07975460122699386,0.0,1.0,0.7836538461538461,estable,2120500050
2120500050,PARAMO ALTO - AUT,CUNDINAMARCA,COGUA,5.158861111,-74.043444444,0.050946142649199416,0.011374008309492178,0.353842943369325,estable,0.11784660978209364,2.31316059772281,0.1724137931034483,0.3333333333333333,3.3842364532019706,6.542857142857143,EXCESO,,,,sin_datos,MODERADA,NORMAL,0.07975460122699386,0.0,1.0,0.7836538461538461,estable,2120500050
2120500135,UNIVERSIDAD DE LA SABANA,CUNDINAMARCA,CHÍA,4.85414,-74.03269,0.061452513966480445,-0.00185480411743826,0.3412042693786636,estable,0.05671081536388714,0.9228396318305271,0.06224066390041494,0.025,1.0128253489249341,0.40681818181818186,DEFICIT,91.0,93.49801041612098,0.9732827425417572,NORMAL,BAJA,MODERADA,0.09090909090909091,0.0,8.0,0.853448275862069,estable,2120500135
2120500135,UNIVERSIDAD DE LA SABANA - AUT,CUNDINAMARCA,CHÍA,4.85475,-74.032669444,0.05015197568389058,-0.00185480411743826,0.3412042693786636,estable,0.05671081536388714,1.13077928816478,0.06224066390041494,0.025,1.2410411165597888,0.49848484848484853,DEFICIT,91.0,93.49801041612098,0.9732827425417572,NORMAL,MODERADA,MODERADA,0.09090909090909091,0.0,8.0,0.853448275862069,estable,2120500135
2120500201,VITELMA,BOGOTÁ,BOGOTA D.C,4.57515,-74.07175,0.013043478260869565,-0.002915250185669228,0.45816003513521014,estable,0.12621438153873182,9.67643591796944,0.15894039735099338,0.075,12.18543046357616,5.75,EXCESO,66.7,43.52448700410397,1.5324706755006852,EXCESO,ALTA,MODERADA,0.10377358490566038,0.0,2.0,0.32121212121212117,estable,2120500201
2120500201,VITELMA,BOGOTÁ,BOGOTÁ D.C,4.57515,-74.07175,0.0868421052631579,-0.002915250185669228,0.45816003513521014,estable,0.12621438153873182,1.453377726809639,0.15894039735099338,0.075,1.8302227573750751,0.8636363636363635,NORMAL,66.7,43.52448700410397,1.5324706755006852,EXCESO,ALTA,MODERADA,0.10377358490566038,0.0,2.0,0.32121212121212117,estable,2120500201
2120500204,IDEAM PUENTE ARANDA,BOGOTÁ,BOGOTÁ D.C,4.621556111,-74.104708889,0.0659025787965616,-0.007372803249405272,0.02277124820814043,decreciente,0.08321735726954489,1.2627329429161378,0.04979253112033195,0.01875,0.7555475374346022,0.28451086956521743,DEFICIT,59.0,90.47419413383291,0.6521196520714506,DEFICIT,MODERADA,MODERADA,0.10655737704918032,0.25,0.0,0.820014936519791,estable,2120500204
2120500204,IDEAM PUENTE ARANDA,BOGOTÁ,BOGOTÁ D.C,4.621608,-74.103408,0.0547945205479452,-0.007372803249405272,0.02277124820814043,decreciente,0.08321735726954489,1.5187167701691944,0.04979253112033195,0.01875,0.9087136929460581,0.34218750000000003,DEFICIT,59.0,90.47419413383291,0.6521196520714506,DEFICIT,MODERADA,MODERADA,0.10655737704918032,0.25,0.0,0.820014936519791,estable,2120500204
2120500204,IDEAM PUENTE ARANDA,CUNDINAMARCA,BOGOTA D.C,4.62155611,-74.10470889,0.02702702702702703,-0.007372803249405272,0.02277124820814043,decreciente,0.08321735726954489,3.0790422189731608,0.04979253112033195,0.01875,1.8423236514522818,0.69375,DEFICIT,59.0,90.47419413383291,0.6521196520714506,DEFICIT,MODERADA,MODERADA,0.10655737704918032,0.25,0.0,0.820014936519791,estable,2120500204
2120700037,CASAS FISCALES ESCUELA DE ARTILLERÍA,BOGOTÁ,BOGOTA D.C,4.556439,-74.125173,0.017467248908296942,-0.001928716569298292,0.3952675226402312,estable,0.13016367875392523,7.45187060866222,0.13245033112582782,0.075,7.582781456953644,4.29375,EXCESO,20.5,18.18271604938272,1.1274443237370992,NORMAL,MODERADA,MODERADA,0.1015625,0.3333333333333333,3.0,0.36467236467236464,estable,2120700037
2120700037,CASAS FISCALES ESCUELA DE ARTILLERÍA,BOGOTÁ,BOGOTÁ D.C,4.556439,-74.125173,0.10723860589812333,-0.001928716569298292,0.3952675226402312,estable,0.13016367875392523,1.2137763043803527,0.13245033112582782,0.075,1.2350993377483444,0.699375,DEFICIT,20.5,18.18271604938272,1.1274443237370992,NORMAL,CRÍTICA,MODERADA,0.1015625,0.3333333333333333,3.0,0.36467236467236464,estable,2120700037
2120700037,CASAS FISCALES ESCUELA DE ARTILLERÍA - AUT,BOGOTA D.C.,"BOGOTA, D.C",4.556,-74.125,0.021052631578947368,-0.001928716569298292,0.3952675226402312,estable,0.13016367875392523,6.182774740811449,0.13245033112582782,0.075,6.291390728476822,3.5625,EXCESO,20.5,18.18271604938272,1.1274443237370992,NORMAL,MODERADA,MODERADA,0.1015625,0.3333333333333333,3.0,0.36467236467236464,estable,2120700037
2120700038,SAN FRANCISCO,BOGOTÁ,BOGOTA D.C,4.56235,-74.148869,0.01327433628318584,-0.002575241225604984,0.2289097964078011,estable,0.12856222208558135,9.685020730447128,0.13245033112582782,0.1,9.977924944812363,7.533333333333334,EXCESO,13.200000000000001,14.008641114982579,0.9422755491881567,NORMAL,MODERADA,MODERADA,0.0990990990990991,0.5,3.0,0.5242030696576151,estable,2120700038
2120700038,SAN FRANCISCO,BOGOTÁ,BOGOTÁ D.C,4.56235,-74.148869,0.10732984293193717,-0.002575241225604984,0.2289097964078011,estable,0.12856222208558135,1.1978236301632212,0.13245033112582782,0.1,1.2340494265869812,0.9317073170731708,NORMAL,13.200000000000001,14.008641114982579,0.9422755491881567,NORMAL,CRÍTICA,MODERADA,0.0990990990990991,0.5,3.0,0.5242030696576151,estable,2120700038
2120700038,SAN FRANCISCO - AUT,BOGOTA D.C.,"BOGOTA, D.C",4.562,-74.149,0.02456140350877193,-0.002575241225604984,0.2289097964078011,estable,0.12856222208558135,5.234319042055812,0.13245033112582782,0.1,5.392620624408704,4.071428571428572,EXCESO,13.200000000000001,14.008641114982579,0.9422755491881567,NORMAL,MODERADA,MODERADA,0.0990990990990991,0.5,3.0,0.5242030696576151,estable,2120700038
2120700146,UNIVERSIDAD DE LA SABANA,CUNDINAMARCA,CHÍA,4.854528,-74.040049,0.041666666666666664,-0.0018790026865176147,0.32818898403868324,estable,0.0535425483807534,1.2850211611380817,0.05394190871369295,0.01875,1.2946058091286308,0.45,DEFICIT,92.0,103.00764285714286,0.8931376104547027,NORMAL,MODERADA,MODERADA,0.09090909090909091,0.0,8.0,0.6875,estable,2120700146
2120700146,UNIVERSIDAD DE LA SABANA,CUNDINAMARCA,CHÍA,4.85475,-74.04,0.07476635514018691,-0.0018790026865176147,0.32818898403868324,estable,0.0535425483807534,0.7161315845925769,0.05394190871369295,0.01875,0.7214730290456433,0.25078125,DEFICIT,92.0,103.00764285714286,0.8931376104547027,NORMAL,BAJA,MODERADA,0.09090909090909091,0.0,8.0,0.6875,estable,2120700146
2120700146,UNIVERSIDAD DE LA SABANA - AUT,CUNDINAMARCA,CHÍA,4.85475,-74.04,0.045871559633027525,-0.0018790026865176147,0.32818898403868324,estable,0.0535425483807534,1.167227554700424,0.05394190871369295,0.01875,1.1759336099585063,0.40874999999999995,DEFICIT,92.0,103.00764285714286,0.8931376104547027,NORMAL,MODERADA,MODERADA,0.09090909090909091,0.0,8.0,0.6875,estable,2120700146
2120700154,MOLINOS,BOGOTÁ,BOGOTA D.C,4.55322,-74.10789,0.008888888888888889,-0.001042506015422783,0.6423562318644758,estable,0.09661767629231477,10.869488582885412,0.11258278145695365,0.0875,12.665562913907285,9.84375,EXCESO,23.900000000000002,20.57405128205128,1.161657452504275,EXCESO,ALTA,MODERADA,0.10526315789473684,0.0,3.0,0.4523809523809524,estable,2120700154
2120700154,MOLINOS,BOGOTÁ,BOGOTÁ D.C,4.55322,-74.10789,0.08157894736842106,-0.001042506015422783,0.6423562318644758,estable,0.09661767629231477,1.1843457093896648,0.11258278145695365,0.0875,1.3800469985045931,1.0725806451612903,NORMAL,23.900000000000002,20.57405128205128,1.161657452504275,EXCESO,ALTA,MODERADA,0.10526315789473684,0.0,3.0,0.4523809523809524,estable,2120700154
2120700162,SAN JOAQUIN,CUNDINAMARCA,LA MESA,4.63814,-74.52008,0.061855670103092786,-0.0060133594004561745,0.5402089638459646,estable,0.05932027649769585,0.9590111367127495,0.11702127659574468,0.0,1.8918439716312057,0.0,DEFICIT,2.2,11.691866028708134,0.1881650024553937,DEFICIT,BAJA,NORMAL,0.08333333333333333,0.0,4.0,0.5853658536585367,estable,2120700162
2120700162,SAN JOAQUIN - AUT,CUNDINAMARCA,LA MESA,4.63825,-74.520027778,0.05663430420711974,-0.0060133594004561745,0.5402089638459646,estable,0.05932027649769585,1.0474265964450296,0.11702127659574468,0.0,2.066261398176292,0.0,DEFICIT,2.2,11.691866028708134,0.1881650024553937,DEFICIT,BAJA,NORMAL,0.08333333333333333,0.0,4.0,0.5853658536585367,estable,2120700162
2121500042,EL SILENCIO,TOLIMA,IBAGUÉ,4.601127,-75.331133,0.08536585365853659,-0.017327072569008055,0.2867180042382516,estable,0.10622556207233627,1.244356584275939,0.13953488372093023,0.0,1.6345514950166111,0.0,DEFICIT,,,,sin_datos,MODERADA,NORMAL,0.053691275167785234,0.0,2.0,0.0,estable,2121500042
2121500042,EL SILENCIO - AUT,TOLIMA,IBAGUÉ,4.600222222,-75.336,0.050156739811912224,-0.017327072569008055,0.2867180042382516,estable,0.10622556207233627,2.1178721438172046,0.13953488372093023,0.0,2.781976744186047,0.0,DEFICIT,,,,sin_datos,MODERADA,NORMAL,0.053691275167785234,0.0,2.0,0.0,estable,2121500042
2121500048,IBAGUE - AUT,TOLIMA,IBAGUÉ,4.418808333,-75.20585,0.06060606060606061,,,,,,,,,,sin_datos,,,,sin_datos,BAJA,MODERADA,0.14285714285714285,0.0,0.0,,,2121500048
2125700094,RECIO 1,TOLIMA,LÍBANO,4.875934,-75.0444499,0.08571428571428572,0.08335696561503013,0.14419568649545,estable,0.2596211520174654,3.028913440203763,0.6785714285714286,,7.916666666666667,,sin_datos,,,,sin_datos,MODERADA,MODERADA,0.11904761904761904,0.0,1.0,0.9333333333333333,estable,2125700094
2125700094,RECIO 1 - AUT,TOLIMA,LÍBANO,4.873833333,-75.042583333,0.01904761904761905,0.08335696561503013,0.14419568649545,estable,0.2596211520174654,13.630110480916931,0.6785714285714286,,35.625,,sin_datos,,,,sin_datos,MODERADA,MODERADA,0.11904761904761904,0.0,1.0,0.9333333333333333,estable,2125700094
2201500047,HERRERA,TOLIMA,PLANADAS,3.284138889,-75.80245,0.013574660633484163,0.008943548182936977,0.3016893364416785,estable,0.10818421093463539,7.96957020551814,0.18055555555555555,0.09375,13.300925925925926,6.90625,EXCESO,154.20000000000002,150.6675703948473,1.0234451886089053,NORMAL,MODERADA,LEVE,0.08333333333333333,0.0,0.0,1.272727272727273,estable,2201500047
2201500047,HERRERA,TOLIMA,PLANADAS,3.28413889,-75.80245,0.030303030303030304,0.008943548182936977,0.3016893364416785,estable,0.10818421093463539,3.5700789608429675,0.18055555555555555,0.09375,5.958333333333333,3.09375,EXCESO,154.20000000000002,150.6675703948473,1.0234451886089053,NORMAL,MODERADA,LEVE,0.08333333333333333,0.0,0.0,1.272727272727273,estable,2201500047
2201500047,HERRERA - AUT,TOLIMA,PLANADAS,3.284138889,-75.80245,0.07183364839319471,0.008943548182936977,0.3016893364416785,estable,0.10818421093463539,1.5060380943268978,0.18055555555555555,0.09375,2.5135233918128654,1.305098684210526,EXCESO,154.20000000000002,150.6675703948473,1.0234451886089053,NORMAL,MODERADA,LEVE,0.08333333333333333,0.0,0.0,1.272727272727273,estable,2201500047
2202500051,PLANADAS - AUT,TOLIMA,PLANADAS,3.2058,-75.6542,0.06578947368421052,0.0662087912087912,0.6540778744863127,estable,0.3857600732600732,5.863553113553113,0.23809523809523808,0.3333333333333333,3.619047619047619,5.066666666666666,EXCESO,,,,sin_datos,MODERADA,MODERADA,0.10638297872340426,0.0,1.0,0.0,estable,2202500051
2301700089,GUALÍ ALERTAS,TOLIMA,FRESNO,5.134277778,-75.062055556,0.05027932960893855,0.001984661711302826,0.39126209466961565,estable,0.0425475321185091,0.8462231388014587,0.04419889502762431,0.07920792079207921,0.8790669122160834,1.5753575357535754,EXCESO,41.9,30.497987548115425,1.3738611419489921,EXCESO,ALTA,MODERADA,0.09090909090909091,0.2857142857142857,0.0,0.8627450980392156,estable,2301700089
2301700089,GUALÍ ALERTAS - AUT,TOLIMA,FRESNO,5.134277778,-75.062055556,0.06108202443280977,0.001984661711302826,0.39126209466961565,estable,0.0425475321185091,0.6965638829687346,0.04419889502762431,0.07920792079207921,0.7235990528808208,1.2967468175388968,EXCESO,41.9,30.497987548115425,1.3738611419489921,EXCESO,ALTA,MODERADA,0.09090909090909091,0.2857142857142857,0.0,0.8627450980392156,estable,2301700089
2302500037,BRASIL - AUT,CALDAS,MARULANDA,5.139916667,-75.316638889,0.058419243986254296,0.0,,estable,0.0,0.0,0.0,0.0,0.0,0.0,DEFICIT,,,,sin_datos,BAJA,ALTA,0.10344827586206896,0.0,61.0,9.666666666666666,insuficiente,2302500037
2302500064,MANZANARES,CALDAS,MANZANARES,5.265055556,-75.143055556,0.0782122905027933,-0.005220589596318982,0.0013180007518851743,decreciente,0.04297906841454493,0.5495180890145387,0.0,0.0,0.0,0.0,DEFICIT,0.0,294.3350396825397,0.0,DEFICIT,BAJA,ALTA,0.09090909090909091,0.0,77.0,0.6984126984126984,creciente,2302500064
2302500064,MANZANARES - AUT,CALDAS,MANZANARES,5.265055556,-75.143055556,0.042748091603053436,-0.005220589596318982,0.0013180007518851743,decreciente,0.04297906841454493,1.0054032075545332,0.0,0.0,0.0,0.0,DEFICIT,0.0,294.3350396825397,0.0,DEFICIT,BAJA,ALTA,0.09090909090909091,0.0,77.0,0.6984126984126984,creciente,2302500064
2305500055,SAN JOSE DE PENSILVANIA,CALDAS,PENSILVANIA,5.372638889,-75.150138889,0.055865921787709494,0.0023854629782508636,0.27111092880999765,estable,0.08607220210860887,1.5406924177440988,0.12033195020746888,0.1125,2.1539419087136933,2.0137500000000004,EXCESO,307.6,280.860827455021,1.095204350094928,NORMAL,MODERADA,ALTA,0.0979020979020979,0.2857142857142857,0.0,0.578167115902965,creciente,2305500055
2305500055,SAN JOSE DE PENSILVANIA - AUT,CALDAS,PENSILVANIA,5.372638889,-75.150138889,0.06467661691542288,0.0023854629782508636,0.27111092880999765,estable,0.08607220210860887,1.3308086633715681,0.12033195020746888,0.1125,1.8605170762847112,1.739423076923077,EXCESO,307.6,280.860827455021,1.095204350094928,NORMAL,MODERADA,ALTA,0.0979020979020979,0.2857142857142857,0.0,0.578167115902965,creciente,2305500055
2306500106,ALTO DEL TRIGO -,CUNDINAMARCA,GUADUAS,5.00217,-74.53667,0.04597701149425287,-0.0040836940836940835,0.2952256320015186,estable,0.025273472047665592,0.5496980170367266,0.0,0.0,0.0,0.0,DEFICIT,,,,sin_datos,BAJA,ALTA,0.10526315789473684,0.0,124.0,1.9000000000000001,estable,2306500106
2306500106,ALTO DEL TRIGO - AUT,CUNDINAMARCA,GUADUAS,5.001902778,-74.537586111,0.0576,-0.0040836940836940835,0.2952256320015186,estable,0.025273472047665592,0.4387755563830832,0.0,0.0,0.0,0.0,DEFICIT,,,,sin_datos,BAJA,ALTA,0.10526315789473684,0.0,124.0,1.9000000000000001,estable,2306500106
2306500204,ALTO DEL VINO,CUNDINAMARCA,SAN FRANCISCO,4.876695,-74.287811,0.047619047619047616,-0.003904098894434436,0.15152149338252982,estable,0.093248933108176,1.958227595271696,0.08713692946058091,0.075,1.829875518672199,1.575,EXCESO,128.4,144.73837941628264,0.8871178502745858,NORMAL,MODERADA,MODERADA,0.0967741935483871,0.16666666666666666,0.0,1.0,estable,2306500204
2306500204,ALTO DEL VINO,CUNDINAMARCA,SAN FRANCISCO,4.876736111,-74.287836111,0.08374384236453201,-0.003904098894434436,0.15152149338252982,estable,0.093248933108176,1.1135019659388077,0.08713692946058091,0.075,1.0405174517939957,0.8955882352941177,NORMAL,128.4,144.73837941628264,0.8871178502745858,NORMAL,MODERADA,MODERADA,0.0967741935483871,0.16666666666666666,0.0,1.0,estable,2306500204
2308500068,SANTUARIO - AUT,ANTIOQUIA,SANTUARIO,6.133027778,-75.275266667,0.05976095617529881,,,,,,,,,,sin_datos,,,,sin_datos,BAJA,MODERADA,0.11904761904761904,0.0,1.0,,,2308500068
2308500071,RETIRO,ANTIOQUIA,RETIRO,6.08211,-75.56640167,0.116751269035533,0.015001951453564357,0.42819732284305256,estable,0.2038200489275758,1.7457630277709753,0.3493975903614458,0.2,2.992666317443688,1.7130434782608697,EXCESO,,,,sin_datos,CRÍTICA,MODERADA,0.10256410256410256,0.0,0.0,0.40625,estable,2308500071
2308500071,RETIRO - AUT,ANTIOQUIA,RETIRO,6.060275,-75.509513889,0.039240506329113925,0.015001951453564357,0.42819732284305256,estable,0.2038200489275758,5.194123827509189,0.3493975903614458,0.2,8.904003109211038,5.096774193548387,EXCESO,,,,sin_datos,MODERADA,MODERADA,0.10256410256410256,0.0,0.0,0.40625,estable,2308500071
2311500200,PUERTO SERVIEZ,BOYACÁ,PUERTO BOYACÁ,6.22136,-74.56166,0.060240963855421686,0.002682331870392088,0.7571167711131345,estable,0.13100643129050515,2.1747067594223854,0.2727272727272727,0.14285714285714285,4.527272727272727,2.3714285714285714,EXCESO,,,,sin_datos,MODERADA,MODERADA,0.125,0.0,2.0,1.0,estable,2311500200
2311500200,PUERTO SERVIEZ,BOYACÁ,PUERTO BOYACÁ,6.22245,-74.562455556,0.078125,0.002682331870392088,0.7571167711131345,estable,0.13100643129050515,1.676882320518466,0.2727272727272727,0.14285714285714285,3.4909090909090907,1.8285714285714285,EXCESO,,,,sin_datos,MODERADA,MODERADA,0.125,0.0,2.0,1.0,estable,2311500200
2311700155,PUERTO BOYACA - AUT,BOYACÁ,PUERTO BOYACÁ,5.980258333,-74.594969444,0.04953560371517028,,,,,,,,,,sin_datos,,,,sin_datos,BAJA,NORMAL,0.1,0.0,0.0,,,2311700155
2314700159,RIO LA COLORADA - AUT,SANTANDER,SIMACOTA,6.854594444,-73.7674,0.0,,,,,,,,,,sin_datos,,,,sin_datos,BAJA,NORMAL,,,,,,2314700159
2319500043,FLORIDABLANCA,SANTANDER,FLORIDABLANCA,7.056797,-73.090627,0.07407407407407407,-0.002560657613313114,0.38885429947644323,estable,0.09437532926735905,1.2740669451093471,0.1059322033898305,0.08387096774193549,1.430084745762712,1.132258064516129,NORMAL,146.4,208.04246398502679,0.7037024903268627,DEFICIT,MODERADA,NORMAL,0.09876543209876543,0.0,1.0,0.5282608695652173,estable,2319500043
2319500043,FLORIDABLANCA,SANTANDER,FLORIDABLANCA,7.0568,-73.0906,0.09375,-0.002560657613313114,0.38885429947644323,estable,0.09437532926735905,1.0066701788518297,0.1059322033898305,0.08387096774193549,1.1299435028248588,0.8946236559139785,NORMAL,146.4,208.04246398502679,0.7037024903268627,DEFICIT,BAJA,NORMAL,0.09876543209876543,0.0,1.0,0.5282608695652173,estable,2319500043
2319500043,FLORIDABLANCA - AUT,SANTANDER,FLORIDABLANCA,7.0568,-73.1094,0.04398447606727038,-0.002560657613313114,0.38885429947644323,estable,0.09437532926735905,2.1456508683431923,0.1059322033898305,0.08387096774193549,2.4083998005982052,1.906831119544592,EXCESO,146.4,208.04246398502679,0.7037024903268627,DEFICIT,MODERADA,NORMAL,0.09876543209876543,0.0,1.0,0.5282608695652173,estable,2319500043
2319500125,POLIDEPORTIVO CACHIRA,NORTE DE SANTANDER,CÁCHIRA,7.73719,-73.04892,0.06493506493506493,0.0003997103430337377,0.9041738109275615,estable,0.08600976260016656,1.3245503440425652,0.1078838174273859,0.0625,1.661410788381743,0.9625000000000001,NORMAL,55.8,188.20766649064132,0.29648101504289504,DEFICIT,MODERADA,MODERADA,0.10135135135135136,0.0,0.0,0.9866666666666667,estable,2319500125
2319500125,POLIDEPORTIVO CACHIRA - AUT,NORTE DE SANTANDER,CÁCHIRA,7.649638889,-73.178361111,0.046153846153846156,0.0003997103430337377,0.9041738109275615,estable,0.08600976260016656,1.8635448563369421,0.1078838174273859,0.0625,2.3374827109266945,1.3541666666666665,EXCESO,55.8,188.20766649064132,0.29648101504289504,DEFICIT,MODERADA,MODERADA,0.10135135135135136,0.0,0.0,0.9866666666666667,estable,2319500125
2319500137,VETAS,SANTANDER,VETAS,7.31022,-72.87683,0.05472636815920398,0.007255319352093544,0.5834997209854529,estable,0.08537933094384707,1.5601132290648418,0.21839080459770116,0.0,3.9905956112852667,0.0,DEFICIT,,,,sin_datos,MODERADA,NORMAL,0.0967741935483871,0.0,2.0,0.40522875816993464,estable,2319500137
2319500137,VETAS - AUT,SANTANDER,VETAS,7.3102,-72.8762,0.054838709677419356,0.007255319352093544,0.5834997209854529,estable,0.08537933094384707,1.556917211328976,0.21839080459770116,0.0,3.982420554428668,0.0,DEFICIT,,,,sin_datos,MODERADA,NORMAL,0.0967741935483871,0.0,2.0,0.40522875816993464,estable,2319500137
2319500207,SANTURBAN,SANTANDER,VETAS,7.335194444,-72.858972222,0.06876790830945559,-3.3981356077702194e-05,0.9934745914530261,estable,0.09937242106897112,1.4450406230446218,0.14522821576763487,0.04375,2.1118603042876902,0.6361979166666666,DEFICIT,82.10000000000001,85.91032258064516,0.9556476746194458,NORMAL,MODERADA,MODERADA,0.10377358490566038,0.0625,0.0,1.0,estable,2319500207
2319700096,SAN JUAN DE LOS CHORROS,SANTANDER,PUERTO WILCHES,7.692805556,-73.774055556,0.0684931506849315,-0.03223856209150327,0.15608141194916927,estable,0.09727668845315904,1.420239651416122,0.029411764705882353,0.0,0.4294117647058824,0.0,DEFICIT,0.0,3.8705882352941177,0.0,DEFICIT,MODERADA,ALTA,0.11538461538461539,0.0,31.0,0.8253968253968254,estable,2319700096
2319700096,SAN JUAN DE LOS CHORROS - AUT,SANTANDER,PUERTO WILCHES,7.692805556,-73.774055556,0.045454545454545456,-0.03223856209150327,0.15608141194916927,estable,0.09727668845315904,2.1400871459694986,0.029411764705882353,0.0,0.6470588235294117,0.0,DEFICIT,0.0,3.8705882352941177,0.0,DEFICIT,MODERADA,ALTA,0.11538461538461539,0.0,31.0,0.8253968253968254,estable,2319700096
2401500040,CUCUNUBA,CUNDINAMARCA,CUCUNUBÁ,5.21957,-73.78229,0.08496732026143791,-0.0005629257634905421,0.8044241746114209,estable,0.06766678554270827,0.796386014464182,0.06224066390041494,0.06875,0.7325247366741142,0.8091346153846154,DEFICIT,161.2,105.67226317772139,1.5254712556774819,EXCESO,ALTA,ALTA,0.08658008658008658,0.07142857142857142,12.0,0.5892857142857143,estable,2401500040
2401500040,CUCUNUBA - AUT,CUNDINAMARCA,CUCUNUBÁ,5.219558333,-73.784541667,0.04285714285714286,-0.0005629257634905421,0.8044241746114209,estable,0.06766678554270827,1.578891662663193,0.06224066390041494,0.06875,1.4522821576763485,1.6041666666666667,EXCESO,161.2,105.67226317772139,1.5254712556774819,EXCESO,ALTA,ALTA,0.08658008658008658,0.07142857142857142,12.0,0.5892857142857143,estable,2401500040
2401500052,PUENTE GUILLERMO,SANTANDER,PUENTE NACIONAL,5.796416667,-73.726666667,0.08888888888888889,-0.004788564471864317,0.06318681191378372,estable,0.11366264005089753,1.278704700572597,0.1087866108786611,0.1,1.2238493723849373,1.125,NORMAL,216.4,179.17793307180764,1.207738008191417,EXCESO,ALTA,MODERADA,0.09375,0.16666666666666666,0.0,0.549828178694158,estable,2401500052
2401500052,PUENTE GUILLERMO - AUT,SANTANDER,PUENTE NACIONAL,5.796416667,-73.726666667,0.029490616621983913,-0.004788564471864317,0.06318681191378372,estable,0.11366264005089753,3.854196794453162,0.1087866108786611,0.1,3.688855077976417,3.390909090909091,EXCESO,216.4,179.17793307180764,1.207738008191417,EXCESO,ALTA,MODERADA,0.09375,0.16666666666666666,0.0,0.549828178694158,estable,2401500052
2401500080,PANELAS,BOYACÁ,MOTAVITA,5.634380556,-73.386469444,0.08253968253968254,-0.001987895184319801,0.4281804888270913,estable,0.06741606009049908,0.8167714972502773,0.05673758865248227,0.1,0.6873977086743044,1.2115384615384617,EXCESO,,,,sin_datos,BAJA,NORMAL,0.08837209302325581,0.0,1.0,1.0906785034876347,estable,2401500080
2401500080,PANELAS - AUT,BOYACÁ,MOTAVITA,5.634380556,-73.386469444,0.03784570596797671,-0.001987895184319801,0.4281804888270913,estable,0.06741606009049908,1.7813397416220333,0.05673758865248227,0.1,1.4991816693944353,2.6423076923076922,EXCESO,,,,sin_datos,MODERADA,NORMAL,0.08837209302325581,0.0,1.0,1.0906785034876347,estable,2401500080
2401500086,TUNJA-U.P.T.C - AUT,BOYACÁ,SAMACÁ,5.4417,-73.5522,0.04838709677419355,-0.0007142073975274101,0.6838590977324976,estable,0.06316992002168348,1.3055116804481253,0.07053941908713693,0.05,1.4578146611341631,1.0333333333333334,NORMAL,99.4,80.60917459759399,1.233110256942972,EXCESO,ALTA,NORMAL,0.1,0.07142857142857142,0.0,1.1224489795918366,estable,2401500086
2401500086,UNIVERSIDAD PEDAGÓGICA Y TECNOLÓGICA DE COLOMBIA TUNJA,BOYACÁ,TUNJA,5.553611111,-73.355277778,0.06552706552706553,-0.0007142073975274101,0.6838590977324976,estable,0.06316992002168348,0.9640279098961262,0.07053941908713693,0.05,1.0764928738950028,0.7630434782608696,DEFICIT,99.4,80.60917459759399,1.233110256942972,EXCESO,ALTA,NORMAL,0.1,0.07142857142857142,0.0,1.1224489795918366,estable,2401500086
2401700091,LAS MINAS - AUT,SANTANDER,ZAPATOCA,6.769888889,-73.224222222,0.052104208416833664,,,,,,,,,,sin_datos,,,,sin_datos,BAJA,MODERADA,0.10606060606060606,0.0,4.0,,,2401700091
2403000113,LAS CAÑAS,BOYACÁ,CHISCAS,6.6058,-72.4836,0.056878306878306875,0.016012318279345746,0.0008378625790792574,creciente,0.1831346947042164,3.2197634696834325,0.3983402489626556,0.4625,7.003377400366689,8.13139534883721,EXCESO,222.0,27.72139030643315,8.00825635171991,EXCESO,ALTA,MODERADA,0.10328638497652583,0.0,0.0,1.013213530655391,estable,2403000113
2403000113,LAS CAÑAS - AUT,BOYACÁ,CHISCAS,6.6058,-72.4836,0.04597701149425287,0.016012318279345746,0.0008378625790792574,creciente,0.1831346947042164,3.9831796098167067,0.3983402489626556,0.4625,8.663900414937759,10.059375000000001,EXCESO,222.0,27.72139030643315,8.00825635171991,EXCESO,ALTA,MODERADA,0.10328638497652583,0.0,0.0,1.013213530655391,estable,2403000113
2403000114,LAS MERCEDES,BOYACÁ,CHISCAS,6.5774,-72.479,0.047933884297520664,-0.0008145554308161108,0.7031093659943439,estable,0.06391610970559976,1.333422288685788,0.07468879668049792,0.04375,1.5581628273000427,0.9127155172413792,NORMAL,8.700000000000001,14.952401235494547,0.5818463444752692,DEFICIT,MODERADA,SEVERA,0.102803738317757,0.5,37.0,0.8646464646464647,estable,2403000114
2403000114,LAS MERCEDES - AUT,BOYACÁ,CHISCAS,6.5774,-72.479,0.04915912031047866,-0.0008145554308161108,0.7031093659943439,estable,0.06391610970559976,1.3001882316428581,0.07468879668049792,0.04375,1.5193273640532867,0.8899671052631578,NORMAL,8.700000000000001,14.952401235494547,0.5818463444752692,DEFICIT,MODERADA,SEVERA,0.102803738317757,0.5,37.0,0.8646464646464647,estable,2403000114
2403000117,PM LA LAGUNA,BOYACÁ,GUACAMAYAS,6.447166667,-72.497694444,0.05375,-0.025586113201975597,0.004713520018694,decreciente,0.11059323699075252,2.057548595176791,0.06224066390041494,0.01875,1.1579658400077197,0.3488372093023256,DEFICIT,81.60000000000001,287.02736842105264,0.2842934471680676,DEFICIT,MODERADA,MODERADA,0.10328638497652583,0.1,6.0,0.9309440559440559,estable,2403000117
2403000117,PM LA LAGUNA,BOYACÁ,GUACAMAYAS,6.44716667,-72.49769444,0.055776892430278883,-0.025586113201975597,0.004713520018694,decreciente,0.11059323699075252,1.9827787489056345,0.06224066390041494,0.01875,1.1158861885002964,0.33616071428571426,DEFICIT,81.60000000000001,287.02736842105264,0.2842934471680676,DEFICIT,MODERADA,MODERADA,0.10328638497652583,0.1,6.0,0.9309440559440559,estable,2403000117
2403500041,DUITAMA,BOYACÁ,PAIPA,5.78755,-73.05155,0.06182795698924731,-0.0023073904545609088,0.23841396129763126,estable,0.06275625243318815,1.015014169788956,0.05394190871369295,0.03125,0.872451740934512,0.5054347826086957,DEFICIT,67.3,94.2639252004219,0.7139528706969098,DEFICIT,BAJA,NORMAL,0.09278350515463918,0.0,0.0,0.91725768321513,estable,2403500041
2403500041,DUITAMA - AUT,BOYACÁ,PAIPA,5.78755,-73.081783333,0.04984423676012461,-0.0023073904545609088,0.23841396129763126,estable,0.06275625243318815,1.2590473144408374,0.05394190871369295,0.03125,1.0822095435684649,0.626953125,DEFICIT,67.3,94.2639252004219,0.7139528706969098,DEFICIT,MODERADA,NORMAL,0.09278350515463918,0.0,0.0,0.91725768321513,estable,2403500041
2403500081,SOTAQUIRÁ - AUT,BOYACÁ,SOTAQUIRÁ,5.749661111,-73.234922222,0.059496567505720827,,,,,,,,,,sin_datos,,,,sin_datos,BAJA,MODERADA,0.1111111111111111,0.0,0.0,,,2403500081
2403500082,SIACHOQUE,BOYACÁ,SIACHOQUE,5.52478,-73.23377,0.15,0.0,1.0,insuficiente,0.15653732273648122,1.0435821515765416,,,,,sin_datos,,,,sin_datos,ALTA,MODERADA,0.10236220472440945,0.0,1.0,0.0,insuficiente,2403500082
2403500082,SIACHOQUE - AUT,BOYACÁ,SIACHOQUE,5.506097222,-73.251052778,0.04059539918809202,0.0,1.0,insuficiente,0.15653732273648122,3.8560360500753204,,,,,sin_datos,,,,sin_datos,MODERADA,MODERADA,0.10236220472440945,0.0,1.0,0.0,insuficiente,2403500082
2403500083,PESCA,BOYACÁ,PESCA,5.524,-73.07655,0.14814814814814814,0.009705695543529437,0.3283479495249783,estable,0.2112825127293818,1.4261569609233273,0.2857142857142857,0.3050847457627119,1.9285714285714286,2.0593220338983054,EXCESO,,,,sin_datos,CRÍTICA,NORMAL,0.08536585365853659,0.0,0.0,0.8519480519480518,estable,2403500083
2403500083,PESCA - AUT,BOYACÁ,PESCA,5.523033333,-73.076847222,0.026223776223776224,0.009705695543529437,0.3283479495249783,estable,0.2112825127293818,8.05690648541376,0.2857142857142857,0.3050847457627119,10.895238095238094,11.633898305084747,EXCESO,,,,sin_datos,MODERADA,NORMAL,0.08536585365853659,0.0,0.0,0.8519480519480518,estable,2403500083
2403500084,MONGUA,BOYACÁ,MONGUA,5.75802,-72.79485,0.0,0.007692307692307693,0.5558713121766353,estable,0.022527472527472527,,0.034482758620689655,0.16666666666666666,,,sin_datos,,,,sin_datos,BAJA,LEVE,0.09022556390977443,0.0,4.0,1.5833333333333333,insuficiente,2403500084
2403500084,MONGUA - AUT,BOYACÁ,MONGUA,5.758019444,-72.79485,0.055858310626702996,0.007692307692307693,0.5558713121766353,estable,0.022527472527472527,0.4032967032967033,0.034482758620689655,0.16666666666666666,0.6173254835996635,2.9837398373983737,EXCESO,,,,sin_datos,BAJA,LEVE,0.09022556390977443,0.0,4.0,1.5833333333333333,insuficiente,2403500084
2403500085,SUSA,SANTANDER,ONZAGA,6.23262,-72.69197,0.06432748538011696,-0.0015381392800747637,0.7331626398303965,estable,0.05624703438941481,0.8743857164172666,0.08045977011494253,0.0,1.250783699059561,0.0,DEFICIT,,,,sin_datos,BAJA,NORMAL,0.0945945945945946,0.0,2.0,1.0313588850174216,estable,2403500085
2403500085,SUSA - AUT,SANTANDER,ONZAGA,6.187794444,-72.835602778,0.054274084124830396,-0.0015381392800747637,0.7331626398303965,estable,0.05624703438941481,1.0363516086249678,0.08045977011494253,0.0,1.482471264367816,0.0,DEFICIT,,,,sin_datos,BAJA,NORMAL,0.0945945945945946,0.0,2.0,1.0313588850174216,estable,2403500085
2403700149,PUENTE LA RAMADA,BOYACÁ,CHISCAS,6.5607,-72.5012,0.07385229540918163,-0.007824366983872661,0.06563059603086176,estable,0.08034399404175345,1.0879011085113104,,,,,sin_datos,,,,sin_datos,BAJA,ALTA,0.10843373493975904,0.0,0.0,0.38425925925925924,creciente,2403700149
2403700149,PUENTE LA RAMADA - AUT,BOYACÁ,CHISCAS,6.5607,-72.5012,0.04154727793696275,-0.007824366983872661,0.06563059603086176,estable,0.08034399404175345,1.9337968221084105,,,,,sin_datos,,,,sin_datos,MODERADA,ALTA,0.10843373493975904,0.0,0.0,0.38425925925925924,creciente,2403700149
2405700149,EL JUNCAL,SANTANDER,LOS SANTOS,6.793777778,-73.198638889,0.052083333333333336,-0.0032019704433497525,0.9207302336685165,estable,0.0437192118226601,0.8394088669950739,,,,,sin_datos,,,,sin_datos,BAJA,ALTA,0.1,0.0,22.0,2.8571428571428568,insuficiente,2405700149
2405700149,EL JUNCAL - AUT,SANTANDER,LOS SANTOS,6.793777778,-73.198638889,0.057233704292527825,-0.0032019704433497525,0.9207302336685165,estable,0.0437192118226601,0.7638717843459223,,,,,sin_datos,,,,sin_datos,BAJA,ALTA,0.1,0.0,22.0,2.8571428571428568,insuficiente,2405700149
2501500120,JUAN JOSE,CORDOBA,PUERTO LIBERTADOR,7.730194444,-75.851580556,0.18333333333333332,-0.05720520838608397,0.3912697611598867,estable,0.37611240525987066,2.0515222105083857,0.5232558139534884,0.2,2.8541226215644824,1.090909090909091,NORMAL,,,,sin_datos,CRÍTICA,MODERADA,0.08695652173913043,0.0,4.0,0.71875,creciente,2501500120
2501500120,JUAN JOSE - AUT,CORDOBA,PUERTO LIBERTADOR,7.730194444,-75.851580556,0.03054989816700611,-0.05720520838608397,0.3912697611598867,estable,0.37611240525987066,12.3114127321731,0.5232558139534884,0.2,17.12790697674419,6.546666666666667,EXCESO,,,,sin_datos,MODERADA,MODERADA,0.08695652173913043,0.0,4.0,0.71875,creciente,2501500120
2502700153,PLANTA ECOPETROL,BOLIVAR,MAGANGUÉ,9.1751,-74.730088889,0.022857142857142857,0.0022772657450076802,0.6844561953330969,estable,0.02891705069124424,1.2651209677419355,0.05747126436781609,0.0,2.514367816091954,0.0,DEFICIT,,,,sin_datos,MODERADA,ALTA,0.125,0.0,95.0,3.0,estable,2502700153
2502700153,PLANTA ECOPETROL - AUT,BOLIVAR,MAGANGUÉ,9.1751,-74.730088889,0.07614213197969544,0.0022772657450076802,0.6844561953330969,estable,0.02891705069124424,0.37977726574500764,0.05747126436781609,0.0,0.7547892720306513,0.0,DEFICIT,,,,sin_datos,BAJA,ALTA,0.125,0.0,95.0,3.0,estable,2502700153
2502700206,CECILIA,CORDOBA,AYAPEL,8.463611111,-75.031666667,0.0502092050209205,-0.006086136630142153,0.00011135144731630707,decreciente,0.03180226083194961,0.6333950282363298,0.0,0.0,0.0,0.0,DEFICIT,0.30000000000000004,377.90971638509285,0.0007938403988911938,DEFICIT,BAJA,ALTA,0.09836065573770492,0.0,414.0,1.161904761904762,estable,2502700206
2502700206,CECILIA,CÓRDOBA,AYAPEL,8.46361111,-75.03166667,0.1111111111111111,-0.006086136630142153,0.00011135144731630707,decreciente,0.03180226083194961,0.28622034748754654,0.0,0.0,0.0,0.0,DEFICIT,0.30000000000000004,377.90971638509285,0.0007938403988911938,DEFICIT,ALTA,ALTA,0.09836065573770492,0.0,414.0,1.161904761904762,estable,2502700206
2601700104,MOLINOS,CAUCA,POPAYÁN,2.439472222,-76.574280556,0.0,0.0,,estable,0.0,,0.0,,,,sin_datos,,,,sin_datos,BAJA,ALTA,0.14285714285714285,0.0,212.0,,,2601700104
2601700104,MOLINOS - AUT,CAUCA,POPAYÁN,2.439472222,-76.574280556,0.027777777777777776,0.0,,estable,0.0,0.0,0.0,,0.0,,sin_datos,,,,sin_datos,BAJA,ALTA,0.14285714285714285,0.0,212.0,,,2601700104
2602700148,CAUCA ALTO - AUT,CAUCA,CAJIBÍO,2.694361111,-76.752916667,0.05555555555555555,,,,,,,,,,sin_datos,,,,sin_datos,BAJA,ALTA,0.3333333333333333,0.0,24.0,,,2602700148
2603500127,REMOLINO ALERTAS - EL VOLCAN - AUT,CAUCA,EL TAMBO,2.542913889,-76.852061111,0.06688963210702341,,,,,,,,,,sin_datos,,,,sin_datos,BAJA,NORMAL,0.07894736842105263,0.0,0.0,,,2603500127
2603700157,REMOLINO - AUT,CAUCA,EL TAMBO,2.514666667,-76.831472222,0.05263157894736842,,,,,,,,,,sin_datos,,,,sin_datos,BAJA,ALTA,0.5,0.0,36.0,,,2603700157
2604500039,CORINTO,CAUCA,CORINTO,3.18,-76.25,0.07733333333333334,-0.0020876221801183585,0.30593981333405346,estable,0.07418085714431492,0.9592352216937274,0.07766990291262135,0.096,1.004352192835621,1.2413793103448276,EXCESO,21.7,75.36909403018954,0.2879164235582815,DEFICIT,BAJA,LEVE,0.09844559585492228,0.0,0.0,1.3794671864847303,estable,2604500039
2604500039,CORINTO - AUT,CAUCA,CORINTO,3.178611111,-76.252777778,0.040268456375838924,-0.0020876221801183585,0.30593981333405346,estable,0.07418085714431492,1.842157952417154,0.07766990291262135,0.096,1.9288025889967637,2.3840000000000003,EXCESO,21.7,75.36909403018954,0.2879164235582815,DEFICIT,MODERADA,LEVE,0.09844559585492228,0.0,0.0,1.3794671864847303,estable,2604500039
2604500134,TORIBIO ALERTAS   TORIBIO - AUT,CAUCA,TORIBÍO,2.952388889,-76.262083333,0.05555555555555555,,,,,,,,,,sin_datos,,,,sin_datos,BAJA,NORMAL,0.075,0.0,1.0,,,2604500134
2610500131,SANTA LUCIA - AUT,VALLE DEL CAUCA,TULUÁ,3.929055556,-75.940638889,0.06382978723404255,,,,,,,,,,sin_datos,,,,sin_datos,BAJA,MODERADA,0.10526315789473684,0.0,3.0,,,2610500131
2611700158,RIO FRIO,VALLE DEL CAUCA,RIOFRÍO,4.152194444,-76.290080556,0.043478260869565216,-0.010702765248219797,0.4505850540807494,estable,0.07402708402708404,1.702622932622933,0.1165644171779141,0.036585365853658534,2.6809815950920246,0.8414634146341463,DEFICIT,157.2,320.7261265260821,0.4901378060549618,DEFICIT,MODERADA,MODERADA,0.09411764705882353,0.25,0.0,1.0991379310344827,estable,2611700158
2611700158,RIO FRIO - AUT,VALLE DEL CAUCA,RIOFRÍO,4.152194444,-76.290080556,0.06227106227106227,-0.010702765248219797,0.4505850540807494,estable,0.07402708402708404,1.188787878787879,0.1165644171779141,0.036585365853658534,1.8718874052688559,0.5875179340028694,DEFICIT,157.2,320.7261265260821,0.4901378060549618,DEFICIT,MODERADA,MODERADA,0.09411764705882353,0.25,0.0,1.0991379310344827,estable,2611700158
2612500038,CRQ ARMENIA,QUINDÍO,CIRCASIA,4.556333333,-75.669555556,0.07086614173228346,0.0018441231592596365,0.7535660448867655,estable,0.08268299800557866,1.1667489718564987,0.0954356846473029,0.1,1.346703550023052,1.4111111111111112,EXCESO,184.2,241.03426392067126,0.7642067024156514,DEFICIT,MODERADA,MODERADA,0.10576923076923077,0.5,0.0,0.7878787878787878,estable,2612500038
2612500038,CRQ ARMENIA - AUT,QUINDÍO,CIRCASIA,4.556333333,-75.669555556,0.0625,0.0018441231592596365,0.7535660448867655,estable,0.08268299800557866,1.3229279680892585,0.0954356846473029,0.1,1.5269709543568464,1.6,EXCESO,184.2,241.03426392067126,0.7642067024156514,DEFICIT,MODERADA,MODERADA,0.10576923076923077,0.5,0.0,0.7878787878787878,estable,2612500038
2612500124,PIJAO,QUINDÍO,PIJAO,4.331361111,-75.684138889,0.06666666666666667,-0.00428410034798085,0.13901473972271122,estable,0.05825333443798405,0.8738000165697607,0.0502092050209205,0.025157232704402517,0.7531380753138075,0.37735849056603776,DEFICIT,49.400000000000006,180.07942555958022,0.27432339839209313,DEFICIT,BAJA,ALTA,0.10160427807486631,0.25,1.0,1.6403508771929822,estable,2612500124
2612500124,PIJAO,QUINDÍO,PIJAO,4.3314,-75.68414,0.04891304347826087,-0.00428410034798085,0.13901473972271122,estable,0.05825333443798405,1.190957059621007,0.0502092050209205,0.025157232704402517,1.0264993026499303,0.5143256464011181,DEFICIT,49.400000000000006,180.07942555958022,0.27432339839209313,DEFICIT,MODERADA,ALTA,0.10160427807486631,0.25,1.0,1.6403508771929822,estable,2612500124
2612500124,PIJAO - AUT,QUINDÍO,PIJAO,4.331361111,-75.684138889,0.053929121725731895,-0.00428410034798085,0.13901473972271122,estable,0.05825333443798405,1.0801832585786184,0.0502092050209205,0.025157232704402517,0.9310221159593545,0.4664869721473495,DEFICIT,49.400000000000006,180.07942555958022,0.27432339839209313,DEFICIT,BAJA,ALTA,0.10160427807486631,0.25,1.0,1.6403508771929822,estable,2612500124
2612500130,SALENTO,QUINDÍO,SALENTO,4.633475,-75.568858333,0.058666666666666666,-0.0002651167085079154,0.9238446536990621,estable,0.08492704681989072,1.4476201162481372,0.11203319502074689,0.075,1.9096567333081857,1.2784090909090908,EXCESO,162.8,179.75312147107422,0.9056866365805931,NORMAL,MODERADA,MODERADA,0.0913978494623656,0.5,0.0,0.9847058823529411,estable,2612500130
2612500130,SALENTO - AUT,QUINDÍO,SALENTO,4.633475,-75.568858333,0.04885496183206107,-0.0002651167085079154,0.9238446536990621,estable,0.08492704681989072,1.7383504895946382,0.11203319502074689,0.075,2.293179460580913,1.53515625,EXCESO,162.8,179.75312147107422,0.9056866365805931,NORMAL,MODERADA,MODERADA,0.0913978494623656,0.5,0.0,0.9847058823529411,estable,2612500130
2612500214,BUENAVISTA,QUINDÍO,BUENAVISTA,4.3575,-75.736666667,0.06857142857142857,-0.0026024889647498126,0.27672218138955723,estable,0.0649320410758816,0.9469255990232733,0.04081632653061224,0.034782608695652174,0.5952380952380951,0.5072463768115942,DEFICIT,48.3,51.04043010752689,0.9463086399986516,NORMAL,BAJA,ALTA,0.1076923076923077,0.25,0.0,1.0,creciente,2612500214
2613500126,POTREROS,RISARALDA,SANTA ROSA DE CABAL,4.885680556,-75.558080556,0.0782122905027933,-0.004028966343063025,0.09129273165003549,estable,0.10444119718045168,1.3353553068072037,0.1037344398340249,0.0875,1.3263189093064613,1.11875,NORMAL,146.4,157.12703136291373,0.9317301977268464,NORMAL,MODERADA,MODERADA,0.07142857142857142,0.25,0.0,1.076923076923077,estable,2613500126
2613500126,POTREROS - AUT,RISARALDA,SANTA ROSA DE CABAL,4.885680556,-75.558080556,0.022900763358778626,-0.004028966343063025,0.09129273165003549,estable,0.10444119718045168,4.56059894354639,0.1037344398340249,0.0875,4.529737206085754,3.8208333333333333,EXCESO,146.4,157.12703136291373,0.9317301977268464,NORMAL,MODERADA,MODERADA,0.07142857142857142,0.25,0.0,1.076923076923077,estable,2613500126
2613700156,PUERTO CALDAS - AUT,RISARALDA,PEREIRA,4.814113889,-75.917961111,0.08333333333333333,,,,,,,,,,sin_datos,,,,sin_datos,BAJA,MODERADA,0.3333333333333333,0.0,10.0,,,2613700156
2614500112,BELLAVISTA - JESUS MARIA,CALDAS,ANSERMA,5.275944444,-75.800166667,0.05555555555555555,-0.0037494997999199674,0.8650222437353364,estable,0.06178804855275444,1.1121848739495799,0.10344827586206896,0.0,1.8620689655172415,0.0,DEFICIT,,,,sin_datos,MODERADA,NORMAL,0.08163265306122448,0.0,2.0,0.532608695652174,estable,2614500112
2614500112,BELLAVISTA - JESUS MARIA - AUT,CALDAS,ANSERMA,5.275944444,-75.800166667,0.056179775280898875,-0.0037494997999199674,0.8650222437353364,estable,0.06178804855275444,1.099827264239029,0.10344827586206896,0.0,1.8413793103448277,0.0,DEFICIT,,,,sin_datos,BAJA,NORMAL,0.08163265306122448,0.0,2.0,0.532608695652174,estable,2614500112
2614500116,EL JARDIN CUENCA ALTA RIO RISARALDA - AUT,CALDAS,RIOSUCIO,5.532161111,-75.768947222,0.05916030534351145,0.0,1.0,insuficiente,0.0,0.0,0.0,0.0,0.0,0.0,DEFICIT,153.8,330.8479686186607,0.46486608529633056,DEFICIT,BAJA,MODERADA,0.06976744186046512,0.3333333333333333,0.0,4.777777777777778,insuficiente,2614500116
2615500122,LA ESPERANZA ANDALUCIA,CALDAS,MANIZALES,5.017777778,-75.356583333,0.047619047619047616,-0.005905139833711261,0.8610392341582537,estable,0.12569444444444444,2.6395833333333334,0.11029411764705882,0.05454545454545454,2.3161764705882355,1.1454545454545455,NORMAL,95.5,162.39439773622334,0.5880744738197208,DEFICIT,MODERADA,ALTA,0.10317460317460317,0.2,0.0,1.250620347394541,estable,2615500122
2615500122,LA ESPERANZA ANDALUCIA - AUT,CALDAS,MANIZALES,5.017777778,-75.356583333,0.05679862306368331,-0.005905139833711261,0.8610392341582537,estable,0.12569444444444444,2.2129840067340067,0.11029411764705882,0.05454545454545454,1.941844919786096,0.9603305785123966,NORMAL,95.5,162.39439773622334,0.5880744738197208,DEFICIT,MODERADA,ALTA,0.10317460317460317,0.2,0.0,1.250620347394541,estable,2615500122
2619700161,SALGAR,ANTIOQUIA,PUEBLORRICO,5.8808,-75.908311111,0.05555555555555555,0.035171864342124826,0.11957302524396941,estable,0.1576460611564976,2.8376291008169567,0.13709677419354838,0.20930232558139536,2.467741935483871,3.7674418604651168,EXCESO,107.2,106.41176470588236,1.0074074074074073,NORMAL,MODERADA,NORMAL,0.07692307692307693,0.0,1.0,0.6842105263157894,estable,2619700161
2619700161,SALGAR - AUT,ANTIOQUIA,PUEBLORRICO,5.880972222,-75.90825,0.0,0.035171864342124826,0.11957302524396941,estable,0.1576460611564976,,0.13709677419354838,0.20930232558139536,,,sin_datos,107.2,106.41176470588236,1.0074074074074073,NORMAL,BAJA,NORMAL,0.07692307692307693,0.0,1.0,0.6842105263157894,estable,2619700161
2620500209,ACUEDUCTO ARMENIA,ANTIOQUIA,ARMENIA,6.161666667,-75.775805556,0.06876790830945559,-0.005964200262836199,0.008496836703536086,decreciente,0.07997814592434534,1.163015538649855,0.05416666666666667,0.031446540880503145,0.7876736111111111,0.4572851153039832,DEFICIT,236.7,370.4215053763441,0.6390017765289179,DEFICIT,MODERADA,ALTA,0.10377358490566038,0.3,0.0,1.0,creciente,2620500209
2620500210,UFRANÁ,ANTIOQUIA,TITIRIBÍ,6.085388889,-75.811972222,0.06990881458966565,-0.0005371425365615127,0.859747059479959,estable,0.08149554281582938,1.1657405907133855,0.10416666666666667,0.036036036036036036,1.490036231884058,0.5154719937328633,DEFICIT,344.1,460.85407407407405,0.746657172753326,DEFICIT,MODERADA,MODERADA,0.09782608695652174,0.2,0.0,1.0,estable,2620500210
2620500211,EL PLAN,ANTIOQUIA,FREDONIA,5.924716667,-75.667316667,0.0673854447439353,-0.0070261837591500224,0.0009000321874435914,decreciente,0.07001796130548286,1.0390665457733659,0.03319502074688797,0.025,0.4926141078838175,0.37100000000000005,DEFICIT,169.8,423.7335483870968,0.4007235222378031,DEFICIT,BAJA,MODERADA,0.08771929824561403,0.42857142857142855,1.0,1.0,estable,2620500211
2621500070,ITUANGO,ANTIOQUIA,ITUANGO,7.161433333,-75.762886111,0.08450704225352113,-0.008348437443809113,0.5393574832631598,estable,0.1068419736722682,1.2642966884551738,0.11320754716981132,0.17857142857142858,1.339622641509434,2.113095238095238,EXCESO,27.6,36.225,0.7619047619047619,DEFICIT,MODERADA,MODERADA,0.1111111111111111,0.0,5.0,0.7941176470588236,estable,2621500070
2621500070,ITUANGO - AUT,ANTIOQUIA,ITUANGO,7.175363889,-75.766358333,0.06741573033707865,-0.008348437443809113,0.5393574832631598,estable,0.1068419736722682,1.5848226094719784,0.11320754716981132,0.17857142857142858,1.679245283018868,2.6488095238095237,EXCESO,27.6,36.225,0.7619047619047619,DEFICIT,MODERADA,MODERADA,0.1111111111111111,0.0,5.0,0.7941176470588236,estable,2621500070
2625700231,EL BAGRE,ANTIOQUIA,CAUCASIA,8.0,-75.0,0.06830601092896176,-0.002341412579094229,0.13972274434871088,estable,0.06067479396732109,0.8882789836815806,0.04149377593360996,0.05625,0.6074688796680497,0.8234999999999999,DEFICIT,1018.2,1133.9806451612903,0.897898923006025,NORMAL,BAJA,NORMAL,0.06896551724137931,0.0,1.0,1.0,estable,2625700231
2629700151,LA VORAGINE,VALLE DEL CAUCA,CALI,3.346305556,-76.589333333,0.00558659217877095,0.0003092367608496641,0.49923747502617954,estable,0.0048870683279285424,0.8747852306992091,0.0056179775280898875,0.010309278350515464,1.0056179775280898,1.845360824742268,EXCESO,0.0,1.9,0.0,DEFICIT,BAJA,ALTA,0.15384615384615385,0.0,293.0,6.5,insuficiente,2629700151
2629700151,LA VORAGINE - AUT,VALLE DEL CAUCA,CALI,3.346305556,-76.589333333,0.09090909090909091,0.0003092367608496641,0.49923747502617954,estable,0.0048870683279285424,0.053757751607213966,0.0056179775280898875,0.010309278350515464,0.06179775280898876,0.1134020618556701,DEFICIT,0.0,1.9,0.0,DEFICIT,BAJA,ALTA,0.15384615384615385,0.0,293.0,6.5,insuficiente,2629700151
2633500119,GUACHAL PALMASECA,VALLE DEL CAUCA,PALMIRA,3.559541667,-76.456897222,0.05673758865248227,-0.008347227807255856,0.0017784863730406465,decreciente,0.050166325026072565,0.884181478584529,0.0,0.0,0.0,0.0,DEFICIT,0.0,11.667555555555555,0.0,DEFICIT,BAJA,ALTA,0.11428571428571428,0.0,364.0,0.4861111111111111,estable,2633500119
2633500119,GUACHAL PALMASECA - AUT,VALLE DEL CAUCA,BUGA,3.882797222,-76.202125,0.04716981132075472,-0.008347227807255856,0.0017784863730406465,decreciente,0.050166325026072565,1.0635260905527384,0.0,0.0,0.0,0.0,DEFICIT,0.0,11.667555555555555,0.0,DEFICIT,BAJA,ALTA,0.11428571428571428,0.0,364.0,0.4861111111111111,estable,2633500119
2633700150,GUAYABAL,VALLE DEL CAUCA,ZARZAL,4.405278889,-76.100752778,0.0959409594095941,3.391733308090554e-05,0.989450297043214,estable,0.08448763002764803,0.8806210668266391,0.07053941908713693,0.0625,0.7352377912543887,0.6514423076923077,DEFICIT,159.2,83.30526505830417,1.911043676394021,EXCESO,ALTA,MODERADA,0.09923664122137404,0.1111111111111111,0.0,0.8668320926385443,estable,2633700150
2633700150,GUAYABAL - AUT,VALLE DEL CAUCA,BUGA,3.894569444,-76.347022222,0.03317535545023697,3.391733308090554e-05,0.989450297043214,estable,0.08448763002764803,2.546698562261962,0.07053941908713693,0.0625,2.126259632483699,1.8839285714285712,EXCESO,159.2,83.30526505830417,1.911043676394021,EXCESO,ALTA,MODERADA,0.09923664122137404,0.1111111111111111,0.0,0.8668320926385443,estable,2633700150
2636700098,HACIENDA LA GRACIOSA,VALLE DEL CAUCA,BUGALAGRANDE,4.2398,-76.049247222,0.01639344262295082,-0.0014078299196266528,0.09353664326078631,estable,0.008448275862068966,0.5153448275862069,0.004149377593360996,0.00625,0.25311203319502074,0.38125,DEFICIT,101.2,754.3828676730501,0.13414938797875794,DEFICIT,BAJA,MODERADA,0.08287292817679558,0.2857142857142857,0.0,1.2066666666666668,estable,2636700098
2636700098,HACIENDA LA GRACIOSA - AUT,VALLE DEL CAUCA,BUGALAGRANDE,4.2398,-76.049247222,0.06837606837606838,-0.0014078299196266528,0.09353664326078631,estable,0.008448275862068966,0.12355603448275862,0.004149377593360996,0.00625,0.06068464730290456,0.09140625,DEFICIT,101.2,754.3828676730501,0.13414938797875794,DEFICIT,BAJA,MODERADA,0.08287292817679558,0.2857142857142857,0.0,1.2066666666666668,estable,2636700098
2701500213,ALTO DE LA CRUZ,ANTIOQUIA,AMALFI,6.91,-75.078888889,0.06962025316455696,-0.005171560816722107,0.017715255237878952,decreciente,0.034301882904033444,0.49269977262157133,0.008733624454148471,0.0125,0.12544660579595077,0.17954545454545456,DEFICIT,486.2,447.13091811414387,1.0873772765494212,NORMAL,BAJA,NORMAL,0.08045977011494253,0.05555555555555555,1.0,1.0,estable,2701500213
2702500107,ANGOSTURA,ANTIOQUIA,ANGOSTURA,6.900555556,-75.326019444,0.08139534883720931,0.012125631547211082,0.04103286413592159,creciente,0.07805360923318073,0.958944342007649,,,,,sin_datos,,,,sin_datos,MODERADA,MODERADA,0.10465116279069768,0.0,0.0,0.9800569800569799,decreciente,2702500107
2702500107,ANGOSTURA - AUT,ANTIOQUIA,ANGOSTURA,6.900555556,-75.326019444,0.04435483870967742,0.012125631547211082,0.04103286413592159,creciente,0.07805360923318073,1.7597540990753473,,,,,sin_datos,,,,sin_datos,MODERADA,MODERADA,0.10465116279069768,0.0,0.0,0.9800569800569799,decreciente,2702500107
2703700106,EL RETIRO - AUT,ANTIOQUIA,EL BAGRE,7.561888889,-74.804222222,0.0,,,,,,,,,,sin_datos,,,,sin_datos,BAJA,MODERADA,0.0,0.0,5.0,,,2703700106
2801500078,HATICO DE LOS INDIOS,LA GUAJIRA,SAN JUAN DEL CESAR,10.860305556,-73.114222222,0.04680851063829787,-0.004177005789909016,0.234717707763093,estable,0.027708850289495452,0.5919618016392211,0.0,0.0,0.0,0.0,DEFICIT,,,,sin_datos,BAJA,MODERADA,0.13636363636363635,0.0,2.0,0.0,insuficiente,2801500078
2801500078,HATICO DE LOS INDIOS - AUT,LA GUAJIRA,SAN JUAN DEL CESAR,10.860305556,-73.114222222,0.0,-0.004177005789909016,0.234717707763093,estable,0.027708850289495452,,0.0,0.0,,,sin_datos,,,,sin_datos,BAJA,MODERADA,0.13636363636363635,0.0,2.0,0.0,insuficiente,2801500078
2801700088,CHEMESQUEMENA,CESAR,VALLEDUPAR,10.71216,-73.402146,0.05128205128205128,-0.01836734693877551,0.6283385792508973,estable,0.11428571428571428,2.2285714285714286,0.1810344827586207,0.0,3.5301724137931036,0.0,DEFICIT,,,,sin_datos,MODERADA,LEVE,0.06329113924050633,0.0,2.0,1.7555555555555553,estable,2801700088
2801700088,CHEMESQUEMENA - AUT,CESAR,VALLEDUPAR,10.712111111,-73.431166667,0.05275779376498801,-0.01836734693877551,0.6283385792508973,estable,0.11428571428571428,2.1662337662337663,0.1810344827586207,0.0,3.4314263322884013,0.0,DEFICIT,,,,sin_datos,MODERADA,LEVE,0.06329113924050633,0.0,2.0,1.7555555555555553,estable,2801700088
2802500079,CARACOLI,CESAR,VALLEDUPAR,10.088694444,-73.731666667,0.022727272727272728,0.007362281496407134,0.1100292855698269,estable,0.06041634275929692,2.6583190814090645,0.17266187050359713,0.08333333333333333,7.597122302158273,3.6666666666666665,EXCESO,,,,sin_datos,MODERADA,MODERADA,0.09950248756218906,0.0,5.0,1.273943661971831,estable,2802500079
2802500079,CARACOLÍ HDA MANATURE - AUT,CESAR,VALLEDUPAR,10.088694444,-73.731666667,0.06408544726301736,0.007362281496407134,0.1100292855698269,estable,0.06041634275929692,0.942746681806529,0.17266187050359713,0.08333333333333333,2.694244604316547,1.300347222222222,EXCESO,,,,sin_datos,BAJA,MODERADA,0.09950248756218906,0.0,5.0,1.273943661971831,estable,2802500079
2804500076,PALMARITO - AUT,CESAR,PUEBLO BELLO,10.415194444,-73.643555556,0.06818181818181818,,,,,,,,,,sin_datos,,,,sin_datos,BAJA,MODERADA,0.10714285714285714,0.0,3.0,,,2804500076
2805500075,CURUMANÍ,CESAR,CURUMANÍ,9.238138889,-73.512916667,0.05172413793103448,0.006880523365517671,0.02131783372835661,creciente,0.105124841447809,2.0324136013243073,0.16597510373443983,0.11875,3.208852005532503,2.2958333333333334,EXCESO,159.0,98.88538019285723,1.60792221954247,EXCESO,ALTA,MODERADA,0.10416666666666667,0.0,0.0,0.7783783783783784,estable,2805500075
2805500075,CURUMANÍ - AUT,CESAR,CURUMANÍ,9.238138889,-73.512916667,0.05791505791505792,0.006880523365517671,0.02131783372835661,creciente,0.105124841447809,1.8151555956655019,0.16597510373443983,0.11875,2.865836791147994,2.0504166666666666,EXCESO,159.0,98.88538019285723,1.60792221954247,EXCESO,ALTA,MODERADA,0.10416666666666667,0.0,0.0,0.7783783783783784,estable,2805500075
2901500072,HOBO,BOLIVAR,EL CARMÉN DE BOLÍVAR,9.672419444,-75.236458333,0.024024024024024024,0.002636375834417576,0.13278427818975008,estable,0.03610688953340208,1.5029492768278616,0.058091286307053944,0.0875,2.4180497925311206,3.6421875,EXCESO,191.9,47.052333226768965,4.078437493739938,EXCESO,ALTA,ALTA,0.1016949152542373,0.0,1.0,1.8437499999999998,estable,2901500072
2901500072,HOBO,BOLIVAR,EL CARMÉN DE BOLÍVAR,9.672506,-75.236517,0.0,0.002636375834417576,0.13278427818975008,estable,0.03610688953340208,,0.058091286307053944,0.0875,,,sin_datos,191.9,47.052333226768965,4.078437493739938,EXCESO,ALTA,ALTA,0.1016949152542373,0.0,1.0,1.8437499999999998,estable,2901500072
2901500072,HOBO - AUT,BOLIVAR,EL CARMÉN DE BOLÍVAR,9.672419444,-75.236458333,0.07530647985989491,0.002636375834417576,0.13278427818975008,estable,0.03610688953340208,0.47946590519936255,0.058091286307053944,0.0875,0.7713982437518094,1.161918604651163,EXCESO,191.9,47.052333226768965,4.078437493739938,EXCESO,ALTA,ALTA,0.1016949152542373,0.0,1.0,1.8437499999999998,estable,2901500072
2904000176,UNIREFORMADA,ATLANTICO,BARRANQUILLA,10.98525,-74.81592778,0.09219858156028368,0.0017706496893770823,0.4805998950519842,estable,0.03623199030983042,0.3929777410527761,0.03734439834024896,0.05625,0.4050430896903926,0.6100961538461539,DEFICIT,549.4,153.5317629407352,3.5784126325187438,EXCESO,ALTA,ALTA,0.1111111111111111,0.0,0.0,1.2272727272727273,estable,2904000176
2904000176,UNIREFORMADA,ATLANTICO,BARRANQUILLA,10.98525,-74.815927778,0.039525691699604744,0.0017706496893770823,0.4805998950519842,estable,0.03623199030983042,0.9166693548387095,0.03734439834024896,0.05625,0.9448132780082987,1.423125,EXCESO,549.4,153.5317629407352,3.5784126325187438,EXCESO,ALTA,ALTA,0.1111111111111111,0.0,0.0,1.2272727272727273,estable,2904000176
2904000177,UNIAUTONOMA,ATLANTICO,BARRANQUILLA,11.004,-74.824008333,0.04892966360856269,0.002083421635557486,0.1556810444018938,estable,0.0571060922390442,1.1671057601354657,0.07053941908713693,0.0625,1.441649377593361,1.27734375,EXCESO,227.3,271.43058371735793,0.8374148442928917,DEFICIT,MODERADA,MODERADA,0.109375,0.0,0.0,1.1671732522796352,estable,2904000177
2904000177,UNIAUTONOMA,ATLANTICO,BARRANQUILLA,11.004,-74.82400833,0.04430379746835443,0.002083421635557486,0.1556810444018938,estable,0.0571060922390442,1.2889660819669977,0.07053941908713693,0.0625,1.5921754593953763,1.4107142857142858,EXCESO,227.3,271.43058371735793,0.8374148442928917,DEFICIT,MODERADA,MODERADA,0.109375,0.0,0.0,1.1671732522796352,estable,2904000177
2904700095,REMOLINO,ATLANTICO,SABANAGRANDE,10.833907,-74.742892,0.0,-0.0006601233782401264,0.5759689168974144,estable,0.04414853083512705,,0.03734439834024896,0.0375,,,sin_datos,93.2,258.70529260034715,0.36025548245731925,DEFICIT,BAJA,ALTA,0.10619469026548672,0.1111111111111111,3.0,1.27880658436214,estable,2904700095
2904700095,REMOLINO - MAG,ATLANTICO,SABANAGRANDE,10.776,-74.743686111,0.0657439446366782,-0.0006601233782401264,0.5759689168974144,estable,0.04414853083512705,0.6715223900711431,0.03734439834024896,0.0375,0.5680279537016816,0.5703947368421053,DEFICIT,93.2,258.70529260034715,0.36025548245731925,DEFICIT,BAJA,ALTA,0.10619469026548672,0.1111111111111111,3.0,1.27880658436214,estable,2904700095
2904700095,REMOLINO - MAG,ATLANTICO,SABANAGRANDE,10.776,-74.74368611,0.14285714285714285,-0.0006601233782401264,0.5759689168974144,estable,0.04414853083512705,0.30903971584588935,0.03734439834024896,0.0375,0.26141078838174275,0.2625,DEFICIT,93.2,258.70529260034715,0.36025548245731925,DEFICIT,ALTA,ALTA,0.10619469026548672,0.1111111111111111,3.0,1.27880658436214,estable,2904700095
2904700095,REMOLINO - MAG,ATLANTICO,SABANAGRANDE,10.833907,-74.742892,0.04371584699453552,-0.0006601233782401264,0.5759689168974144,estable,0.04414853083512705,1.0098976428535313,0.03734439834024896,0.0375,0.854253112033195,0.8578125,NORMAL,93.2,258.70529260034715,0.36025548245731925,DEFICIT,BAJA,ALTA,0.10619469026548672,0.1111111111111111,3.0,1.27880658436214,estable,2904700095
2904700095,REMOLINO - MAG - AUT,ATLANTICO,SABANAGRANDE,10.776,-74.743686111,0.045454545454545456,-0.0006601233782401264,0.5759689168974144,estable,0.04414853083512705,0.971267678372795,0.03734439834024896,0.0375,0.8215767634854771,0.825,DEFICIT,93.2,258.70529260034715,0.36025548245731925,DEFICIT,BAJA,ALTA,0.10619469026548672,0.1111111111111111,3.0,1.27880658436214,estable,2904700095
2906500077,PALMOR - SIERRA NEVADA,MAGDALENA,CIÉNAGA,10.77175,-74.019138889,0.12716763005780346,0.09849920091855577,0.004942876349979517,creciente,0.4024887895855638,3.1650254817410244,0.9885057471264368,0.8333333333333334,7.773249738766981,6.553030303030304,EXCESO,,,,sin_datos,CRÍTICA,MODERADA,0.10810810810810811,0.0,0.0,,,2906500077
2906500077,PALMOR - SIERRA NEVADA - AUT,MAGDALENA,CIÉNAGA,10.77175,-74.019138889,0.030991735537190084,0.09849920091855577,0.004942876349979517,creciente,0.4024887895855638,12.986971610627524,0.9885057471264368,0.8333333333333334,31.895785440613025,26.88888888888889,EXCESO,,,,sin_datos,MODERADA,MODERADA,0.10810810810810811,0.0,0.0,,,2906500077
3206500045,GRANADA SENA,META,GRANADA,3.444291,-73.743678,0.11602209944751381,-0.005730066868581411,0.012816344224816246,decreciente,0.10978154844739697,0.9462123937608977,0.0912863070539419,0.0625,0.7868010274649279,0.5386904761904762,DEFICIT,608.5,366.7658775372161,1.6590965443295769,EXCESO,CRÍTICA,ALTA,0.1043956043956044,0.06666666666666667,9.0,1.111842105263158,estable,3206500045
3206500045,GRANADA SENA,META,GRANADA,3.446044,-73.739505,0.08247422680412371,-0.005730066868581411,0.012816344224816246,decreciente,0.10978154844739697,1.3311012749246882,0.0912863070539419,0.0625,1.1068464730290457,0.7578125,DEFICIT,608.5,366.7658775372161,1.6590965443295769,EXCESO,ALTA,ALTA,0.1043956043956044,0.06666666666666667,9.0,1.111842105263158,estable,3206500045
3206500045,GRANADA SENA - AUT,META,GRANADA,3.516333333,-73.739733333,0.018604651162790697,-0.005730066868581411,0.012816344224816246,decreciente,0.10978154844739697,5.900758229047588,0.0912863070539419,0.0625,4.906639004149377,3.359375,EXCESO,608.5,366.7658775372161,1.6590965443295769,EXCESO,ALTA,ALTA,0.1043956043956044,0.06666666666666667,9.0,1.111842105263158,estable,3206500045
3206500058,LEJANÍAS,META,LEJANÍAS,3.51827,-74.00627,0.08333333333333333,-0.005318073201785624,0.0750898993681606,estable,0.08929781149733584,1.0715737379680301,0.08298755186721991,0.05625,0.995850622406639,0.675,DEFICIT,806.6,712.5602973023292,1.131974378945465,NORMAL,BAJA,NORMAL,0.08482142857142858,0.1,1.0,0.6489618541767262,estable,3206500058
3206500058,LEJANÍAS - AUT,META,LEJANÍAS,3.518202778,-74.0063,0.03782894736842105,-0.005318073201785624,0.0750898993681606,estable,0.08929781149733584,2.360568234364356,0.08298755186721991,0.05625,2.193757892837813,1.4869565217391305,EXCESO,806.6,712.5602973023292,1.131974378945465,NORMAL,MODERADA,NORMAL,0.08482142857142858,0.1,1.0,0.6489618541767262,estable,3206500058
3206500059,VISTA HERMOSA,META,VISTAHERMOSA,3.09993,-73.73376,0.05865921787709497,-0.010355613043776324,0.01703605688401919,decreciente,0.08162093678777833,1.39144263666784,0.04149377593360996,0.0125,0.7073700849634459,0.21309523809523812,DEFICIT,63.2,89.26321914800175,0.7080183820752872,DEFICIT,MODERADA,ALTA,0.09090909090909091,0.06666666666666667,22.0,1.2110091743119267,estable,3206500059
3206500059,VISTA HERMOSA - AUT,META,VISTAHERMOSA,3.099722222,-73.733611111,0.055288461538461536,-0.010355613043776324,0.01703605688401919,decreciente,0.08162093678777833,1.4762743349441647,0.04149377593360996,0.0125,0.7504961212339888,0.22608695652173916,DEFICIT,63.2,89.26321914800175,0.7080183820752872,DEFICIT,MODERADA,ALTA,0.09090909090909091,0.06666666666666667,22.0,1.2110091743119267,estable,3206500059
3206500214,PUERTO LLERAS,META,PUERTO LLERAS,3.277893056,-73.354946944,0.07386363636363637,-0.01215800477897252,0.0030454073784296465,decreciente,0.04706914575866188,0.6372438195018839,0.0,0.0,0.0,0.0,DEFICIT,37.6,680.7765591397849,0.05523104386483368,DEFICIT,BAJA,ALTA,0.11290322580645161,0.5,45.0,1.0,creciente,3206500214
3502500135,GUAYABETAL POLLO OLIMPICO,CUNDINAMARCA,GUAYABETAL,4.22553,-73.81481,0.002663115845539281,0.009615992171488617,0.027084433684934187,creciente,0.04394276468803721,16.500508140357972,0.07865168539325842,0.14432989690721648,29.533707865168537,54.19587628865978,EXCESO,276.0,25.689494338287332,10.74369142364366,EXCESO,ALTA,LEVE,0.0979020979020979,0.0,0.0,7.660714285714286,estable,3502500135
3502500135,GUAYABETAL POLLO OLIMPICO - AUT,CUNDINAMARCA,GUAYABETAL,4.229669444,-73.812625,0.0975609756097561,0.009615992171488617,0.027084433684934187,creciente,0.04394276468803721,0.45041333805238143,0.07865168539325842,0.14432989690721648,0.8061797752808988,1.479381443298969,EXCESO,276.0,25.689494338287332,10.74369142364366,EXCESO,ALTA,LEVE,0.0979020979020979,0.0,0.0,7.660714285714286,estable,3502500135
3502700090,GUAYURIBA,META,VILLAVICENCIO,3.958454,-73.27098,0.07446808510638298,0.01173084992652522,0.5439135489994729,estable,0.19372496849455373,2.6014495769268646,0.22099447513812154,0.24,2.967640094711918,3.222857142857143,EXCESO,389.8,217.66537313432835,1.790822280948848,EXCESO,ALTA,MODERADA,0.1111111111111111,0.0,0.0,0.675,estable,3502700090
3502700090,GUAYURIBA - AUT,META,VILLAVICENCIO,3.958169444,-73.295536111,0.05161290322580645,0.01173084992652522,0.5439135489994729,estable,0.19372496849455373,3.7534212645819784,0.22099447513812154,0.24,4.281767955801104,4.6499999999999995,EXCESO,389.8,217.66537313432835,1.790822280948848,EXCESO,ALTA,MODERADA,0.1111111111111111,0.0,0.0,0.675,estable,3502700090
3502700147,GUAYABETAL RIO NEGRO 2,CUNDINAMARCA,GUAYABETAL,4.21602,-73.81577,0.0,,,,,,,,,,sin_datos,,,,sin_datos,BAJA,MODERADA,0.0,0.0,1.0,,,3502700147
3503500062,EL CALVARIO,META,EL CALVARIO,4.35045,-73.711673,0.03225806451612903,0.012155049251823445,0.3439719803804544,estable,0.06102150537634408,1.8916666666666664,0.02247191011235955,0.125,0.6966292134831461,3.875,EXCESO,40.6,0.6604651162790698,61.471830985915496,EXCESO,ALTA,LEVE,0.08403361344537816,0.0,0.0,2.704545454545454,estable,3503500062
3503500062,EL CALVARIO - AUT,META,EL CALVARIO,4.350355556,-73.711511111,0.0571870170015456,0.012155049251823445,0.3439719803804544,estable,0.06102150537634408,1.067051729148503,0.02247191011235955,0.125,0.39295475250531425,2.185810810810811,EXCESO,40.6,0.6604651162790698,61.471830985915496,EXCESO,ALTA,LEVE,0.08403361344537816,0.0,0.0,2.704545454545454,estable,3503500062
3505500061,MEDINA,CUNDINAMARCA,MEDINA,4.506483,-73.34708,0.0196078431372549,-0.005619312544866087,0.0007419948422352957,decreciente,0.040830479763280914,2.0823544679273267,0.0,0.0,0.0,0.0,DEFICIT,45.6,569.129348244996,0.08012238367361499,DEFICIT,MODERADA,SEVERA,0.10483870967741936,1.0,70.0,0.5839874411302982,estable,3505500061
3505500061,MEDINA,CUNDINAMARCA,MEDINA,4.51,-73.349997222,0.12337662337662338,-0.005619312544866087,0.0007419948422352957,decreciente,0.040830479763280914,0.33094178334448743,0.0,0.0,0.0,0.0,DEFICIT,45.6,569.129348244996,0.08012238367361499,DEFICIT,ALTA,SEVERA,0.10483870967741936,1.0,70.0,0.5839874411302982,estable,3505500061
3505500061,MEDINA - AUT,CUNDINAMARCA,MEDINA,4.506638889,-73.347111111,0.043583535108958835,-0.005619312544866087,0.0007419948422352957,decreciente,0.040830479763280914,0.9368326745686122,0.0,0.0,0.0,0.0,DEFICIT,45.6,569.129348244996,0.08012238367361499,DEFICIT,BAJA,SEVERA,0.10483870967741936,1.0,70.0,0.5839874411302982,estable,3505500061
3505500121,PIDEMONTE CHINGAZA,CUNDINAMARCA,MEDINA,4.517247222,-73.439813889,0.06857142857142857,-0.010041876375967396,0.0001415087825024327,decreciente,0.0642782508728568,0.9373911585624949,0.0,0.0,0.0,0.0,DEFICIT,74.6,1827.9440860215054,0.04081087631206808,DEFICIT,BAJA,NORMAL,0.08163265306122448,0.0,1.0,1.0,estable,3505500121
3507500046,GRANJA GUAYATA,BOYACÁ,GUAYATÁ,4.97608,-73.48264,0.0,0.0,,estable,0.0,,0.0,0.0,,,sin_datos,0.4,109.0176906779661,0.0036691292717031037,DEFICIT,BAJA,ALTA,0.08396946564885496,0.0,93.0,5.954545454545454,insuficiente,3507500046
3507500046,GRANJA GUAYATA - AUT,BOYACÁ,GUAYATÁ,4.976083333,-73.484027778,0.050271739130434784,0.0,,estable,0.0,0.0,0.0,0.0,0.0,0.0,DEFICIT,0.4,109.0176906779661,0.0036691292717031037,DEFICIT,BAJA,ALTA,0.08396946564885496,0.0,93.0,5.954545454545454,insuficiente,3507500046
3507500133,TEATINOS - AUT,BOYACÁ,BOYACÁ,5.422822222,-73.375777778,0.06818181818181818,,,,,,,,,,sin_datos,,,,sin_datos,BAJA,MODERADA,0.1111111111111111,0.0,1.0,,,3507500133
3508700103,PUENTE CAMPANA - AUT,BOYACÁ,SANTA MARÍA,4.844166667,-73.223030556,0.05555555555555555,,,,,,,,,,sin_datos,,,,sin_datos,BAJA,ALTA,0.125,0.0,15.0,,,3508700103
3516700232,EL TOBAL,BOYACÁ,AQUITANIA,5.512222222,-72.865555556,0.06857142857142857,-0.0002245286469384735,0.9106310750037597,estable,0.0774282926780661,1.1291626015551306,0.08298755186721991,0.09375,1.210235131396957,1.3671875,EXCESO,401.4,368.08344086021503,1.0905136049095927,NORMAL,MODERADA,NORMAL,0.05102040816326531,0.07142857142857142,0.0,1.0,estable,3516700232
3518500127,GUADUALITO,CASANARE,MONTERREY,4.987080556,-72.8651,0.2,0.0335804094895004,0.0947914764904257,estable,0.3081680945317309,1.5408404726586544,0.34854771784232363,0.38125,1.742738589211618,1.9062499999999998,EXCESO,1227.2,100.07333333333334,12.263007128106056,EXCESO,CRÍTICA,MODERADA,0.10204081632653061,0.0,0.0,0.5444444444444444,estable,3518500127
3518500127,GUADUALITO - AUT,CASANARE,MONTERREY,4.987080556,-72.8651,0.04854368932038835,0.0335804094895004,0.0947914764904257,estable,0.3081680945317309,6.348262747353656,0.34854771784232363,0.38125,7.180082987551867,7.85375,EXCESO,1227.2,100.07333333333334,12.263007128106056,EXCESO,ALTA,MODERADA,0.10204081632653061,0.0,0.0,0.5444444444444444,estable,3518500127
3518700145,TUA BALNEARIO - AUT,CASANARE,MONTERREY,4.88565,-72.900888889,0.05689277899343545,-0.04197588126159554,0.09409709700232617,estable,0.09910327767470625,1.7419306883592598,0.12418300653594772,0.05555555555555555,2.1827551533433884,0.9764957264957265,NORMAL,915.6,756.7665853658536,1.2098842862589652,EXCESO,ALTA,NORMAL,0.1,0.058823529411764705,0.0,1.0714285714285714,estable,3518700145
3519700092,MANI,CASANARE,MANI,4.816419444,-72.30865,0.03767123287671233,-0.003032530041570998,0.2514114243119497,estable,0.04382365687704953,1.163318891645315,0.04081632653061224,0.02608695652173913,1.0834879406307978,0.6924901185770751,DEFICIT,229.4,195.70603174603173,1.1721662227441874,EXCESO,ALTA,NORMAL,0.0915032679738562,0.0,0.0,1.1066907775768535,estable,3519700092
3519700092,MANI - AUT,CASANARE,MANI,4.816419444,-72.30865,0.06313645621181263,-0.003032530041570998,0.2514114243119497,estable,0.04382365687704953,0.6941101782784297,0.04081632653061224,0.02608695652173913,0.6464779460171164,0.41318373071528747,DEFICIT,229.4,195.70603174603173,1.1721662227441874,EXCESO,ALTA,NORMAL,0.0915032679738562,0.0,0.0,1.1066907775768535,estable,3519700092
3526500201,LA PRIMAVERA,VICHADA,LA PRIMAVERA,5.4807472,-70.4213269,0.06741573033707865,-0.005477621155989276,0.18302095428882226,estable,0.09242016943629847,1.3708991799717607,0.06639004149377593,0.06875,0.9847856154910097,1.0197916666666669,NORMAL,883.3,632.6218762915003,1.3962526954932426,EXCESO,ALTA,MODERADA,0.10382513661202186,0.0,0.0,0.8989473684210526,estable,3526500201
3526500201,LA PRIMAVERA,VICHADA,LA PRIMAVERA,5.480888889,-70.421305556,0.06521739130434782,-0.005477621155989276,0.18302095428882226,estable,0.09242016943629847,1.41710926468991,0.06639004149377593,0.06875,1.0179806362378976,1.0541666666666667,NORMAL,883.3,632.6218762915003,1.3962526954932426,EXCESO,ALTA,MODERADA,0.10382513661202186,0.0,0.0,0.8989473684210526,estable,3526500201
3526500201,LA PRIMAVERA,VICHADA,LA PRIMAVERA,5.48088889,-70.42130556,0.051188299817184646,-0.005477621155989276,0.18302095428882226,estable,0.09242016943629847,1.8054940243448308,0.06639004149377593,0.06875,1.2969768820391225,1.3430803571428571,EXCESO,883.3,632.6218762915003,1.3962526954932426,EXCESO,ALTA,MODERADA,0.10382513661202186,0.0,0.0,0.8989473684210526,estable,3526500201
3602700101,SAN SALVADOR,ARAUCA,TAME,6.227680556,-71.618483333,0.014925373134328358,-0.0011630856897527466,0.09031262517207331,estable,0.005210467771207775,0.3491013406709209,0.0,0.0,0.0,0.0,DEFICIT,14.4,296.77109936658087,0.048522245025660916,DEFICIT,BAJA,ALTA,0.10377358490566038,0.6666666666666666,0.0,6.883116883116883,estable,3602700101
3602700101,SAN SALVADOR - AUT,ARAUCA,TAME,6.227680556,-71.618483333,0.0594855305466238,-0.0011630856897527466,0.09031262517207331,estable,0.005210467771207775,0.08759218793760097,0.0,0.0,0.0,0.0,DEFICIT,14.4,296.77109936658087,0.048522245025660916,DEFICIT,BAJA,ALTA,0.10377358490566038,0.6666666666666666,0.0,6.883116883116883,estable,3602700101
3701500114,CHINACOTA,NORTE DE SANTANDER,TOLEDO,7.401216667,-72.550275,0.05660377358490566,-0.0051015103455405095,0.2154063269921914,estable,0.08052510512187931,1.4226101904865345,0.06639004149377593,0.05,1.1728907330567082,0.8833333333333334,NORMAL,156.0,194.44733778682766,0.8022737764145816,DEFICIT,MODERADA,NORMAL,0.08955223880597014,0.0,0.0,0.9023569023569025,estable,3701500114
3701500114,CHINACOTA - AUT,NORTE DE SANTANDER,TOLEDO,7.401216667,-72.550275,0.05574912891986063,-0.0051015103455405095,0.2154063269921914,estable,0.08052510512187931,1.44441907312371,0.06639004149377593,0.05,1.1908713692946058,0.8968750000000001,NORMAL,156.0,194.44733778682766,0.8022737764145816,DEFICIT,MODERADA,NORMAL,0.08955223880597014,0.0,0.0,0.9023569023569025,estable,3701500114
3701500117,EL PORTILLO,NORTE DE SANTANDER,SILOS,7.40122,-72.55028,0.03910614525139665,-0.00613182516408323,0.09617571898022868,estable,0.021665968440161987,0.554029764398428,0.0,0.0,0.0,0.0,DEFICIT,,,,sin_datos,BAJA,ALTA,0.06896551724137931,0.0,180.0,0.763157894736842,estable,3701500117
3701500117,EL PORTILLO - AUT,NORTE DE SANTANDER,SILOS,7.056497222,-72.790291667,0.06451612903225806,-0.00613182516408323,0.09617571898022868,estable,0.021665968440161987,0.3358225108225108,0.0,0.0,0.0,0.0,DEFICIT,,,,sin_datos,BAJA,ALTA,0.06896551724137931,0.0,180.0,0.763157894736842,estable,3701500117
3702500113,CAMPO HERMOSO - AUT,NORTE DE SANTANDER,TOLEDO,7.099138889,-72.300419444,0.012345679012345678,,,,,,,,,,sin_datos,,,,sin_datos,BAJA,ALTA,0.25,0.0,135.0,,,3702500113
3706500109,ARAUCA TERMINAL,ARAUCA,ARAUCA,7.063780556,-70.733080556,0.014705882352941176,-0.001987643692712817,0.10082134981536911,estable,0.008823421841855021,0.5999926852461415,0.0,0.0,0.0,0.0,DEFICIT,0.1,505.6664417539721,0.00019775882230415874,DEFICIT,BAJA,ALTA,0.06944444444444445,0.0,136.0,1.6615384615384616,estable,3706500109
3706500109,ARAUCA TERMINAL,ARAUCA,ARAUCA,7.06378056,-70.73308056,0.0,-0.001987643692712817,0.10082134981536911,estable,0.008823421841855021,,0.0,0.0,,,sin_datos,0.1,505.6664417539721,0.00019775882230415874,DEFICIT,BAJA,ALTA,0.06944444444444445,0.0,136.0,1.6615384615384616,estable,3706500109
3706500109,ARAUCA TERMINAL - AUT,ARAUCA,ARAUCA,7.063780556,-70.733080556,0.08823529411764706,-0.001987643692712817,0.10082134981536911,estable,0.008823421841855021,0.0999987808743569,0.0,0.0,0.0,0.0,DEFICIT,0.1,505.6664417539721,0.00019775882230415874,DEFICIT,BAJA,ALTA,0.06944444444444445,0.0,136.0,1.6615384615384616,estable,3706500109
4403700097,SUCRE,CAQUETA,FLORENCIA,1.784472222,-75.682527778,0.05917159763313609,-0.005993379807791958,0.007055951442181971,decreciente,0.06095272917390084,1.0301011230389243,0.029045643153526972,0.025,0.49087136929460584,0.42250000000000004,DEFICIT,9.899999999999999,79.81251464222052,0.12404069768230226,DEFICIT,BAJA,ALTA,0.10377358490566038,1.0,35.0,0.9833024118738404,creciente,4403700097
4403700097,SUCRE - AUT,CAQUETA,FLORENCIA,1.784472222,-75.682527778,0.06779661016949153,-0.005993379807791958,0.007055951442181971,decreciente,0.06095272917390084,0.8990527553150375,0.029045643153526972,0.025,0.42842323651452285,0.36875,DEFICIT,9.899999999999999,79.81251464222052,0.12404069768230226,DEFICIT,BAJA,ALTA,0.10377358490566038,1.0,35.0,0.9833024118738404,creciente,4403700097
5102500128,RESERVA NATURAL LA PLANADA,NARIÑO,RICAURTE,1.157833333,-77.9765,0.1111111111111111,-0.020357142857142848,0.8410703333216801,estable,0.39561224489795915,3.5605102040816328,0.8131868131868132,0.18181818181818182,7.318681318681319,1.6363636363636365,EXCESO,0.0,13.037288135593219,0.0,DEFICIT,CRÍTICA,ALTA,0.10144927536231885,0.0,9.0,0.9857142857142857,estable,5102500128
5102500128,RESERVA NATURAL LA PLANADA - AUT,NARIÑO,RICAURTE,1.157833333,-77.9765,0.04565217391304348,-0.020357142857142848,0.8410703333216801,estable,0.39561224489795915,8.665792031098153,0.8131868131868132,0.18181818181818182,17.81266352694924,3.982683982683983,EXCESO,0.0,13.037288135593219,0.0,DEFICIT,MODERADA,ALTA,0.10144927536231885,0.0,9.0,0.9857142857142857,estable,5102500128
5202500132,SANTIAGO - AUT,CAUCA,SAN SEBASTIAN,1.81414167,-76.78283333,0.06550218340611354,,,,,,,,,,sin_datos,,,,sin_datos,BAJA,NORMAL,0.09302325581395349,0.0,1.0,,,5202500132
5204700100,PUENTE LOS DOLORES,NARIÑO,PASTO,1.199805556,-77.265694444,0.08695652173913043,-0.001598992025879819,0.5631132137640228,estable,0.109518103449262,1.259458189666513,0.10084033613445378,0.15,1.1596638655462186,1.725,EXCESO,99.0,41.40234154678821,2.3911691054507505,EXCESO,ALTA,MODERADA,0.10588235294117647,0.07692307692307693,12.0,0.9563994374120957,estable,5204700100
5204700100,PUENTE LOS DOLORES - AUT,NARIÑO,PASTO,1.199805556,-77.265694444,0.01090909090909091,-0.001598992025879819,0.5631132137640228,estable,0.109518103449262,10.039159482849016,0.10084033613445378,0.15,9.243697478991596,13.749999999999998,EXCESO,99.0,41.40234154678821,2.3911691054507505,EXCESO,ALTA,MODERADA,0.10588235294117647,0.07692307692307693,12.0,0.9563994374120957,estable,5204700100
5205500123,LAS IGLESIAS,NARIÑO,PASTO,1.054805556,-77.27025,0.047058823529411764,0.03304203573459862,0.0013836734085237903,creciente,0.28567438108448584,6.070580598045324,0.5435684647302904,0.5,11.550829875518671,10.625,EXCESO,118.2,13.099536340852131,9.02322012966079,EXCESO,ALTA,MODERADA,0.10294117647058823,0.0,2.0,0.7962529274004684,decreciente,5205500123
5205500123,LAS IGLESIAS  - AUT,NARIÑO,PASTO,1.054805556,-77.27025,0.02857142857142857,0.03304203573459862,0.0013836734085237903,creciente,0.28567438108448584,9.998603337957004,0.5435684647302904,0.5,19.024896265560166,17.5,EXCESO,118.2,13.099536340852131,9.02322012966079,EXCESO,ALTA,MODERADA,0.10294117647058823,0.0,2.0,0.7962529274004684,decreciente,5205500123
5311500056,UNIVERSIDAD DEL PACIFICO - AUT,VALLE DEL CAUCA,BUENAVENTURA,3.848308333,-76.987016667,0.058394160583941604,,,,,,,,,,sin_datos,,,,sin_datos,BAJA,NORMAL,0.01639344262295082,0.0,0.0,,,5311500056
5311500121,LA CUMBRE,VALLE DEL CAUCA,LA CUMBRE,3.645194444,-76.56475,0.055232558139534885,-0.00250495834677797,0.26974400790134945,estable,0.05060964002515317,0.9163008509817205,0.03319502074688797,0.0,0.6010045861541822,0.0,DEFICIT,0.0,119.6068903061708,0.0,DEFICIT,BAJA,ALTA,0.09230769230769231,0.0,192.0,1.5234375,estable,5311500121
5311500121,LA CUMBRE - AUT,VALLE DEL CAUCA,LA CUMBRE,3.645194444,-76.56475,0.054628224582701064,-0.00250495834677797,0.26974400790134945,estable,0.05060964002515317,0.9264375771271094,0.03319502074688797,0.0,0.6076532964499769,0.0,DEFICIT,0.0,119.6068903061708,0.0,DEFICIT,BAJA,ALTA,0.09230769230769231,0.0,192.0,1.5234375,estable,5311500121
5311500149,COLEGIO VASCO NUÑEZ DE BALBOA,VALLE DEL CAUCA,BUENAVENTURA,3.88419444,-77.04938056,0.07692307692307693,,,,,,,,,,sin_datos,,,,sin_datos,BAJA,MODERADA,0.11764705882352941,0.0,3.0,,,5311500149
5311700154,PUENTE ZACARIAS - AUT,VALLE DEL CAUCA,BUENAVENTURA,3.814527778,-77.005416667,0.08333333333333333,,,,,,,,,,sin_datos,,,,sin_datos,BAJA,ALTA,0.5,0.0,20.0,,,5311700154
