COD_DPTO,NOM_DPTO,COD_MPIO,NOM_MPIO,frecuencia_extremos,frecuencia_reciente,ratio_reciente,tendencia,alerta_lluvias,ratio_anio_corrido,ratio_ultimos_6m,condicion_lluvia_6m,ratio_volumen_3m,condicion_lluvia_3m,sequia_categoria,freq_sequia_hist,freq_sequia_rec_3m,racha_activa_dias,tendencia_sequia,n_estaciones,distancia_km_estacion_asignada,sequia_nivel,municipio_afectado
5,ANTIOQUIA,5001,MEDELLÍN,0.05537459283387622,,,sin_datos,BAJA,,,sin_datos,,sin_datos,MODERADA,0.09219858156028368,0.0,9.0,sin_datos,1,3.1857266891384253,2,1
5,ANTIOQUIA,5002,ABEJORRAL,0.08659217877094973,0.11467595986022255,2.7994425495289623,estable,MODERADA,2.0258725896997802,2.2886029411764706,EXCESO,0.9946690858478519,NORMAL,NORMAL,0.0898876404494382,0.0,0.0,estable,2,14.439225456689579,0,1
5,ANTIOQUIA,5004,ABRIAQUÍ,0.10285714285714286,0.09254322316588519,2.7608728244489082,estable,ALTA,3.2185338865836792,2.2375,EXCESO,3.6462368941830148,EXCESO,ALTA,0.11320754716981132,0.0,0.0,estable,2,1.9438030424729815,3,1
5,ANTIOQUIA,5021,ALEJANDRÍA,0.06876790830945559,0.10372785115830845,1.5083758355937353,estable,MODERADA,1.7180028129395217,0.9321581196581196,NORMAL,1.0422043120918778,NORMAL,MODERADA,0.08928571428571429,0.125,0.0,estable,1,18.982738566833312,2,1
5,ANTIOQUIA,5030,AMAGÁ,0.06857142857142857,0.08950485110322441,1.3052790785886892,estable,MODERADA,1.210235131396957,1.3671875,EXCESO,0.584918686236053,DEFICIT,MODERADA,0.10091743119266056,0.3,0.0,estable,1,9.386048648566993,2,0
5,ANTIOQUIA,5031,AMALFI,0.06962025316455696,0.034301882904033444,0.49269977262157133,decreciente,BAJA,0.12544660579595077,0.17954545454545456,DEFICIT,1.0873772765494212,NORMAL,NORMAL,0.08045977011494253,0.05555555555555555,1.0,estable,1,13.141430369761647,0,1
5,ANTIOQUIA,5034,ANDES,0.056241426611796985,,,sin_datos,BAJA,,,sin_datos,,sin_datos,MODERADA,0.0962962962962963,0.0,4.0,sin_datos,1,6.799969044730897,2,1
5,ANTIOQUIA,5036,ANGELÓPOLIS,0.06876790830945559,0.07997814592434534,1.163015538649855,decreciente,MODERADA,0.7876736111111111,0.4572851153039832,DEFICIT,0.6390017765289179,DEFICIT,ALTA,0.10377358490566038,0.3,0.0,creciente,1,7.98406854226528,3,0
5,ANTIOQUIA,5038,ANGOSTURA,0.08139534883720931,0.07805360923318073,1.7597540990753473,creciente,MODERADA,,,sin_datos,,sin_datos,MODERADA,0.10465116279069768,0.0,0.0,decreciente,2,5.604724679086282,2,0
5,ANTIOQUIA,5040,ANORÍ,0.06686046511627906,0.09065291769544481,1.3558523342275226,estable,MODERADA,2.2590579710144927,1.2126909518213869,EXCESO,0.3421763086519909,DEFICIT,MODERADA,0.09375,0.18181818181818182,3.0,estable,1,14.187785105931441,2,1
5,ANTIOQUIA,5042,SANTA FÉ DE ANTIOQUIA,0.057692307692307696,0.05710953348908565,1.0365380328269045,estable,BAJA,0.561340206185567,0.45375,DEFICIT,0.5075204535691218,DEFICIT,MODERADA,0.0979381443298969,0.25,1.0,estable,2,4.919636706389633,2,1
5,ANTIOQUIA,5044,ANZÁ,0.06876790830945559,0.07997814592434534,1.163015538649855,decreciente,MODERADA,0.7876736111111111,0.4572851153039832,DEFICIT,0.6390017765289179,DEFICIT,ALTA,0.10377358490566038,0.3,0.0,creciente,1,21.41429651072446,3,1
5,ANTIOQUIA,5045,APARTADÓ,0.05,0.1798733253278708,3.5974665065574154,estable,ALTA,3.0927835051546393,2.5,EXCESO,1.5357648804129378,EXCESO,MODERADA,0.0707070707070707,0.16666666666666666,0.0,estable,1,13.285948372659654,2,1
5,ANTIOQUIA,5051,ARBOLETES,0.06557377049180328,0.17455858273830624,5.411316064887494,estable,MODERADA,7.209302325581396,6.2,EXCESO,,sin_datos,MODERADA,0.10377358490566038,0.0,1.0,estable,2,28.71261669422389,2,1
5,ANTIOQUIA,5055,ARGELIA,0.03515185601799775,0.27952715715856036,7.951988566846725,estable,ALTA,8.144863070539419,7.6453999999999995,EXCESO,6.891346019173122,EXCESO,NORMAL,0.09302325581395349,0.0,0.0,estable,1,5.483032700525438,0,1
5,ANTIOQUIA,5059,ARMENIA,0.06876790830945559,0.07997814592434534,1.163015538649855,decreciente,MODERADA,0.7876736111111111,0.4572851153039832,DEFICIT,0.6390017765289179,DEFICIT,ALTA,0.10377358490566038,0.3,0.0,creciente,1,3.7879727376632024,3,1
5,ANTIOQUIA,5079,BARBOSA,0.06876790830945559,0.10372785115830845,1.5083758355937353,estable,MODERADA,1.7180028129395217,0.9321581196581196,NORMAL,1.0422043120918778,NORMAL,MODERADA,0.08928571428571429,0.125,0.0,estable,1,16.78195957590572,2,0
5,ANTIOQUIA,5086,BELMIRA,0.07452725250278086,0.0,0.0,estable,BAJA,0.0,0.0,DEFICIT,0.0,DEFICIT,ALTA,0.10714285714285714,0.0,565.0,sin_datos,2,5.946061296940093,3,0
5,ANTIOQUIA,5088,BELLO,0.07078853046594982,0.004629629629629629,0.06540084388185653,estable,BAJA,0.1758495719312989,0.26487341772151896,DEFICIT,1.0944951646910372,NORMAL,MODERADA,0.10526315789473684,0.0,0.0,insuficiente,2,5.26291025308013,2,1
5,ANTIOQUIA,5091,BETANIA,0.056241426611796985,,,sin_datos,BAJA,,,sin_datos,,sin_datos,MODERADA,0.0962962962962963,0.0,4.0,sin_datos,1,10.951164900751433,2,1
5,ANTIOQUIA,5093,BETULIA,0.0,,,sin_datos,BAJA,,,sin_datos,,sin_datos,MODERADA,0.06880733944954129,0.0,5.0,sin_datos,1,16.326744558596534,2,1
5,ANTIOQUIA,5101,CIUDAD BOLÍVAR,0.05606523955147808,,,sin_datos,BAJA,,,sin_datos,,sin_datos,MODERADA,0.09285714285714286,0.0,9.0,sin_datos,1,3.793339781910118,2,1
5,ANTIOQUIA,5107,BRICEÑO,0.20949720670391062,0.27184479199756123,1.2976058071350256,estable,CRÍTICA,1.3408239700374533,1.03340206185567,NORMAL,3.52223029254045,EXCESO,NORMAL,0.09090909090909091,0.0,0.0,estable,1,14.176125163149141,0,1
5,ANTIOQUIA,5113,BURITICÁ,0.07164179104477612,0.08119038430832043,1.1332824476369725,decreciente,MODERADA,0.23263888888888887,0.3489583333333333,DEFICIT,0.6567687783384247,DEFICIT,NORMAL,0.07042253521126761,0.0,1.0,estable,1,14.124569270155629,0,1
5,ANTIOQUIA,5120,CÁCERES,0.05825242718446602,0.06841895482944874,1.5009408215710316,estable,MODERADA,1.9115663900414936,1.37109375,EXCESO,0.3765502548554661,DEFICIT,MODERADA,0.10052910052910052,0.0,0.0,estable,2,21.946963410776473,2,1
5,ANTIOQUIA,5125,CAICEDO,0.057692307692307696,0.05710953348908565,1.0365380328269045,estable,BAJA,0.561340206185567,0.45375,DEFICIT,0.5075204535691218,DEFICIT,MODERADA,0.0979381443298969,0.25,1.0,estable,2,20.409628831769123,2,1
5,ANTIOQUIA,5129,CALDAS,0.06857142857142857,0.08950485110322441,1.3052790785886892,estable,MODERADA,1.210235131396957,1.3671875,EXCESO,0.584918686236053,DEFICIT,MODERADA,0.10091743119266056,0.3,0.0,estable,1,0.700893064038673,2,0
5,ANTIOQUIA,5134,CAMPAMENTO,0.11173184357541899,0.14429499112746197,1.2914401705907848,estable,CRÍTICA,1.0306060606060607,0.6392857142857142,DEFICIT,6.323838080959519,EXCESO,MODERADA,0.11290322580645161,0.0,1.0,estable,2,14.817956493185287,2,1
5,ANTIOQUIA,5138,CAÑASGORDAS,0.08695652173913043,0.0521889400921659,0.9156786761625472,estable,BAJA,0.0,,sin_datos,,sin_datos,MODERADA,0.1111111111111111,0.0,4.0,estable,2,6.306091288015322,2,1
5,ANTIOQUIA,5142,CARACOLÍ,0.20212765957446807,0.2571120777370777,5.483253363108626,estable,MODERADA,6.021547987616099,12.79578947368421,EXCESO,,sin_datos,NORMAL,0.09217877094972067,0.0,0.0,estable,2,9.554546679384744,0,1
5,ANTIOQUIA,5145,CARAMANTA,0.054287476866132015,,,sin_datos,BAJA,,,sin_datos,,sin_datos,MODERADA,0.10175438596491228,0.0,3.0,sin_datos,1,11.359011282250504,2,1
5,ANTIOQUIA,5147,CAREPA,0.05,0.1798733253278708,3.5974665065574154,estable,ALTA,3.0927835051546393,2.5,EXCESO,1.5357648804129378,EXCESO,MODERADA,0.0707070707070707,0.16666666666666666,0.0,estable,1,3.0051642657020725,2,1
5,ANTIOQUIA,5148,EL CARMEN DE VIBORAL,0.0759493670886076,0.06124054161688571,0.8063337979556618,estable,ALTA,0.8195020746887967,1.234375,EXCESO,2.455026455026455,EXCESO,MODERADA,0.08771929824561403,0.23076923076923078,0.0,estable,1,11.83909045926296,2,1
5,ANTIOQUIA,5150,CAROLINA,0.08139534883720931,0.07805360923318073,1.7597540990753473,creciente,MODERADA,,,sin_datos,,sin_datos,MODERADA,0.10465116279069768,0.0,0.0,decreciente,2,16.273117451356637,2,1
5,ANTIOQUIA,5154,CAUCASIA,0.06830601092896176,0.06067479396732109,0.8882789836815806,estable,BAJA,0.6074688796680497,0.8234999999999999,DEFICIT,0.897898923006025,NORMAL,NORMAL,0.06896551724137931,0.0,1.0,estable,1,15.108810245052865,0,1
5,ANTIOQUIA,5172,CHIGORODÓ,0.05147704007019596,,,sin_datos,BAJA,,,sin_datos,,sin_datos,ALTA,0.09225092250922509,0.0,53.0,sin_datos,1,7.430576013271295,3,1
5,ANTIOQUIA,5190,CISNEROS,0.05271317829457364,,,sin_datos,BAJA,,,sin_datos,,sin_datos,ALTA,0.10317460317460317,0.0,17.0,sin_datos,1,4.946624975445898,3,0
5,ANTIOQUIA,5197,COCORNÁ,0.05474452554744526,,,sin_datos,BAJA,,,sin_datos,,sin_datos,NORMAL,0.08300395256916997,0.0,3.0,sin_datos,1,6.889309305427445,0,1
5,ANTIOQUIA,5206,CONCEPCIÓN,0.06876790830945559,0.10372785115830845,1.5083758355937353,estable,MODERADA,1.7180028129395217,0.9321581196581196,NORMAL,1.0422043120918778,NORMAL,MODERADA,0.08928571428571429,0.125,0.0,estable,1,8.122313730889399,2,1
5,ANTIOQUIA,5209,CONCORDIA,0.0,,,sin_datos,BAJA,,,sin_datos,,sin_datos,MODERADA,0.06880733944954129,0.0,5.0,sin_datos,1,2.890763275625615,2,1
5,ANTIOQUIA,5212,COPACABANA,0.07078853046594982,0.004629629629629629,0.06540084388185653,estable,BAJA,0.1758495719312989,0.26487341772151896,DEFICIT,1.0944951646910372,NORMAL,MODERADA,0.10526315789473684,0.0,0.0,insuficiente,2,6.1887723803185954,2,0
5,ANTIOQUIA,5234,DABEIBA,0.056818181818181816,0.05996992467804397,1.055470674333574,estable,BAJA,1.3655172413793104,0.6726114649681528,DEFICIT,0.655187645194747,DEFICIT,MODERADA,0.09448818897637795,0.23076923076923078,1.0,estable,1,3.493552416082048,2,1
5,ANTIOQUIA,5237,DONMATÍAS,0.07078853046594982,0.004629629629629629,0.06540084388185653,estable,BAJA,0.1758495719312989,0.26487341772151896,DEFICIT,1.0944951646910372,NORMAL,MODERADA,0.10526315789473684,0.0,0.0,insuficiente,2,23.02556713270259,2,1
5,ANTIOQUIA,5240,EBÉJICO,0.06876790830945559,0.07997814592434534,1.163015538649855,decreciente,MODERADA,0.7876736111111111,0.4572851153039832,DEFICIT,0.6390017765289179,DEFICIT,ALTA,0.10377358490566038,0.3,0.0,creciente,1,18.249333125905114,3,1
5,ANTIOQUIA,5250,EL BAGRE,0.06845238095238096,0.06355516763552577,0.9284581011102894,estable,BAJA,0.7491638795986622,0.9187858900738309,NORMAL,0.7840970622516313,DEFICIT,NORMAL,0.0847457627118644,0.0,0.0,estable,1,20.06584355147635,0,1
5,ANTIOQUIA,5264,ENTRERRÍOS,0.07452725250278086,0.0,0.0,estable,BAJA,0.0,0.0,DEFICIT,0.0,DEFICIT,ALTA,0.10714285714285714,0.0,565.0,sin_datos,2,10.303467061854464,3,1
5,ANTIOQUIA,5266,ENVIGADO,0.06876790830945559,0.08665304828890287,1.260079743867796,estable,ALTA,0.9050829875518672,1.090625,NORMAL,2.95673822746328,EXCESO,MODERADA,0.09821428571428571,0.3,1.0,estable,1,5.7633262032922286,2,1
5,ANTIOQUIA,5282,FREDONIA,0.0673854447439353,0.07001796130548286,1.0390665457733659,decreciente,BAJA,0.4926141078838175,0.37100000000000005,DEFICIT,0.4007235222378031,DEFICIT,MODERADA,0.08771929824561403,0.42857142857142855,1.0,estable,1,4.3032965133049155,2,1
5,ANTIOQUIA,5284,FRONTINO,0.06876790830945559,0.08477370296877794,1.2327509306709792,decreciente,MODERADA,0.9654218533886584,0.7270833333333334,DEFICIT,0.7337979893910785,DEFICIT,NORMAL,0.09174311926605505,0.0,0.0,estable,1,17.161023337268308,0,1
5,ANTIOQUIA,5306,GIRALDO,0.07164179104477612,0.08119038430832043,1.1332824476369725,decreciente,MODERADA,0.23263888888888887,0.3489583333333333,DEFICIT,0.6567687783384247,DEFICIT,NORMAL,0.07042253521126761,0.0,1.0,estable,1,5.1761802773060435,0,1
5,ANTIOQUIA,5308,GIRARDOTA,0.07078853046594982,0.004629629629629629,0.06540084388185653,estable,BAJA,0.1758495719312989,0.26487341772151896,DEFICIT,1.0944951646910372,NORMAL,MODERADA,0.10526315789473684,0.0,0.0,insuficiente,2,12.785224463858238,2,0
5,ANTIOQUIA,5310,GÓMEZ PLATA,0.05271317829457364,,,sin_datos,BAJA,,,sin_datos,,sin_datos,ALTA,0.10317460317460317,0.0,17.0,sin_datos,1,16.626081613804725,3,1
5,ANTIOQUIA,5313,GRANADA,0.0,,,sin_datos,BAJA,,,sin_datos,,sin_datos,NORMAL,0.08300395256916997,0.0,3.0,sin_datos,1,9.428265762755016,0,1
5,ANTIOQUIA,5315,GUADALUPE,0.08139534883720931,0.07805360923318073,1.7597540990753473,creciente,MODERADA,,,sin_datos,,sin_datos,MODERADA,0.10465116279069768,0.0,0.0,decreciente,2,11.876739831795534,2,1
5,ANTIOQUIA,5318,GUARNE,0.026928343222272933,0.2005910612290386,7.4490680534376885,estable,MODERADA,7.427118644067797,5.138258181430551,EXCESO,0.7472323752636624,DEFICIT,MODERADA,0.1,0.3333333333333333,0.0,estable,1,10.87147282446329,2,0
5,ANTIOQUIA,5321,GUATAPÉ,0.06876790830945559,0.10372785115830845,1.5083758355937353,estable,MODERADA,1.7180028129395217,0.9321581196581196,NORMAL,1.0422043120918778,NORMAL,MODERADA,0.08928571428571429,0.125,0.0,estable,1,13.61286397050146,2,1
5,ANTIOQUIA,5347,HELICONIA,0.06876790830945559,0.07997814592434534,1.163015538649855,decreciente,MODERADA,0.7876736111111111,0.4572851153039832,DEFICIT,0.6390017765289179,DEFICIT,ALTA,0.10377358490566038,0.3,0.0,creciente,1,6.521513243356303,3,0
5,ANTIOQUIA,5353,HISPANIA,0.05555555555555555,0.1576460611564976,2.8376291008169567,estable,MODERADA,2.467741935483871,3.7674418604651168,EXCESO,1.0074074074074073,NORMAL,NORMAL,0.07692307692307693,0.0,1.0,estable,1,9.269219399811464,0,1
5,ANTIOQUIA,5360,ITAGÜÍ,0.02288620470438652,0.1399414746422694,6.114664989230271,estable,ALTA,5.801751959428308,3.003993055555556,EXCESO,1.4922256660233597,EXCESO,MODERADA,0.09476309226932668,0.1111111111111111,0.0,estable,1,5.393310670776863,2,1
5,ANTIOQUIA,5361,ITUANGO,0.06741573033707865,0.1068419736722682,1.5848226094719784,estable,MODERADA,1.679245283018868,2.6488095238095237,EXCESO,0.7619047619047619,DEFICIT,MODERADA,0.1111111111111111,0.0,5.0,estable,1,20.795142508875546,2,1
5,ANTIOQUIA,5364,JARDÍN,0.054455445544554455,,,sin_datos,BAJA,,,sin_datos,,sin_datos,MODERADA,0.10416666666666667,0.0,2.0,sin_datos,1,4.475348212236823,2,1
5,ANTIOQUIA,5368,JERICÓ,0.04951856946354883,,,sin_datos,BAJA,,,sin_datos,,sin_datos,MODERADA,0.11428571428571428,0.0,14.0,sin_datos,1,4.2424384969868205,2,1
5,ANTIOQUIA,5376,LA CEJA,0.039240506329113925,0.2038200489275758,5.194123827509189,estable,MODERADA,8.904003109211038,5.096774193548387,EXCESO,,sin_datos,MODERADA,0.10256410256410256,0.0,0.0,estable,1,11.489846299125569,2,1
5,ANTIOQUIA,5380,LA ESTRELLA,0.06857142857142857,0.08950485110322441,1.3052790785886892,estable,MODERADA,1.210235131396957,1.3671875,EXCESO,0.584918686236053,DEFICIT,MODERADA,0.10091743119266056,0.3,0.0,estable,1,10.231656048550406,2,1
5,ANTIOQUIA,5390,LA PINTADA,0.05481874447391689,0.03652263374485597,0.6662435284747112,estable,BAJA,0.4378064516129032,1.2437683284457477,EXCESO,0.8231329764222366,DEFICIT,NORMAL,0.0990990990990991,0.0,5.0,estable,1,6.176625709217996,0,1
5,ANTIOQUIA,5400,LA UNIÓN,0.0759493670886076,0.06124054161688571,0.8063337979556618,estable,ALTA,0.8195020746887967,1.234375,EXCESO,2.455026455026455,EXCESO,MODERADA,0.08771929824561403,0.23076923076923078,0.0,estable,1,7.167072678055776,2,0
5,ANTIOQUIA,5411,LIBORINA,0.06353591160220995,0.06270823041167707,0.9869730177837869,estable,BAJA,1.3061519033014612,0.2951086956521739,DEFICIT,0.4291832923771161,DEFICIT,NORMAL,0.09803921568627451,0.1,1.0,estable,1,9.96425520011713,0,1
5,ANTIOQUIA,5425,MACEO,0.05378973105134474,0.09296362045310153,33.373939742663445,creciente,ALTA,79.27916666666667,112.89308176100629,EXCESO,25.592271950238384,EXCESO,NORMAL,0.09090909090909091,0.0,1.0,estable,2,9.813444845351158,0,0
5,ANTIOQUIA,5440,MARINILLA,0.06818181818181818,,,sin_datos,BAJA,,,sin_datos,,sin_datos,ALTA,0.1111111111111111,0.0,44.0,sin_datos,1,3.905724933949063,3,0
5,ANTIOQUIA,5467,MONTEBELLO,0.08659217877094973,0.11467595986022255,2.7994425495289623,estable,MODERADA,2.0258725896997802,2.2886029411764706,EXCESO,0.9946690858478519,NORMAL,NORMAL,0.0898876404494382,0.0,0.0,estable,2,7.518628150894581,0,1
5,ANTIOQUIA,5475,MURINDÓ,0.05603448275862069,0.0,0.0,estable,BAJA,0.0,0.0,DEFICIT,0.04410860275468689,DEFICIT,MODERADA,0.07792207792207792,0.13333333333333333,1.0,decreciente,1,35.682770986658944,2,1
5,ANTIOQUIA,5480,MUTATÁ,0.06989247311827956,0.0499828986724148,0.7151399348514734,estable,BAJA,0.35620810724545166,0.5365384615384615,DEFICIT,0.9521706301370627,NORMAL,NORMAL,0.07575757575757576,0.07692307692307693,0.0,estable,1,10.492361684802349,0,1
5,ANTIOQUIA,5483,NARIÑO,0.2777777777777778,0.27952715715856036,1.0062977657708172,estable,CRÍTICA,1.0307053941908713,0.9674999999999999,NORMAL,6.891346019173122,EXCESO,NORMAL,0.09302325581395349,0.0,0.0,estable,1,17.52575026330752,0,1
5,ANTIOQUIA,5490,NECOCLÍ,0.06188925081433225,,,sin_datos,BAJA,,,sin_datos,,sin_datos,NORMAL,0.0967741935483871,0.0,8.0,sin_datos,1,36.19954502020714,0,1
5,ANTIOQUIA,5495,NECHÍ,0.09040178571428571,0.0757011507011507,0.8373855682497658,creciente,ALTA,1.9736693816915118,1.866666666666667,EXCESO,1.846398879708626,EXCESO,MODERADA,0.10138248847926268,0.2,1.0,estable,1,14.974866944475329,2,1
5,ANTIOQUIA,5501,OLAYA,0.0,0.06270823041167707,,estable,BAJA,,,sin_datos,0.4291832923771161,DEFICIT,NORMAL,0.09803921568627451,0.1,1.0,estable,1,6.705688098341972,0,1
5,ANTIOQUIA,5541,PEÑOL,0.06876790830945559,0.10372785115830845,1.5083758355937353,estable,MODERADA,1.7180028129395217,0.9321581196581196,NORMAL,1.0422043120918778,NORMAL,MODERADA,0.08928571428571429,0.125,0.0,estable,1,9.406304419163078,2,1
5,ANTIOQUIA,5543,PEQUE,0.08450704225352113,0.1068419736722682,1.2642966884551738,estable,MODERADA,1.339622641509434,2.113095238095238,EXCESO,0.7619047619047619,DEFICIT,MODERADA,0.1111111111111111,0.0,5.0,estable,1,19.097321517755915,2,1
5,ANTIOQUIA,5576,PUEBLORRICO,0.04951856946354883,,,sin_datos,BAJA,,,sin_datos,,sin_datos,MODERADA,0.11428571428571428,0.0,14.0,sin_datos,1,7.979138804026893,2,1
5,ANTIOQUIA,5579,PUERTO BERRÍO,0.03305785123966942,0.05054738173017743,1.5290582973378672,creciente,MODERADA,1.6805555555555554,2.42,EXCESO,,sin_datos,NORMAL,0.09895833333333333,0.0,2.0,estable,1,14.11621198192083,0,1
5,ANTIOQUIA,5585,PUERTO NARE,0.11428571428571428,0.1726190476190476,3.13673469387755,insuficiente,MODERADA,,,sin_datos,,sin_datos,ALTA,0.10256410256410256,0.0,0.0,insuficiente,2,14.224332025908122,3,1
5,ANTIOQUIA,5591,PUERTO TRIUNFO,0.04953560371517028,,,sin_datos,BAJA,,,sin_datos,,sin_datos,NORMAL,0.1,0.0,0.0,sin_datos,1,10.484810759025162,0,1
5,ANTIOQUIA,5604,REMEDIOS,0.06857142857142857,0.11942589624166086,1.7416276535242208,estable,MODERADA,2.2994467496542184,1.640625,EXCESO,0.9496070495349748,NORMAL,MODERADA,0.0916030534351145,0.14285714285714285,0.0,estable,1,17.493610722648288,2,1
5,ANTIOQUIA,5607,RETIRO,0.039240506329113925,0.2038200489275758,5.194123827509189,estable,MODERADA,8.904003109211038,5.096774193548387,EXCESO,,sin_datos,MODERADA,0.10256410256410256,0.0,0.0,estable,1,1.0227541326802154,2,1
5,ANTIOQUIA,5615,RIONEGRO,0.08659217877094973,0.08965015816348215,1.8941329148564978,estable,BAJA,2.3670428094322435,2.5089557926829267,EXCESO,0.7716507268664413,DEFICIT,MODERADA,0.09549071618037135,0.2,0.0,estable,2,2.1291155369965282,2,0
5,ANTIOQUIA,5628,SABANALARGA,0.06353591160220995,0.06270823041167707,0.9869730177837869,estable,BAJA,1.3061519033014612,0.2951086956521739,DEFICIT,0.4291832923771161,DEFICIT,NORMAL,0.09803921568627451,0.1,1.0,estable,1,28.577597430533412,0,1
5,ANTIOQUIA,5631,SABANETA,0.116751269035533,0.2038200489275758,1.7457630277709753,estable,CRÍTICA,2.992666317443688,1.7130434782608697,EXCESO,,sin_datos,MODERADA,0.10256410256410256,0.0,0.0,estable,1,7.790569588564413,2,1
5,ANTIOQUIA,5642,SALGAR,0.05344202898550725,,,sin_datos,BAJA,,,sin_datos,,sin_datos,MODERADA,0.06880733944954129,0.0,5.0,sin_datos,1,10.360855085560628,2,1
5,ANTIOQUIA,5647,SAN ANDRÉS DE CUERQUÍA,0.037011651816312545,0.10017757153926972,2.7066495717739723,estable,ALTA,3.0269709543568464,2.0263888888888886,EXCESO,3.473312140956365,EXCESO,NORMAL,0.0963855421686747,0.0,6.0,estable,1,19.114494376454317,0,0
5,ANTIOQUIA,5649,SAN CARLOS,0.06876790830945559,0.091437459557572,1.3296530577330261,estable,ALTA,1.1464384508990317,1.6359375,EXCESO,3.033114925635749,EXCESO,MODERADA,0.06818181818181818,0.25,0.0,estable,1,15.10373349649563,2,1
5,ANTIOQUIA,5652,SAN FRANCISCO,0.08,0.0477935180444141,0.9956982925919603,decreciente,BAJA,0.0,0.0,DEFICIT,,sin_datos,MODERADA,0.11290322580645161,0.0,1.0,estable,2,18.155416753265676,2,1
5,ANTIOQUIA,5656,SAN JERÓNIMO,0.10062893081761007,0.08690440313224962,2.100497914005012,estable,CRÍTICA,2.1061181248344663,1.5106382978723405,EXCESO,1.2340016512689966,EXCESO,MODERADA,0.09693877551020408,0.125,1.0,estable,2,17.34592531996182,2,0
5,ANTIOQUIA,5658,SAN JOSÉ DE LA MONTAÑA,0.037011651816312545,0.10017757153926972,2.7066495717739723,estable,ALTA,3.0269709543568464,2.0263888888888886,EXCESO,3.473312140956365,EXCESO,NORMAL,0.0963855421686747,0.0,6.0,estable,1,13.734798678032451,0,0
5,ANTIOQUIA,5659,SAN JUAN DE URABÁ,0.06557377049180328,0.17455858273830624,5.411316064887494,estable,MODERADA,7.209302325581396,6.2,EXCESO,,sin_datos,MODERADA,0.10377358490566038,0.0,1.0,estable,2,45.04708684726186,2,1
5,ANTIOQUIA,5660,SAN LUIS,0.08,0.0477935180444141,0.9956982925919603,decreciente,BAJA,0.0,0.0,DEFICIT,,sin_datos,MODERADA,0.11290322580645161,0.0,1.0,estable,2,8.200541395685839,2,1
5,ANTIOQUIA,5664,SAN PEDRO DE LOS MILAGROS,0.07078853046594982,0.004629629629629629,0.06540084388185653,estable,BAJA,0.1758495719312989,0.26487341772151896,DEFICIT,1.0944951646910372,NORMAL,MODERADA,0.10526315789473684,0.0,0.0,insuficiente,2,14.307457456482183,2,1
5,ANTIOQUIA,5665,SAN PEDRO DE URABÁ,0.06557377049180328,0.17455858273830624,5.411316064887494,estable,MODERADA,7.209302325581396,6.2,EXCESO,,sin_datos,MODERADA,0.10377358490566038,0.0,1.0,estable,2,21.16621697431856,2,1
5,ANTIOQUIA,5667,SAN RAFAEL,0.06876790830945559,0.091437459557572,1.3296530577330261,estable,ALTA,1.1464384508990317,1.6359375,EXCESO,3.033114925635749,EXCESO,MODERADA,0.06818181818181818,0.25,0.0,estable,1,17.509296496435034,2,1
5,ANTIOQUIA,5670,SAN ROQUE,0.05,0.19143725140572096,3.828745028114419,estable,ALTA,3.6363636363636362,3.1999999999999997,EXCESO,1.88663967611336,EXCESO,MODERADA,0.10256410256410256,0.0,0.0,estable,1,9.94325634274886,2,1
5,ANTIOQUIA,5674,SAN VICENTE FERRER,0.06876790830945559,0.10372785115830845,1.5083758355937353,estable,MODERADA,1.7180028129395217,0.9321581196581196,NORMAL,1.0422043120918778,NORMAL,MODERADA,0.08928571428571429,0.125,0.0,estable,1,8.174653541180048,2,1
5,ANTIOQUIA,5679,SANTA BÁRBARA,0.08659217877094973,0.11467595986022255,2.7994425495289623,estable,MODERADA,2.0258725896997802,2.2886029411764706,EXCESO,0.9946690858478519,NORMAL,NORMAL,0.0898876404494382,0.0,0.0,estable,2,3.6837022918674416,0,1
5,ANTIOQUIA,5686,SANTA ROSA DE OSOS,0.10817941952506596,0.10017757153926972,0.9260316978873957,estable,CRÍTICA,1.0356239247039773,0.6932926829268292,DEFICIT,3.473312140956365,EXCESO,NORMAL,0.0963855421686747,0.0,6.0,estable,1,17.73165528387847,0,1
5,ANTIOQUIA,5690,SANTO DOMINGO,0.0659025787965616,0.09611510589261545,1.4584422589792518,estable,ALTA,2.0777557279451564,0.8535326086956523,NORMAL,1.2291892778243299,EXCESO,MODERADA,0.10126582278481013,0.0,0.0,estable,1,6.580010038816221,2,1
5,ANTIOQUIA,5697,EL SANTUARIO,0.05976095617529881,,,sin_datos,BAJA,,,sin_datos,,sin_datos,MODERADA,0.11904761904761904,0.0,1.0,sin_datos,1,2.7416603078336896,2,0
5,ANTIOQUIA,5736,SEGOVIA,0.0684931506849315,0.07246244479667419,1.057951694031443,estable,ALTA,1.4514619883040936,1.8116788321167885,EXCESO,1.3949545762936244,EXCESO,MODERADA,0.08235294117647059,0.13333333333333333,0.0,estable,1,20.856175366485036,2,1
5,ANTIOQUIA,5756,SONSÓN,0.05747126436781609,0.01843401607466943,0.3207518796992481,estable,BAJA,0.7212435233160622,0.3107142857142857,DEFICIT,0.3533484994562043,DEFICIT,NORMAL,0.09278350515463918,0.0,0.0,estable,1,16.148165134336622,0,1
5,ANTIOQUIA,5761,SOPETRÁN,0.10062893081761007,0.08690440313224962,2.100497914005012,estable,CRÍTICA,2.1061181248344663,1.5106382978723405,EXCESO,1.2340016512689966,EXCESO,MODERADA,0.09693877551020408,0.125,1.0,estable,2,9.14821149008066,2,1
5,ANTIOQUIA,5789,TÁMESIS,0.0,,,sin_datos,BAJA,,,sin_datos,,sin_datos,MODERADA,0.10175438596491228,0.0,3.0,sin_datos,1,5.325891175830478,2,1
5,ANTIOQUIA,5790,TARAZÁ,0.025142857142857144,,,sin_datos,BAJA,,,sin_datos,,sin_datos,MODERADA,0.14285714285714285,0.0,102.0,sin_datos,1,10.552252670284743,2,1
5,ANTIOQUIA,5792,TARSO,0.0,0.1576460611564976,,estable,BAJA,,,sin_datos,1.0074074074074073,NORMAL,NORMAL,0.07692307692307693,0.0,1.0,estable,1,8.880184467726755,0,1
5,ANTIOQUIA,5809,TITIRIBÍ,0.0,,,sin_datos,BAJA,,,sin_datos,,sin_datos,NORMAL,,,,sin_datos,1,1.7097676997795435,0,1
5,ANTIOQUIA,5819,TOLEDO,0.08450704225352113,0.1068419736722682,1.2642966884551738,estable,MODERADA,1.339622641509434,2.113095238095238,EXCESO,0.7619047619047619,DEFICIT,MODERADA,0.1111111111111111,0.0,5.0,estable,1,16.944548683066593,2,1
5,ANTIOQUIA,5837,TURBO,0.06188925081433225,,,sin_datos,BAJA,,,sin_datos,,sin_datos,NORMAL,0.0967741935483871,0.0,8.0,sin_datos,1,6.389852623634816,0,1
5,ANTIOQUIA,5842,URAMITA,0.06876790830945559,0.09455086705628686,1.374927191776838,estable,MODERADA,1.3877939142461964,0.4544270833333333,DEFICIT,0.6284925136391413,DEFICIT,MODERADA,0.10569105691056911,0.125,1.0,estable,1,4.78641683667232,2,1
5,ANTIOQUIA,5847,URRAO,0.06779661016949153,,,sin_datos,BAJA,,,sin_datos,,sin_datos,ALTA,0.1,0.0,11.0,sin_datos,1,14.389516595654998,3,1
5,ANTIOQUIA,5854,VALDIVIA,0.058394160583941604,0.1330926701291015,2.2792119759608633,estable,ALTA,3.4104872881355934,1.284375,EXCESO,1.9441764484664954,EXCESO,SEVERA,0.10294117647058823,0.15384615384615385,17.0,estable,1,2.4467018833972056,4,1
5,ANTIOQUIA,5856,VALPARAÍSO,0.055020632737276476,,,sin_datos,BAJA,,,sin_datos,,sin_datos,NORMAL,0.08870967741935484,0.0,0.0,sin_datos,1,6.222104716246564,0,1
5,ANTIOQUIA,5858,VEGACHÍ,0.09090909090909091,0.12787444037444037,1.406618844118844,estable,ALTA,2.336283185840708,2.3571428571428568,EXCESO,62.722222222222214,EXCESO,MODERADA,0.10714285714285714,0.06666666666666667,0.0,estable,1,8.350834931387446,2,0
5,ANTIOQUIA,5861,VENECIA,0.15816326530612246,0.13341484751238974,0.8435261326589802,estable,ALTA,0.4023460410557184,0.5913204919935019,DEFICIT,0.39622791791307804,DEFICIT,MODERADA,0.10091743119266056,0.0,1.0,estable,1,7.110589328953369,2,1
5,ANTIOQUIA,5873,VIGÍA DEL FUERTE,0.056776556776556776,0.09051144933497873,1.5941693979644642,estable,ALTA,2.5161290322580645,2.091532258064516,EXCESO,5.526960364274445,EXCESO,SEVERA,0.1016949152542373,0.125,45.0,estable,2,19.879089939571877,4,1
5,ANTIOQUIA,5885,YALÍ,0.09090909090909091,0.12787444037444037,1.406618844118844,estable,ALTA,2.336283185840708,2.3571428571428568,EXCESO,62.722222222222214,EXCESO,MODERADA,0.10714285714285714,0.06666666666666667,0.0,estable,1,7.778398659410413,2,0
5,ANTIOQUIA,5887,YARUMAL,0.11173184357541899,0.14429499112746197,1.2914401705907848,estable,CRÍTICA,1.0306060606060607,0.6392857142857142,DEFICIT,6.323838080959519,EXCESO,MODERADA,0.11290322580645161,0.0,1.0,estable,2,9.73812017572269,2,1
5,ANTIOQUIA,5890,YOLOMBÓ,0.05271317829457364,,,sin_datos,BAJA,,,sin_datos,,sin_datos,ALTA,0.10317460317460317,0.0,17.0,sin_datos,1,11.730697397473481,3,1
5,ANTIOQUIA,5893,YONDÓ,0.012542209358417752,,,sin_datos,BAJA,,,sin_datos,,sin_datos,MODERADA,0.14285714285714285,0.0,0.0,sin_datos,1,21.251806154873268,2,1
5,ANTIOQUIA,5895,ZARAGOZA,0.06192660550458716,,,sin_datos,BAJA,,,sin_datos,,sin_datos,MODERADA,0.1044776119402985,0.0,2.0,sin_datos,1,6.902153767862017,2,1
8,ATLÁNTICO,8001,BARRANQUILLA,0.09219858156028368,0.03623199030983042,0.3929777410527761,estable,ALTA,0.4050430896903926,0.6100961538461539,DEFICIT,3.5784126325187438,EXCESO,ALTA,0.1111111111111111,0.0,0.0,estable,1,1.3528656112542106,3,1
8,ATLÁNTICO,8078,BARANOA,0.04081632653061224,0.2777188850605771,6.80411268398414,creciente,ALTA,13.317427385892117,16.078125,EXCESO,72.05387586402962,EXCESO,MODERADA,0.0947867298578199,0.3333333333333333,0.0,estable,1,14.094784065266817,2,0
8,ATLÁNTICO,8137,CAMPO DE LA CRUZ,0.10784313725490197,0.1314092481695374,3.725452185606385,estable,MODERADA,3.999585062240664,2.8350000000000004,EXCESO,1.1306043036621392,NORMAL,MODERADA,0.1044776119402985,0.09090909090909091,3.0,estable,2,10.857658269005528,2,1
8,ATLÁNTICO,8141,CANDELARIA,0.0,0.1314092481695374,,estable,BAJA,,,sin_datos,1.1306043036621392,NORMAL,MODERADA,0.1044776119402985,0.09090909090909091,3.0,estable,1,9.295621913464764,2,1
8,ATLÁNTICO,8296,GALAPA,0.058423913043478264,0.002901774918992117,0.049667589311120884,estable,BAJA,0.0,0.0,DEFICIT,0.04833030022268039,DEFICIT,MODERADA,0.09541984732824428,0.25,0.0,estable,1,11.92098785059811,2,1
8,ATLÁNTICO,8372,JUAN DE ACOSTA,0.07476635514018691,0.2777188850605771,3.714490087685219,creciente,ALTA,7.270228215767635,8.77734375,EXCESO,72.05387586402962,EXCESO,MODERADA,0.0947867298578199,0.3333333333333333,0.0,estable,1,3.7307745788113986,2,0
8,ATLÁNTICO,8421,LURUACO,0.09965635738831616,0.07433269348225359,1.9892075147098733,estable,BAJA,1.4435323831860005,1.170788043478261,EXCESO,0.23718045971987328,DEFICIT,MODERADA,0.10256410256410256,0.0,45.0,estable,2,16.316401109349055,2,1
8,ATLÁNTICO,8433,MALAMBO,0.04371584699453552,0.04414853083512705,1.0098976428535313,estable,BAJA,0.854253112033195,0.8578125,NORMAL,0.36025548245731925,DEFICIT,ALTA,0.10619469026548672,0.1111111111111111,3.0,estable,2,7.100795566457873,3,1
8,ATLÁNTICO,8436,MANATÍ,0.0,0.1314092481695374,,estable,BAJA,,,sin_datos,1.1306043036621392,NORMAL,MODERADA,0.1044776119402985,0.09090909090909091,3.0,estable,1,3.290179386836445,2,1
8,ATLÁNTICO,8520,PALMAR DE VARELA,0.04,0.05499208199997883,1.3748020499994706,estable,MODERADA,1.0362694300518134,1.048951048951049,NORMAL,0.7169466131136322,DEFICIT,ALTA,0.1016949152542373,0.0,3.0,estable,1,8.988674298141545,3,1
8,ATLÁNTICO,8549,PIOJÓ,0.1,0.14756761797918638,7.062164574718206,estable,MODERADA,,,sin_datos,,sin_datos,NORMAL,0.09210526315789473,0.0,3.0,estable,3,14.085193897683228,0,1
8,ATLÁNTICO,8558,POLONUEVO,0.04,0.05499208199997883,1.3748020499994706,estable,MODERADA,1.0362694300518134,1.048951048951049,NORMAL,0.7169466131136322,DEFICIT,ALTA,0.1016949152542373,0.0,3.0,estable,1,9.955155408545377,3,0
8,ATLÁNTICO,8560,PONEDERA,0.04,0.05499208199997883,1.3748020499994706,estable,MODERADA,1.0362694300518134,1.048951048951049,NORMAL,0.7169466131136322,DEFICIT,ALTA,0.1016949152542373,0.0,3.0,estable,1,10.783023504593032,3,1
8,ATLÁNTICO,8573,PUERTO COLOMBIA,0.04892966360856269,0.0571060922390442,1.1671057601354657,estable,MODERADA,1.441649377593361,1.27734375,EXCESO,0.8374148442928917,DEFICIT,MODERADA,0.109375,0.0,0.0,estable,1,9.115133139141495,2,1
8,ATLÁNTICO,8606,REPELÓN,0.09965635738831616,0.07433269348225359,1.9892075147098733,estable,BAJA,1.4435323831860005,1.170788043478261,EXCESO,0.23718045971987328,DEFICIT,MODERADA,0.10256410256410256,0.0,45.0,estable,2,2.0213327836168764,2,1
8,ATLÁNTICO,8634,SABANAGRANDE,0.0657439446366782,0.04414853083512705,0.971267678372795,estable,BAJA,0.8215767634854771,0.825,DEFICIT,0.36025548245731925,DEFICIT,ALTA,0.10619469026548672,0.1111111111111111,3.0,estable,2,3.7393049515213446,3,1
8,ATLÁNTICO,8638,SABANALARGA,0.050880626223091974,0.05499208199997883,1.0808059193072763,estable,BAJA,0.8146671980868873,0.8246369015599786,DEFICIT,0.7169466131136322,DEFICIT,ALTA,0.1016949152542373,0.0,3.0,estable,1,4.263854215122735,3,1
8,ATLÁNTICO,8675,SANTA LUCÍA,0.10784313725490197,0.1314092481695374,3.725452185606385,estable,MODERADA,3.999585062240664,2.8350000000000004,EXCESO,1.1306043036621392,NORMAL,MODERADA,0.1044776119402985,0.09090909090909091,3.0,estable,2,11.118615573537172,2,1
8,ATLÁNTICO,8685,SANTO TOMÁS,0.0657439446366782,0.04414853083512705,0.971267678372795,estable,BAJA,0.8215767634854771,0.825,DEFICIT,0.36025548245731925,DEFICIT,ALTA,0.10619469026548672,0.1111111111111111,3.0,estable,2,5.2725917354604155,3,1
8,ATLÁNTICO,8758,SOLEDAD,0.040310077519379844,0.002901774918992117,0.07198633933653521,estable,BAJA,0.0,0.0,DEFICIT,0.04833030022268039,DEFICIT,MODERADA,0.09541984732824428,0.25,0.0,estable,1,1.2109280073174173,2,1
8,ATLÁNTICO,8770,SUAN,0.07462686567164178,0.10883131647104499,1.458339640712003,creciente,ALTA,2.330434782608696,2.3493506493506495,EXCESO,8.15971164696145,EXCESO,NORMAL,0.09967845659163987,0.0,1.0,estable,1,4.716241717611853,0,1
8,ATLÁNTICO,8832,TUBARÁ,0.04081632653061224,0.2777188850605771,6.80411268398414,creciente,ALTA,13.317427385892117,16.078125,EXCESO,72.05387586402962,EXCESO,MODERADA,0.0947867298578199,0.3333333333333333,0.0,estable,1,9.999371713615028,2,1
8,ATLÁNTICO,8849,USIACURÍ,0.07476635514018691,0.2777188850605771,3.714490087685219,creciente,ALTA,7.270228215767635,8.77734375,EXCESO,72.05387586402962,EXCESO,MODERADA,0.0947867298578199,0.3333333333333333,0.0,estable,1,12.443120215889614,2,0
11,"BOGOTÁ, D.C.",11001,"BOGOTÁ, D.C.",0.12224938875305623,0.14907849713000565,3.876040925380147,estable,ALTA,4.580310880829015,3.6229508196721305,EXCESO,1.8122516978347027,EXCESO,NORMAL,0.09514563106796116,0.0,0.0,estable,2,2.9496549144692414,0,1
13,BOLÍVAR,13001,CARTAGENA DE INDIAS,0.05593803786574871,0.13189649450712468,4.1107740788053855,estable,MODERADA,4.138312586445366,0.9739583333333333,DEFICIT,0.9195766146071865,NORMAL,NORMAL,0.08444444444444445,0.0,0.0,estable,2,6.5076691264040685,0,1
13,BOLÍVAR,13006,ACHÍ,0.06918238993710692,0.050380242517339295,0.7282235054779044,estable,BAJA,1.0795926065635608,0.1806818181818182,DEFICIT,0.4038823999544023,DEFICIT,MODERADA,0.08444444444444445,0.125,0.0,decreciente,1,11.284610025439813,2,1
13,BOLÍVAR,13030,ALTOS DEL ROSARIO,0.06656580937972768,0.04789557719433507,0.9918375777326888,estable,ALTA,1.0354166666666669,0.5209643605870021,DEFICIT,1.1934350349882843,EXCESO,ALTA,0.10196078431372549,0.375,1.0,creciente,2,35.94835074591578,3,1
13,BOLÍVAR,13042,ARENAL,0.05137751303052867,0.09101051691949226,2.472452376312873,creciente,ALTA,3.7668067226890756,3.287685774946921,EXCESO,3.9694511903104845,EXCESO,NORMAL,0.09876543209876543,0.0,0.0,estable,2,39.48510907776042,0,1
13,BOLÍVAR,13052,ARJONA,0.07751937984496124,0.09884373002708263,2.012309145268343,estable,MODERADA,1.8978253917492804,1.313451004260499,EXCESO,0.6546959217586168,DEFICIT,MODERADA,0.1024390243902439,0.08333333333333333,1.0,estable,2,10.464918523095687,2,1
13,BOLÍVAR,13062,ARROYOHONDO,0.04173813607775872,0.10883131647104499,2.6074790754501054,creciente,ALTA,4.166765932102442,4.2005870841487285,EXCESO,8.15971164696145,EXCESO,NORMAL,0.09967845659163987,0.0,1.0,estable,1,13.348302741265753,0,1
13,BOLÍVAR,13074,BARRANCO DE LOBA,0.06656580937972768,0.04789557719433507,0.9918375777326888,estable,ALTA,1.0354166666666669,0.5209643605870021,DEFICIT,1.1934350349882843,EXCESO,ALTA,0.10196078431372549,0.375,1.0,creciente,2,38.20628718656541,3,1
13,BOLÍVAR,13140,CALAMAR,0.12,0.09799220165963637,0.8166016804969698,creciente,CRÍTICA,1.6312056737588654,1.8343815513626835,EXCESO,0.7613194542639177,DEFICIT,NORMAL,0.09937888198757763,0.0,3.0,decreciente,1,13.579847131432258,0,1
13,BOLÍVAR,13160,CANTAGALLO,0.02005730659025788,0.05927270518838277,2.955167730106512,creciente,MODERADA,6.232142857142857,9.32579650565262,EXCESO,0.24937154348919058,DEFICIT,NORMAL,0.09090909090909091,0.0,60.0,estable,1,30.672851646379158,0,1
13,BOLÍVAR,13188,CICUCO,0.07614213197969544,0.02891705069124424,1.2651209677419355,estable,MODERADA,2.514367816091954,0.0,DEFICIT,,sin_datos,ALTA,0.125,0.0,95.0,estable,2,8.079228377383577,3,1
13,BOLÍVAR,13212,CÓRDOBA,0.04857142857142857,0.08831363700058385,1.8182219382473146,estable,ALTA,2.135709055406395,2.573529411764706,EXCESO,2.778531704463391,EXCESO,NORMAL,0.09565217391304348,0.0,1.0,estable,1,20.282200780799936,0,1
13,BOLÍVAR,13222,CLEMENCIA,0.09965635738831616,0.07433269348225359,1.9892075147098733,estable,BAJA,1.4435323831860005,1.170788043478261,EXCESO,0.23718045971987328,DEFICIT,MODERADA,0.10256410256410256,0.0,45.0,estable,2,21.813579305524083,2,0
13,BOLÍVAR,13244,EL CARMEN DE BOLÍVAR,0.0984251968503937,0.11178233634931553,1.1357085373090456,estable,MODERADA,1.0960995850622406,0.9524999999999999,NORMAL,0.10400317418665458,DEFICIT,SEVERA,0.092,1.0,66.0,estable,1,5.71515191076744,4,1
13,BOLÍVAR,13248,EL GUAMO,0.12,0.09799220165963637,0.8166016804969698,creciente,CRÍTICA,1.6312056737588654,1.8343815513626835,EXCESO,0.7613194542639177,DEFICIT,NORMAL,0.09937888198757763,0.0,3.0,decreciente,1,5.320600479704965,0,1
13,BOLÍVAR,13268,EL PEÑÓN,0.06656580937972768,0.04789557719433507,0.9918375777326888,estable,ALTA,1.0354166666666669,0.5209643605870021,DEFICIT,1.1934350349882843,EXCESO,ALTA,0.10196078431372549,0.375,1.0,creciente,2,15.459798257826032,3,1
13,BOLÍVAR,13300,HATILLO DE LOBA,0.06656580937972768,0.04789557719433507,0.9918375777326888,estable,ALTA,1.0354166666666669,0.5209643605870021,DEFICIT,1.1934350349882843,EXCESO,ALTA,0.10196078431372549,0.375,1.0,creciente,2,13.389079694290588,3,1
13,BOLÍVAR,13430,MAGANGUÉ,0.06329113924050633,0.07224560263780486,1.1414805216773167,decreciente,MODERADA,0.5900414937759335,0.0,DEFICIT,0.5168646037434429,DEFICIT,LEVE,0.09195402298850575,0.07692307692307693,1.0,estable,1,7.0255060708369514,1,1
13,BOLÍVAR,13433,MAHATES,0.07751937984496124,0.09884373002708263,2.012309145268343,estable,MODERADA,1.8978253917492804,1.313451004260499,EXCESO,0.6546959217586168,DEFICIT,MODERADA,0.1024390243902439,0.08333333333333333,1.0,estable,2,11.492969938357344,2,1
13,BOLÍVAR,13440,MARGARITA,0.1871508379888268,0.3584672700716362,42.73726453187396,estable,MODERADA,71.23651452282158,46.94375,EXCESO,0.5096340127244111,DEFICIT,MODERADA,0.10185185185185185,0.0,0.0,estable,2,28.05182994591876,2,1
13,BOLÍVAR,13442,MARÍA LA BAJA,0.07751937984496124,0.09884373002708263,2.012309145268343,estable,MODERADA,1.8978253917492804,1.313451004260499,EXCESO,0.6546959217586168,DEFICIT,MODERADA,0.1024390243902439,0.08333333333333333,1.0,estable,2,19.778718196275783,2,1
13,BOLÍVAR,13458,MONTECRISTO,0.05451127819548872,,,sin_datos,BAJA,,,sin_datos,,sin_datos,ALTA,0.10126582278481013,0.0,10.0,sin_datos,1,28.525525594491274,3,1
13,BOLÍVAR,13468,SANTA CRUZ DE MOMPOX,0.07614213197969544,0.02891705069124424,1.2651209677419355,estable,MODERADA,2.514367816091954,0.0,DEFICIT,,sin_datos,ALTA,0.125,0.0,95.0,estable,2,20.639309328541902,3,1
13,BOLÍVAR,13473,MORALES,0.05137751303052867,0.09101051691949226,2.472452376312873,creciente,ALTA,3.7668067226890756,3.287685774946921,EXCESO,3.9694511903104845,EXCESO,NORMAL,0.09876543209876543,0.0,0.0,estable,2,24.249566665523012,0,1
13,BOLÍVAR,13490,NOROSÍ,0.05137751303052867,0.09101051691949226,2.472452376312873,creciente,ALTA,3.7668067226890756,3.287685774946921,EXCESO,3.9694511903104845,EXCESO,NORMAL,0.09876543209876543,0.0,0.0,estable,2,46.86088610345517,0,1
13,BOLÍVAR,13549,PINILLOS,0.06918238993710692,0.050380242517339295,0.7282235054779044,estable,BAJA,1.0795926065635608,0.1806818181818182,DEFICIT,0.4038823999544023,DEFICIT,MODERADA,0.08444444444444445,0.125,0.0,decreciente,1,40.63581955626835,2,1
13,BOLÍVAR,13580,REGIDOR,0.06656580937972768,0.04789557719433507,0.9918375777326888,estable,ALTA,1.0354166666666669,0.5209643605870021,DEFICIT,1.1934350349882843,EXCESO,ALTA,0.10196078431372549,0.375,1.0,creciente,2,35.89355465160728,3,1
13,BOLÍVAR,13600,RÍO VIEJO,0.05137751303052867,0.09101051691949226,2.472452376312873,creciente,ALTA,3.7668067226890756,3.287685774946921,EXCESO,3.9694511903104845,EXCESO,NORMAL,0.09876543209876543,0.0,0.0,estable,2,34.657911349865095,0,1
13,BOLÍVAR,13620,SAN CRISTÓBAL,0.09965635738831616,0.07433269348225359,1.9892075147098733,estable,BAJA,1.4435323831860005,1.170788043478261,EXCESO,0.23718045971987328,DEFICIT,MODERADA,0.10256410256410256,0.0,45.0,estable,2,14.543609538349594,2,1
13,BOLÍVAR,13647,SAN ESTANISLAO,0.09965635738831616,0.07433269348225359,1.9892075147098733,estable,BAJA,1.4435323831860005,1.170788043478261,EXCESO,0.23718045971987328,DEFICIT,MODERADA,0.10256410256410256,0.0,45.0,estable,2,16.300878163455028,2,1
13,BOLÍVAR,13650,SAN FERNANDO,0.030710172744721688,0.06452517034538437,2.1011008593715785,estable,MODERADA,2.211033950617284,0.8040123456790124,DEFICIT,0.3657158708538477,DEFICIT,NORMAL,0.08173076923076923,0.0,3.0,estable,1,26.858728064035063,0,1
13,BOLÍVAR,13654,SAN JACINTO,0.0984251968503937,0.11178233634931553,1.1357085373090456,estable,MODERADA,1.0960995850622406,0.9524999999999999,NORMAL,0.10400317418665458,DEFICIT,SEVERA,0.092,1.0,66.0,estable,1,12.768986511046581,4,1
13,BOLÍVAR,13655,SAN JACINTO DEL CAUCA,0.05625,0.05087704796412855,0.9044808526956186,estable,BAJA,0.4426002766251729,0.22222222222222224,DEFICIT,0.531835196387942,DEFICIT,MODERADA,0.09871244635193133,0.10526315789473684,1.0,estable,1,12.459848869904429,2,1
13,BOLÍVAR,13657,SAN JUAN NEPOMUCENO,0.12,0.09799220165963637,0.8166016804969698,creciente,CRÍTICA,1.6312056737588654,1.8343815513626835,EXCESO,0.7613194542639177,DEFICIT,NORMAL,0.09937888198757763,0.0,3.0,decreciente,1,12.238277072425518,0,1
13,BOLÍVAR,13667,SAN MARTÍN DE LOBA,0.06656580937972768,0.04789557719433507,0.9918375777326888,estable,ALTA,1.0354166666666669,0.5209643605870021,DEFICIT,1.1934350349882843,EXCESO,ALTA,0.10196078431372549,0.375,1.0,creciente,2,19.924251782335926,3,1
13,BOLÍVAR,13670,SAN PABLO,0.0659025787965616,0.07723016635550199,1.1718838286117477,estable,MODERADA,1.7659295352323838,0.5024474517708034,DEFICIT,0.5987997830731444,DEFICIT,NORMAL,0.0847457627118644,0.09090909090909091,2.0,estable,1,19.98294916116242,0,1
13,BOLÍVAR,13673,SANTA CATALINA,0.1,0.14756761797918638,7.062164574718206,estable,MODERADA,,,sin_datos,,sin_datos,NORMAL,0.09210526315789473,0.0,3.0,estable,3,15.97980082337867,0,1
13,BOLÍVAR,13683,SANTA ROSA,0.05593803786574871,0.13189649450712468,4.1107740788053855,estable,MODERADA,4.138312586445366,0.9739583333333333,DEFICIT,0.9195766146071865,NORMAL,NORMAL,0.08444444444444445,0.0,0.0,estable,2,17.132992699929044,0,1
13,BOLÍVAR,13688,SANTA ROSA DEL SUR,0.05451127819548872,,,sin_datos,BAJA,,,sin_datos,,sin_datos,ALTA,0.10126582278481013,0.0,10.0,sin_datos,1,12.71441052722657,3,0
13,BOLÍVAR,13744,SIMITÍ,0.05451127819548872,,,sin_datos,BAJA,,,sin_datos,,sin_datos,ALTA,0.10126582278481013,0.0,10.0,sin_datos,1,28.61939582610055,3,1
13,BOLÍVAR,13760,SOPLAVIENTO,0.09965635738831616,0.07433269348225359,1.9892075147098733,estable,BAJA,1.4435323831860005,1.170788043478261,EXCESO,0.23718045971987328,DEFICIT,MODERADA,0.10256410256410256,0.0,45.0,estable,2,17.50327074378865,2,1
13,BOLÍVAR,13780,TALAIGUA NUEVO,0.07614213197969544,0.02891705069124424,1.2651209677419355,estable,MODERADA,2.514367816091954,0.0,DEFICIT,,sin_datos,ALTA,0.125,0.0,95.0,estable,2,18.881137496348284,3,1
13,BOLÍVAR,13810,TIQUISIO,0.06918238993710692,0.050380242517339295,0.7282235054779044,estable,BAJA,1.0795926065635608,0.1806818181818182,DEFICIT,0.4038823999544023,DEFICIT,MODERADA,0.08444444444444445,0.125,0.0,decreciente,1,27.70667683881426,2,1
13,BOLÍVAR,13836,TURBACO,0.052364864864864864,0.04804210158105791,1.4212455051062967,decreciente,BAJA,0.6163194444444444,0.18489583333333337,DEFICIT,0.10452088536194315,DEFICIT,ALTA,0.1056338028169014,0.0,5.0,estable,2,15.535086734944773,3,1
13,BOLÍVAR,13838,TURBANÁ,0.052364864864864864,0.04804210158105791,1.4212455051062967,decreciente,BAJA,0.6163194444444444,0.18489583333333337,DEFICIT,0.10452088536194315,DEFICIT,ALTA,0.1056338028169014,0.0,5.0,estable,2,18.558497568995445,3,1
13,BOLÍVAR,13873,VILLANUEVA,0.09965635738831616,0.07433269348225359,1.9892075147098733,estable,BAJA,1.4435323831860005,1.170788043478261,EXCESO,0.23718045971987328,DEFICIT,MODERADA,0.10256410256410256,0.0,45.0,estable,2,16.16456540505477,2,0
13,BOLÍVAR,13894,ZAMBRANO,0.05263157894736842,0.11457799922760081,2.1769819853244154,estable,MODERADA,3.3803680981595092,5.7926829268292686,EXCESO,,sin_datos,MODERADA,0.10429447852760736,0.0,0.0,estable,1,8.933656219268665,2,1
15,BOYACÁ,15001,TUNJA,0.06552706552706553,0.06316992002168348,0.9640279098961262,estable,ALTA,1.0764928738950028,0.7630434782608696,DEFICIT,1.233110256942972,EXCESO,NORMAL,0.1,0.07142857142857142,0.0,estable,1,4.63160463204529,0,0
15,BOYACÁ,15022,ALMEIDA,0.07692307692307693,0.12431088332035521,1.6160414831646177,estable,ALTA,2.0497925311203318,1.4625,EXCESO,1.3665572800679584,EXCESO,NORMAL,0.08130081300813008,0.0,0.0,estable,1,8.16976470992432,0,1
15,BOYACÁ,15047,AQUITANIA,0.06857142857142857,0.0774282926780661,1.1291626015551306,estable,MODERADA,1.210235131396957,1.3671875,EXCESO,1.0905136049095927,NORMAL,NORMAL,0.05102040816326531,0.07142857142857142,0.0,estable,1,8.300341651372975,0,1
15,BOYACÁ,15051,ARCABUCO,0.1457142857142857,0.15668895758038973,1.0753163755516941,decreciente,CRÍTICA,0.7703081232492998,0.6564364876385337,DEFICIT,2.2986944852888693,EXCESO,NORMAL,0.0811965811965812,0.0,1.0,estable,1,3.471776743721811,0,0
15,BOYACÁ,15087,BELÉN,0.13866666666666666,0.1375403582820036,3.1457191814798158,estable,ALTA,3.4692337367989583,2.1220742445024556,EXCESO,3.2741856335915593,EXCESO,NORMAL,0.09465648854961832,0.0,2.0,estable,2,11.646692877617625,0,0
15,BOYACÁ,15090,BERBEO,0.05625790139064475,0.02594372363163083,0.7134523998698479,estable,BAJA,0.4564315352697096,0.34375000000000006,DEFICIT,0.7693153282312898,DEFICIT,NORMAL,0.07945205479452055,0.0,0.0,estable,2,8.511601284113166,0,1
15,BOYACÁ,15092,BETÉITIVA,0.06779661016949153,0.0699853222919036,1.0322835038055782,estable,ALTA,1.0535714285714286,0.7695652173913043,DEFICIT,1.6784864956684218,EXCESO,MODERADA,0.10227272727272728,0.0,1.0,estable,1,7.2875892417625545,2,0
15,BOYACÁ,15097,BOAVITA,0.054858934169279,0.12198912198912198,2.2236874236874233,estable,MODERADA,1.7360544217687073,1.5624489795918366,EXCESO,0.7545767993421527,DEFICIT,ALTA,0.10619469026548672,0.0,0.0,estable,1,11.29177768382174,3,1
15,BOYACÁ,15104,BOYACÁ,0.06818181818181818,,,sin_datos,BAJA,,,sin_datos,,sin_datos,MODERADA,0.1111111111111111,0.0,1.0,sin_datos,1,1.9831676074515547,2,0
15,BOYACÁ,15106,BRICEÑO,0.0,,,sin_datos,BAJA,,,sin_datos,,sin_datos,MODERADA,0.07142857142857142,0.0,7.0,sin_datos,1,4.138103736957244,2,1
15,BOYACÁ,15109,BUENAVISTA,0.06876790830945559,0.10520354646531391,1.529834904849773,estable,ALTA,2.2325380359612725,1.9994791666666667,EXCESO,3.9449426042592663,EXCESO,ALTA,0.10126582278481013,0.5,0.0,creciente,1,2.943273496453159,3,0
15,BOYACÁ,15114,BUSBANZÁ,0.06628242074927954,0.0725314174593567,1.094278341669425,estable,ALTA,1.088749439713133,0.7871455576559546,DEFICIT,1.533694641404161,EXCESO,MODERADA,0.10416666666666667,0.25,1.0,estable,1,4.468539985828403,2,0
15,BOYACÁ,15131,CALDAS,0.06857142857142857,0.09613799379250756,1.4020124094740687,estable,ALTA,1.9345238095238095,0.8876811594202898,NORMAL,1.6985434249931934,EXCESO,NORMAL,0.09523809523809523,0.0,0.0,estable,1,7.437045779127725,0,0
15,BOYACÁ,15135,CAMPOHERMOSO,0.030303030303030304,0.11794041780600921,3.892033787598304,creciente,ALTA,7.941908713692946,10.3125,EXCESO,3.805798464946667,EXCESO,NORMAL,0.1,0.0,0.0,estable,1,11.904106563377486,0,1
15,BOYACÁ,15162,CERINZA,0.13866666666666666,0.1375403582820036,3.1457191814798158,estable,ALTA,3.4692337367989583,2.1220742445024556,EXCESO,3.2741856335915593,EXCESO,NORMAL,0.09465648854961832,0.0,2.0,estable,2,4.4381540396935035,0,0
15,BOYACÁ,15172,CHINAVITA,0.10508474576271186,0.11060160568225083,1.0524991508472257,estable,CRÍTICA,1.4969191736136283,1.6677751912204855,EXCESO,1.9961784871304937,EXCESO,NORMAL,0.0914826498422713,0.0,0.0,estable,1,1.6491852677196972,0,1
15,BOYACÁ,15176,CHIQUINQUIRÁ,0.052917232021709636,,,sin_datos,BAJA,,,sin_datos,,sin_datos,NORMAL,0.0935672514619883,0.0,1.0,sin_datos,1,1.3669065045071276,0,0
15,BOYACÁ,15180,CHISCAS,0.056878306878306875,0.1831346947042164,3.9831796098167067,creciente,ALTA,8.663900414937759,10.059375000000001,EXCESO,8.00825635171991,EXCESO,MODERADA,0.10328638497652583,0.0,0.0,estable,2,11.734404616818352,2,1
15,BOYACÁ,15183,CHITA,0.12432432432432433,0.17935623563092085,1.442647982248711,estable,CRÍTICA,2.044384057971014,2.9846869018321023,EXCESO,13.63349600411387,EXCESO,NORMAL,0.09876543209876543,0.0,0.0,estable,1,11.052560372256014,0,1
15,BOYACÁ,15185,CHITARAQUE,0.04081632653061224,0.048913043478260865,1.1983695652173914,estable,MODERADA,1.8750000000000002,3.1956521739130435,EXCESO,,sin_datos,MODERADA,0.11428571428571428,0.0,0.0,estable,1,10.08859705409068,2,1
15,BOYACÁ,15187,CHIVATÁ,0.15,0.15653732273648122,1.0435821515765416,insuficiente,ALTA,,,sin_datos,,sin_datos,MODERADA,0.10236220472440945,0.0,1.0,insuficiente,1,4.627693482229395,2,0
15,BOYACÁ,15189,CIÉNEGA,0.06647398843930635,0.06318384881901778,0.9505048561469632,estable,BAJA,1.0286138981791157,0.8849104859335039,NORMAL,0.8769422238328776,NORMAL,MODERADA,0.10526315789473684,0.0,0.0,estable,1,8.132723706472307,2,0
15,BOYACÁ,15204,CÓMBITA,0.08253968253968254,0.06741606009049908,1.7813397416220333,estable,BAJA,1.4991816693944353,2.6423076923076922,EXCESO,,sin_datos,NORMAL,0.08837209302325581,0.0,1.0,estable,2,8.10536132584216,0,0
15,BOYACÁ,15212,COPER,0.055944055944055944,0.09964208946411394,1.7811023491710367,estable,MODERADA,1.3518907563025209,1.5939490445859872,EXCESO,0.6677037917460052,DEFICIT,MODERADA,0.09490740740740741,0.14285714285714285,0.0,estable,1,13.861015112249799,2,0
15,BOYACÁ,15215,CORRALES,0.06628242074927954,0.0725314174593567,1.094278341669425,estable,ALTA,1.088749439713133,0.7871455576559546,DEFICIT,1.533694641404161,EXCESO,MODERADA,0.10416666666666667,0.25,1.0,estable,1,0.6939501205147475,2,0
15,BOYACÁ,15218,COVARACHÍA,0.06837606837606838,0.08622022196997382,1.260970746310867,estable,MODERADA,1.641581632653061,0.508695652173913,DEFICIT,0.5538175697135235,DEFICIT,MODERADA,0.1,0.3333333333333333,1.0,estable,1,5.204304565451167,2,1
15,BOYACÁ,15223,CUBARÁ,0.04946996466431095,,,sin_datos,BAJA,,,sin_datos,,sin_datos,MODERADA,0.0967741935483871,0.0,4.0,sin_datos,1,16.642991270962835,2,1
15,BOYACÁ,15224,CUCAITA,0.07142857142857142,0.10475785884066327,1.4666100237692858,estable,MODERADA,1.116564417177914,1.0294117647058825,NORMAL,0.8634232653080691,NORMAL,NORMAL,0.08823529411764706,0.0,0.0,estable,1,5.855035101958385,0,0
15,BOYACÁ,15226,CUÍTIVA,0.04366197183098591,0.10147804308717805,2.324174535222465,estable,MODERADA,,,sin_datos,,sin_datos,NORMAL,0.09302325581395349,0.0,1.0,estable,1,1.420016732790913,0,1
15,BOYACÁ,15232,CHÍQUIZA,0.08253968253968254,0.06741606009049908,1.7813397416220333,estable,BAJA,1.4991816693944353,2.6423076923076922,EXCESO,,sin_datos,NORMAL,0.08837209302325581,0.0,1.0,estable,2,6.623999385935131,0,0
15,BOYACÁ,15236,CHIVOR,0.052564102564102565,0.05176774423556562,1.0131687086103558,estable,BAJA,0.89330171902786,0.6116071428571429,DEFICIT,0.8229942968047068,DEFICIT,MODERADA,0.10283687943262411,0.0,0.0,estable,2,12.080266950895782,2,1
15,BOYACÁ,15238,DUITAMA,0.2222222222222222,,,sin_datos,ALTA,,,sin_datos,,sin_datos,MODERADA,0.5,0.0,0.0,sin_datos,1,7.135607933089912,2,0
15,BOYACÁ,15244,EL COCUY,0.055776892430278883,0.11059323699075252,1.9827787489056345,decreciente,MODERADA,1.1158861885002964,0.33616071428571426,DEFICIT,0.2842934471680676,DEFICIT,MODERADA,0.10328638497652583,0.1,6.0,estable,1,13.53119342854869,2,1
15,BOYACÁ,15248,EL ESPINO,0.2127659574468085,0.22062836153745244,1.0369532992260264,estable,CRÍTICA,0.9832635983263598,0.9221518987341771,NORMAL,1.5922233666325898,EXCESO,NORMAL,0.08167539267015707,0.0,0.0,estable,1,3.074561203367467,0,1
15,BOYACÁ,15272,FIRAVITOBA,0.029508196721311476,0.06740607337566921,2.2843169310643456,decreciente,MODERADA,0.14061779621945597,0.21180555555555555,DEFICIT,0.06574012762011042,DEFICIT,NORMAL,0.07860262008733625,0.0,0.0,estable,1,5.754761104578138,0,0
15,BOYACÁ,15276,FLORESTA,0.06628242074927954,0.0725314174593567,1.094278341669425,estable,ALTA,1.088749439713133,0.7871455576559546,DEFICIT,1.533694641404161,EXCESO,MODERADA,0.10416666666666667,0.25,1.0,estable,1,10.021047358625328,2,0
15,BOYACÁ,15293,GACHANTIVÁ,0.07391304347826087,0.09316689680836979,1.9466977912064634,estable,MODERADA,2.0127957508450027,1.3726469458317327,EXCESO,0.8105144367157271,DEFICIT,NORMAL,0.09900990099009901,0.0,2.0,estable,2,7.3231761250286445,0,1
15,BOYACÁ,15296,GÁMEZA,0.0,0.022527472527472527,,estable,BAJA,,,sin_datos,,sin_datos,LEVE,0.09022556390977443,0.0,4.0,insuficiente,1,8.531006762742509,1,0
15,BOYACÁ,15299,GARAGOA,0.05844155844155844,,,sin_datos,BAJA,,,sin_datos,,sin_datos,ALTA,0.10204081632653061,0.0,12.0,sin_datos,1,9.017398860321048,3,1
15,BOYACÁ,15317,GUACAMAYAS,0.05375,0.11059323699075252,2.057548595176791,decreciente,MODERADA,1.1579658400077197,0.3488372093023256,DEFICIT,0.2842934471680676,DEFICIT,MODERADA,0.10328638497652583,0.1,6.0,estable,1,2.0736540131772823,2,1
15,BOYACÁ,15322,GUATEQUE,0.050271739130434784,0.0,0.0,estable,BAJA,0.0,0.0,DEFICIT,0.0036691292717031037,DEFICIT,ALTA,0.08396946564885496,0.0,93.0,insuficiente,1,4.273572929690226,3,1
15,BOYACÁ,15325,GUAYATÁ,0.050271739130434784,0.0,0.0,estable,BAJA,0.0,0.0,DEFICIT,0.0036691292717031037,DEFICIT,ALTA,0.08396946564885496,0.0,93.0,insuficiente,1,5.132857820596321,3,1
15,BOYACÁ,15332,GÜICÁN DE LA SIERRA,0.048926507018992565,0.22062836153745244,4.509383051845653,estable,ALTA,4.2759034655650305,4.010147946376115,EXCESO,1.5922233666325898,EXCESO,NORMAL,0.08167539267015707,0.0,0.0,estable,1,22.760654017929923,0,1
15,BOYACÁ,15362,IZA,0.04366197183098591,0.10147804308717805,2.324174535222465,estable,MODERADA,,,sin_datos,,sin_datos,NORMAL,0.09302325581395349,0.0,1.0,estable,1,5.673560226735832,0,0
15,BOYACÁ,15367,JENESANO,0.06818181818181818,,,sin_datos,BAJA,,,sin_datos,,sin_datos,MODERADA,0.1111111111111111,0.0,1.0,sin_datos,1,4.646669888227711,2,0
15,BOYACÁ,15368,JERICÓ,0.06857142857142857,0.09544424309875685,1.3918952118568706,estable,ALTA,2.008928571428571,0.5072463768115942,DEFICIT,1.371373617566918,EXCESO,MODERADA,0.10344827586206896,0.2,1.0,estable,1,1.7727243055344317,2,1
15,BOYACÁ,15377,LABRANZAGRANDE,0.035878564857405704,0.10840670464275999,3.021489434530259,estable,ALTA,3.111899427433408,3.755773777050373,EXCESO,1.9306965592135512,EXCESO,NORMAL,0.0725,0.0,0.0,estable,1,2.921347339615643,0,1
15,BOYACÁ,15380,LA CAPILLA,0.055162659123055166,0.01658950059951172,0.4844134175057423,decreciente,BAJA,0.12116182572614109,0.0,DEFICIT,0.5941616231019077,DEFICIT,NORMAL,0.09556313993174062,0.0,0.0,estable,2,3.0045162186121854,0,1
15,BOYACÁ,15401,LA VICTORIA,0.05580357142857143,0.021383932674255254,0.3929297628894403,decreciente,BAJA,0.0,0.0,DEFICIT,0.0,DEFICIT,ALTA,0.08333333333333333,0.0,228.0,estable,2,6.736790266699836,3,0
15,BOYACÁ,15403,LA UVITA,0.007194244604316547,0.17935623563092085,24.930516752697997,estable,ALTA,35.329166666666666,51.57861635220125,EXCESO,13.63349600411387,EXCESO,NORMAL,0.09876543209876543,0.0,0.0,estable,1,13.024713135486786,0,0
15,BOYACÁ,15407,VILLA DE LEYVA,0.036211699164345405,0.03194692976092599,0.8822267526286484,decreciente,BAJA,0.0,0.0,DEFICIT,0.0,DEFICIT,ALTA,0.08904109589041095,0.0,153.0,estable,1,2.5077005042730307,3,1
15,BOYACÁ,15425,MACANAL,0.0847457627118644,0.12431088332035521,1.4668684231801916,estable,ALTA,1.8605809128630706,1.3275000000000001,EXCESO,1.3665572800679584,EXCESO,NORMAL,0.08130081300813008,0.0,0.0,estable,1,2.5892183297894045,0,1
15,BOYACÁ,15442,MARIPÍ,0.05079921173636961,0.13997252747252747,2.755407469685487,estable,MODERADA,3.6202933016250496,0.0,DEFICIT,,sin_datos,NORMAL,0.097708082026538,0.0,1.0,estable,1,10.25600249673591,0,1
15,BOYACÁ,15455,MIRAFLORES,0.030303030303030304,0.11794041780600921,3.892033787598304,creciente,ALTA,7.941908713692946,10.3125,EXCESO,3.805798464946667,EXCESO,NORMAL,0.1,0.0,0.0,estable,1,14.402247287288546,0,1
15,BOYACÁ,15464,MONGUA,0.13307984790874525,0.1507181650086182,1.1325393542076168,decreciente,CRÍTICA,0.0,0.0,DEFICIT,0.15685653536240704,DEFICIT,NORMAL,0.08403361344537816,0.0,0.0,estable,1,16.16394102989662,0,1
15,BOYACÁ,15466,MONGUÍ,0.055858310626702996,0.022527472527472527,0.4032967032967033,estable,BAJA,0.6173254835996635,2.9837398373983737,EXCESO,,sin_datos,LEVE,0.09022556390977443,0.0,4.0,insuficiente,1,7.929978768738496,1,0
15,BOYACÁ,15469,MONIQUIRÁ,0.09090909090909091,0.12940099791164092,3.8892188816776523,decreciente,MODERADA,3.4919317657906874,1.690625,EXCESO,0.5820191220574605,DEFICIT,MODERADA,0.08648648648648649,0.25,0.0,estable,2,2.0864809504264414,2,1
15,BOYACÁ,15476,MOTAVITA,0.08253968253968254,0.06741606009049908,1.7813397416220333,estable,BAJA,1.4991816693944353,2.6423076923076922,EXCESO,,sin_datos,NORMAL,0.08837209302325581,0.0,1.0,estable,2,3.277313578383548,0,0
15,BOYACÁ,15480,MUZO,0.05580357142857143,0.021383932674255254,0.3929297628894403,decreciente,BAJA,0.0,0.0,DEFICIT,0.0,DEFICIT,ALTA,0.08333333333333333,0.0,228.0,estable,2,8.09345543653209,3,1
15,BOYACÁ,15491,NOBSA,0.07017543859649122,0.07107532225255622,1.4998715439449686,estable,MODERADA,1.663687626343228,1.3189102564102564,EXCESO,0.9352443973617728,NORMAL,SEVERA,0.09691629955947137,0.2222222222222222,12.0,estable,2,3.5710701548297177,4,0
15,BOYACÁ,15494,NUEVO COLÓN,0.06818181818181818,,,sin_datos,BAJA,,,sin_datos,,sin_datos,MODERADA,0.1111111111111111,0.0,1.0,sin_datos,1,11.051880455030549,2,0
15,BOYACÁ,15500,OICATÁ,0.06575342465753424,0.05954084710109924,1.4233097735596105,decreciente,BAJA,0.49594941711124285,0.0,DEFICIT,0.25055378926702315,DEFICIT,MODERADA,0.09876543209876543,0.14285714285714285,0.0,estable,2,9.526525888162706,2,0
15,BOYACÁ,15507,OTANCHE,0.06876790830945559,0.060830141259824735,0.884571637486618,estable,BAJA,0.6033886583679114,0.7270833333333334,DEFICIT,0.17977548227528706,DEFICIT,SEVERA,0.09174311926605505,0.375,11.0,creciente,1,10.276084246828132,4,1
15,BOYACÁ,15511,PACHAVITA,0.05844155844155844,,,sin_datos,BAJA,,,sin_datos,,sin_datos,ALTA,0.10204081632653061,0.0,12.0,sin_datos,1,4.299348632959957,3,1
15,BOYACÁ,15514,PÁEZ,0.09615384615384616,0.00486111111111111,0.05055555555555554,decreciente,BAJA,0.0,0.0,DEFICIT,0.0,DEFICIT,ALTA,0.06666666666666667,0.0,444.0,insuficiente,1,5.395083820952188,3,1
15,BOYACÁ,15516,PAIPA,0.04747550866616428,0.08511142382110123,1.7927438001682752,estable,MODERADA,1.8354080221300135,0.7898809523809524,DEFICIT,0.7422198751632262,DEFICIT,MODERADA,0.10181818181818182,0.1,0.0,estable,1,2.9668314179978528,2,1
15,BOYACÁ,15518,PAJARITO,0.08333333333333333,0.17653678992964705,2.1184414791557646,estable,ALTA,2.7272727272727275,2.7272727272727275,EXCESO,19.855995796456547,EXCESO,ALTA,0.10416666666666667,0.0,0.0,estable,1,3.5353668046159727,3,1
15,BOYACÁ,15522,PANQUEBA,0.055776892430278883,0.11059323699075252,1.9827787489056345,decreciente,MODERADA,1.1158861885002964,0.33616071428571426,DEFICIT,0.2842934471680676,DEFICIT,MODERADA,0.10328638497652583,0.1,6.0,estable,1,3.9924942427813157,2,1
15,BOYACÁ,15531,PAUNA,0.0,,,sin_datos,BAJA,,,sin_datos,,sin_datos,MODERADA,0.07142857142857142,0.0,7.0,sin_datos,1,6.066407058008276,2,1
15,BOYACÁ,15533,PAYA,0.004032258064516129,0.1507181650086182,37.37810492213732,decreciente,MODERADA,0.0,0.0,DEFICIT,0.15685653536240704,DEFICIT,NORMAL,0.08403361344537816,0.0,0.0,estable,1,17.171916049778083,0,1
15,BOYACÁ,15537,PAZ DE RÍO,0.10955056179775281,0.1002001673317958,3.802332665590778,estable,ALTA,4.086639676113361,2.662973222530009,EXCESO,3.080320648902126,EXCESO,MODERADA,0.10119047619047619,0.0,5.0,decreciente,2,7.5930188542239225,2,0
15,BOYACÁ,15542,PESCA,0.026223776223776224,0.2112825127293818,8.05690648541376,estable,MODERADA,10.895238095238094,11.633898305084747,EXCESO,,sin_datos,NORMAL,0.08536585365853659,0.0,0.0,estable,1,2.7205712463515836,0,1
15,BOYACÁ,15550,PISBA,0.004032258064516129,0.1507181650086182,37.37810492213732,decreciente,MODERADA,0.0,0.0,DEFICIT,0.15685653536240704,DEFICIT,NORMAL,0.08403361344537816,0.0,0.0,estable,1,7.453632555944135,0,1
15,BOYACÁ,15572,PUERTO BOYACÁ,0.05555555555555555,0.0369047619047619,0.6642857142857143,estable,BAJA,,,sin_datos,,sin_datos,ALTA,0.13333333333333333,0.0,0.0,insuficiente,1,12.89788606007882,3,1
15,BOYACÁ,15580,QUÍPAMA,0.06876790830945559,0.060830141259824735,0.884571637486618,estable,BAJA,0.6033886583679114,0.7270833333333334,DEFICIT,0.17977548227528706,DEFICIT,SEVERA,0.09174311926605505,0.375,11.0,creciente,1,11.82275572945536,4,1
15,BOYACÁ,15599,RAMIRIQUÍ,0.04292929292929293,0.11060160568225083,2.5763668147159606,estable,ALTA,3.6642432253800394,4.082474226804123,EXCESO,1.9961784871304937,EXCESO,NORMAL,0.0914826498422713,0.0,0.0,estable,1,11.96954665324791,0,1
15,BOYACÁ,15600,RÁQUIRA,0.05221518987341772,,,sin_datos,BAJA,,,sin_datos,,sin_datos,NORMAL,0.09375,0.0,1.0,sin_datos,1,4.592400852367677,0,1
15,BOYACÁ,15621,RONDÓN,0.05625790139064475,0.02594372363163083,0.7134523998698479,estable,BAJA,0.4564315352697096,0.34375000000000006,DEFICIT,0.7693153282312898,DEFICIT,NORMAL,0.07945205479452055,0.0,0.0,estable,2,9.851598469798528,0,0
15,BOYACÁ,15632,SABOYÁ,0.051989730423620026,,,sin_datos,BAJA,,,sin_datos,,sin_datos,MODERADA,0.10365853658536585,0.0,8.0,sin_datos,1,0.7943862227890607,2,0
15,BOYACÁ,15638,SÁCHICA,0.036211699164345405,0.03194692976092599,0.8822267526286484,decreciente,BAJA,0.0,0.0,DEFICIT,0.0,DEFICIT,ALTA,0.08904109589041095,0.0,153.0,estable,1,8.21421745287777,3,0
15,BOYACÁ,15646,SAMACÁ,0.04838709677419355,0.06316992002168348,1.3055116804481253,estable,ALTA,1.4578146611341631,1.0333333333333334,NORMAL,1.233110256942972,EXCESO,NORMAL,0.1,0.07142857142857142,0.0,estable,1,4.689737150628709,0,1
15,BOYACÁ,15660,SAN EDUARDO,0.05625790139064475,0.02594372363163083,0.7134523998698479,estable,BAJA,0.4564315352697096,0.34375000000000006,DEFICIT,0.7693153282312898,DEFICIT,NORMAL,0.07945205479452055,0.0,0.0,estable,2,14.963412671283695,0,1
15,BOYACÁ,15664,SAN JOSÉ DE PARE,0.0,,,sin_datos,BAJA,,,sin_datos,,sin_datos,MODERADA,0.08115942028985507,0.0,5.0,sin_datos,1,12.741988377580155,2,1
15,BOYACÁ,15667,SAN LUIS DE GACENO,0.05555555555555555,,,sin_datos,BAJA,,,sin_datos,,sin_datos,ALTA,0.125,0.0,15.0,sin_datos,1,11.111482048417013,3,1
15,BOYACÁ,15673,SAN MATEO,0.05375,0.11059323699075252,2.057548595176791,decreciente,MODERADA,1.1579658400077197,0.3488372093023256,DEFICIT,0.2842934471680676,DEFICIT,MODERADA,0.10328638497652583,0.1,6.0,estable,1,8.290216571171324,2,1
15,BOYACÁ,15676,SAN MIGUEL DE SEMA,0.05435651478816946,,,sin_datos,BAJA,,,sin_datos,,sin_datos,NORMAL,0.09420289855072464,0.0,2.0,sin_datos,1,9.52735036884803,0,1
15,BOYACÁ,15681,SAN PABLO DE BORBUR,0.05079921173636961,0.13997252747252747,2.755407469685487,estable,MODERADA,3.6202933016250496,0.0,DEFICIT,,sin_datos,NORMAL,0.097708082026538,0.0,1.0,estable,1,5.800814896576863,0,1
15,BOYACÁ,15686,SANTANA,0.06040268456375839,,,sin_datos,BAJA,,,sin_datos,,sin_datos,ALTA,0.10344827586206896,0.0,29.0,sin_datos,1,5.700730592895039,3,1
15,BOYACÁ,15690,SANTA MARÍA,0.052564102564102565,0.05176774423556562,1.0131687086103558,estable,BAJA,0.89330171902786,0.6116071428571429,DEFICIT,0.8229942968047068,DEFICIT,MODERADA,0.10283687943262411,0.0,0.0,estable,2,2.0438725710129186,2,1
15,BOYACÁ,15693,SANTA ROSA DE VITERBO,0.2222222222222222,,,sin_datos,ALTA,,,sin_datos,,sin_datos,MODERADA,0.5,0.0,0.0,sin_datos,1,9.126497578863896,2,0
15,BOYACÁ,15696,SANTA SOFÍA,0.07391304347826087,0.09316689680836979,1.9466977912064634,estable,MODERADA,2.0127957508450027,1.3726469458317327,EXCESO,0.8105144367157271,DEFICIT,NORMAL,0.09900990099009901,0.0,2.0,estable,2,9.040758886804019,0,1
15,BOYACÁ,15720,SATIVANORTE,0.06432748538011696,0.05624703438941481,0.8743857164172666,estable,BAJA,1.250783699059561,0.0,DEFICIT,,sin_datos,NORMAL,0.0945945945945946,0.0,2.0,estable,1,11.900654178304334,0,1
15,BOYACÁ,15723,SATIVASUR,0.10955056179775281,0.1002001673317958,3.802332665590778,estable,ALTA,4.086639676113361,2.662973222530009,EXCESO,3.080320648902126,EXCESO,MODERADA,0.10119047619047619,0.0,5.0,decreciente,2,11.270153358358726,2,0
15,BOYACÁ,15740,SIACHOQUE,0.05714285714285714,0.06136590306997038,1.0739033037244818,estable,ALTA,0.7113821138211383,2.0833333333333335,EXCESO,2.039300263599329,EXCESO,MODERADA,0.11904761904761904,0.0,0.0,decreciente,1,3.4144713472622006,2,0
15,BOYACÁ,15753,SOATÁ,0.06432748538011696,0.05624703438941481,0.8743857164172666,estable,BAJA,1.250783699059561,0.0,DEFICIT,,sin_datos,NORMAL,0.0945945945945946,0.0,2.0,estable,1,10.017680759119697,0,1
15,BOYACÁ,15755,SOCOTÁ,0.0975609756097561,0.0924855126395599,0.9479765045554889,decreciente,BAJA,0.45154185022026433,0.6528662420382165,DEFICIT,0.9897891446805311,NORMAL,MODERADA,0.1111111111111111,0.0,0.0,estable,1,11.659869933787302,2,1
15,BOYACÁ,15757,SOCHA,0.10955056179775281,0.1002001673317958,3.802332665590778,estable,ALTA,4.086639676113361,2.662973222530009,EXCESO,3.080320648902126,EXCESO,MODERADA,0.10119047619047619,0.0,5.0,decreciente,2,3.9422924219264424,2,0
15,BOYACÁ,15759,SOGAMOSO,0.04296875,0.07798001280977535,1.8148075708456808,decreciente,MODERADA,1.0824524312896406,0.0,DEFICIT,,sin_datos,ALTA,0.08333333333333333,0.0,16.0,estable,1,3.6038554859049476,3,0
15,BOYACÁ,15761,SOMONDOCO,0.05275779376498801,,,sin_datos,BAJA,,,sin_datos,,sin_datos,MODERADA,0.09375,0.0,7.0,sin_datos,1,4.099237171143138,2,1
15,BOYACÁ,15762,SORA,0.08253968253968254,0.06741606009049908,1.7813397416220333,estable,BAJA,1.4991816693944353,2.6423076923076922,EXCESO,,sin_datos,NORMAL,0.08837209302325581,0.0,1.0,estable,2,8.697405526362381,0,0
15,BOYACÁ,15763,SOTAQUIRÁ,0.059496567505720827,,,sin_datos,BAJA,,,sin_datos,,sin_datos,MODERADA,0.1111111111111111,0.0,0.0,sin_datos,1,1.7570887354385183,2,0
15,BOYACÁ,15764,SORACÁ,0.05613577023498695,,,sin_datos,BAJA,,,sin_datos,,sin_datos,MODERADA,0.1111111111111111,0.0,3.0,sin_datos,1,7.126254433190642,2,0
15,BOYACÁ,15774,SUSACÓN,0.06432748538011696,0.05624703438941481,0.8743857164172666,estable,BAJA,1.250783699059561,0.0,DEFICIT,,sin_datos,NORMAL,0.0945945945945946,0.0,2.0,estable,1,3.262882245892094,0,1
15,BOYACÁ,15776,SUTAMARCHÁN,0.05896805896805897,0.03194692976092599,0.5417666838623698,decreciente,BAJA,0.0,0.0,DEFICIT,0.0,DEFICIT,ALTA,0.08904109589041095,0.0,153.0,estable,1,9.255789820497307,3,0
15,BOYACÁ,15778,SUTATENZA,0.05275779376498801,,,sin_datos,BAJA,,,sin_datos,,sin_datos,MODERADA,0.09375,0.0,7.0,sin_datos,1,7.565799946278043,2,1
15,BOYACÁ,15790,TASCO,0.06779661016949153,0.0699853222919036,1.0322835038055782,estable,ALTA,1.0535714285714286,0.7695652173913043,DEFICIT,1.6784864956684218,EXCESO,MODERADA,0.10227272727272728,0.0,1.0,estable,1,7.037396483359228,2,0
15,BOYACÁ,15798,TENZA,0.055162659123055166,0.01658950059951172,0.4844134175057423,decreciente,BAJA,0.12116182572614109,0.0,DEFICIT,0.5941616231019077,DEFICIT,NORMAL,0.09556313993174062,0.0,0.0,estable,2,3.3140001389546008,0,1
15,BOYACÁ,15804,TIBANÁ,0.04292929292929293,0.11060160568225083,2.5763668147159606,estable,ALTA,3.6642432253800394,4.082474226804123,EXCESO,1.9961784871304937,EXCESO,NORMAL,0.0914826498422713,0.0,0.0,estable,1,10.225059917055919,0,1
15,BOYACÁ,15806,TIBASOSA,0.06182795698924731,0.06275625243318815,1.015014169788956,estable,BAJA,0.872451740934512,0.5054347826086957,DEFICIT,0.7139528706969098,DEFICIT,NORMAL,0.09278350515463918,0.0,0.0,estable,1,6.310460448662112,0,0
15,BOYACÁ,15808,TINJACÁ,0.05221518987341772,,,sin_datos,BAJA,,,sin_datos,,sin_datos,NORMAL,0.09375,0.0,1.0,sin_datos,1,6.024546688470014,0,0
15,BOYACÁ,15810,TIPACOQUE,0.054858934169279,0.12198912198912198,2.2236874236874233,estable,MODERADA,1.7360544217687073,1.5624489795918366,EXCESO,0.7545767993421527,DEFICIT,ALTA,0.10619469026548672,0.0,0.0,estable,1,6.53096047340558,3,1
15,BOYACÁ,15814,TOCA,0.15,0.15653732273648122,1.0435821515765416,insuficiente,ALTA,,,sin_datos,,sin_datos,MODERADA,0.10236220472440945,0.0,1.0,insuficiente,1,10.15931870116576,2,1
15,BOYACÁ,15816,TOGÜÍ,0.09090909090909091,0.12940099791164092,3.8892188816776523,decreciente,MODERADA,3.4919317657906874,1.690625,EXCESO,0.5820191220574605,DEFICIT,MODERADA,0.08648648648648649,0.25,0.0,estable,2,10.191580542893929,2,1
15,BOYACÁ,15820,TÓPAGA,0.0,0.022527472527472527,,estable,BAJA,,,sin_datos,,sin_datos,LEVE,0.09022556390977443,0.0,4.0,insuficiente,1,4.710053917100241,1,0
15,BOYACÁ,15822,TOTA,0.03640256959314775,0.11921270128470046,3.2748430294091246,estable,ALTA,5.4713204783988285,5.494117647058824,EXCESO,1.6313908665362624,EXCESO,NORMAL,0.09448818897637795,0.0,0.0,estable,1,5.844729603817594,0,1
15,BOYACÁ,15832,TUNUNGUÁ,0.0,,,sin_datos,BAJA,,,sin_datos,,sin_datos,MODERADA,0.07142857142857142,0.0,7.0,sin_datos,1,7.235698260302358,2,1
15,BOYACÁ,15835,TURMEQUÉ,0.046343371138052404,0.23400389932647997,5.049349962681935,decreciente,MODERADA,3.7636149543715045,8.631223628691984,EXCESO,,sin_datos,NORMAL,0.08,0.0,2.0,estable,1,7.9031322959548875,0,0
15,BOYACÁ,15837,TUTA,0.06575342465753424,0.05954084710109924,1.4233097735596105,decreciente,BAJA,0.49594941711124285,0.0,DEFICIT,0.25055378926702315,DEFICIT,MODERADA,0.09876543209876543,0.14285714285714285,0.0,estable,2,6.405831126786575,2,0
15,BOYACÁ,15839,TUTAZÁ,0.054274084124830396,0.05624703438941481,1.0363516086249678,estable,BAJA,1.482471264367816,0.0,DEFICIT,,sin_datos,NORMAL,0.0945945945945946,0.0,2.0,estable,1,12.369536667743036,0,0
15,BOYACÁ,15842,ÚMBITA,0.046343371138052404,0.23400389932647997,5.049349962681935,decreciente,MODERADA,3.7636149543715045,8.631223628691984,EXCESO,,sin_datos,NORMAL,0.08,0.0,2.0,estable,1,7.149682572390979,0,1
15,BOYACÁ,15861,VENTAQUEMADA,0.053035143769968054,0.02156976834396189,0.40670707781084764,estable,BAJA,0.6501869547154133,0.0,DEFICIT,,sin_datos,LEVE,0.07961783439490445,0.0,4.0,estable,1,4.738541576782229,1,0
15,BOYACÁ,15879,VIRACACHÁ,0.04059539918809202,0.15653732273648122,3.8560360500753204,insuficiente,MODERADA,,,sin_datos,,sin_datos,MODERADA,0.10236220472440945,0.0,1.0,insuficiente,1,7.442053783474717,2,0
15,BOYACÁ,15897,ZETAQUIRA,0.05625790139064475,0.02594372363163083,0.7134523998698479,estable,BAJA,0.4564315352697096,0.34375000000000006,DEFICIT,0.7693153282312898,DEFICIT,NORMAL,0.07945205479452055,0.0,0.0,estable,2,1.0609620630268604,0,1
17,CALDAS,17001,MANIZALES,0.055495103373231776,,,sin_datos,BAJA,,,sin_datos,,sin_datos,NORMAL,0.09375,0.0,4.0,sin_datos,1,0.20158899310861403,0,1
17,CALDAS,17013,AGUADAS,0.05317769130998703,,,sin_datos,BAJA,,,sin_datos,,sin_datos,NORMAL,0.08653846153846154,0.0,1.0,sin_datos,1,13.732396666184652,0,1
17,CALDAS,17042,ANSERMA,0.05174927113702624,,,sin_datos,BAJA,,,sin_datos,,sin_datos,MODERADA,0.076,0.0,7.0,sin_datos,1,4.535638816901884,2,1
17,CALDAS,17050,ARANZAZU,0.2,,,sin_datos,ALTA,,,sin_datos,,sin_datos,NORMAL,0.07792207792207792,0.0,0.0,sin_datos,1,18.7846270242057,0,0
17,CALDAS,17088,BELALCÁZAR,0.05423476968796434,,,sin_datos,BAJA,,,sin_datos,,sin_datos,NORMAL,0.09266409266409266,0.0,0.0,sin_datos,1,3.0992551161448563,0,1
17,CALDAS,17174,CHINCHINÁ,0.05304010349288486,,,sin_datos,BAJA,,,sin_datos,,sin_datos,MODERADA,0.07166123778501629,0.0,7.0,sin_datos,1,0.8550660193598131,2,1
17,CALDAS,17272,FILADELFIA,0.07377049180327869,0.03787878787878787,0.674931129476584,estable,BAJA,0.0,,sin_datos,,sin_datos,ALTA,0.09836065573770492,0.0,28.0,creciente,2,8.473553729591963,3,1
17,CALDAS,17380,LA DORADA,0.05364186168814094,0.0347167325428195,1.9557092665788316,creciente,ALTA,1.769633507853403,2.6825396825396823,EXCESO,4.44461462267428,EXCESO,ALTA,0.10294117647058823,0.0,2.0,estable,2,9.247342045707724,3,1
17,CALDAS,17388,LA MERCED,0.2,,,sin_datos,ALTA,,,sin_datos,,sin_datos,NORMAL,0.07792207792207792,0.0,0.0,sin_datos,1,7.806470806488212,0,1
17,CALDAS,17433,MANZANARES,0.0782122905027933,0.04297906841454493,1.0054032075545332,decreciente,BAJA,0.0,0.0,DEFICIT,0.0,DEFICIT,ALTA,0.09090909090909091,0.0,77.0,creciente,2,3.705976594773303,3,1
17,CALDAS,17442,MARMATO,0.05371900826446281,,,sin_datos,BAJA,,,sin_datos,,sin_datos,MODERADA,0.0830188679245283,0.0,5.0,sin_datos,2,5.832507590055646,2,1
17,CALDAS,17444,MARQUETALIA,0.05515587529976019,,,sin_datos,BAJA,,,sin_datos,,sin_datos,NORMAL,0.09090909090909091,0.0,2.0,sin_datos,1,5.0812166414489335,0,1
17,CALDAS,17446,MARULANDA,0.058419243986254296,0.0,0.0,estable,BAJA,0.0,0.0,DEFICIT,,sin_datos,ALTA,0.10344827586206896,0.0,61.0,insuficiente,1,11.213881217850762,3,0
17,CALDAS,17486,NEIRA,0.055495103373231776,,,sin_datos,BAJA,,,sin_datos,,sin_datos,NORMAL,0.09375,0.0,4.0,sin_datos,1,10.85255647463137,0,1
17,CALDAS,17495,NORCASIA,0.05747126436781609,0.01843401607466943,0.3207518796992481,estable,BAJA,0.7212435233160622,0.3107142857142857,DEFICIT,0.3533484994562043,DEFICIT,NORMAL,0.09278350515463918,0.0,0.0,estable,1,17.596890198941693,0,1
17,CALDAS,17513,PÁCORA,0.05192761605035405,,,sin_datos,BAJA,,,sin_datos,,sin_datos,NORMAL,0.07792207792207792,0.0,0.0,sin_datos,1,7.630548997365342,0,1
17,CALDAS,17524,PALESTINA,0.05219454329774614,,,sin_datos,BAJA,,,sin_datos,,sin_datos,ALTA,0.10429447852760736,0.0,11.0,sin_datos,1,3.4390300135398078,3,1
17,CALDAS,17541,PENSILVANIA,0.06467661691542288,0.08607220210860887,1.5406924177440988,estable,MODERADA,2.1539419087136933,2.0137500000000004,EXCESO,1.095204350094928,NORMAL,ALTA,0.0979020979020979,0.2857142857142857,0.0,creciente,2,4.246088490097751,3,1
17,CALDAS,17614,RIOSUCIO,0.05916030534351145,0.0,0.0,insuficiente,BAJA,0.0,0.0,DEFICIT,0.46486608529633056,DEFICIT,MODERADA,0.06976744186046512,0.3333333333333333,0.0,insuficiente,1,10.115966818471959,2,1
17,CALDAS,17616,RISARALDA,0.05219454329774614,,,sin_datos,BAJA,,,sin_datos,,sin_datos,ALTA,0.10429447852760736,0.0,11.0,sin_datos,1,6.101489414324711,3,1
17,CALDAS,17653,SALAMINA,0.058007566204287514,0.09523809523809523,5.714285714285714,estable,MODERADA,1.2765957446808511,1.2765957446808511,EXCESO,0.5216126571068079,DEFICIT,MODERADA,0.09219858156028368,0.14285714285714285,1.0,estable,2,10.42759536162898,2,1
17,CALDAS,17662,SAMANÁ,0.05218525766470972,,,sin_datos,BAJA,,,sin_datos,,sin_datos,NORMAL,0.08433734939759036,0.0,1.0,sin_datos,1,16.919706054899663,0,1
17,CALDAS,17665,SAN JOSÉ,0.056666666666666664,,,sin_datos,BAJA,,,sin_datos,,sin_datos,NORMAL,0.0989010989010989,0.0,0.0,sin_datos,1,2.4110015063785,0,0
17,CALDAS,17777,SUPÍA,0.05371900826446281,,,sin_datos,BAJA,,,sin_datos,,sin_datos,MODERADA,0.0830188679245283,0.0,5.0,sin_datos,2,0.8730876789244703,2,1
17,CALDAS,17867,VICTORIA,0.05823293172690763,0.06445348782899765,1.1068219634083045,decreciente,MODERADA,0.6412934611532408,0.10732758620689656,DEFICIT,0.0,DEFICIT,ALTA,0.09523809523809523,0.0,90.0,creciente,1,18.3767758616839,3,1
17,CALDAS,17873,VILLAMARÍA,0.05672609400324149,0.04003267973856209,3.5428921568627447,estable,BAJA,14.16,,sin_datos,,sin_datos,ALTA,0.09,0.0,14.0,insuficiente,2,4.681378888171219,3,1
17,CALDAS,17877,VITERBO,0.05714285714285714,0.08915659979619936,1.8054211458730371,estable,ALTA,2.268672199170125,1.8984375,EXCESO,1.2703349248540479,EXCESO,MODERADA,0.08783783783783784,0.2727272727272727,0.0,estable,2,6.999944174444703,2,1
18,CAQUETÁ,18001,FLORENCIA,0.066,0.15231576183957135,2.3078145733268385,creciente,ALTA,4.840940525587828,4.924242424242424,EXCESO,12.380200844459344,EXCESO,SEVERA,0.08256880733944955,0.2,25.0,estable,2,9.82384588647992,4,1
18,CAQUETÁ,18029,ALBANIA,0.06876790830945559,0.07400278265585443,1.0761237977872165,estable,ALTA,1.0860995850622406,1.5450520833333332,EXCESO,1.4383253780249086,EXCESO,MODERADA,0.10185185185185185,0.0,0.0,estable,1,11.77958616814491,2,0
18,CAQUETÁ,18094,BELÉN DE LOS ANDAQUÍES,0.056818181818181816,0.49583333333333335,8.726666666666667,estable,MODERADA,13.53846153846154,15.962790697674418,EXCESO,,sin_datos,ALTA,0.11904761904761904,0.0,1.0,insuficiente,2,20.985752685132102,3,0
18,CAQUETÁ,18205,CURILLO,0.06876790830945559,0.07400278265585443,1.0761237977872165,estable,ALTA,1.0860995850622406,1.5450520833333332,EXCESO,1.4383253780249086,EXCESO,MODERADA,0.10185185185185185,0.0,0.0,estable,1,27.791437024692886,2,0
18,CAQUETÁ,18247,EL DONCELLO,0.06265664160401002,0.03306451612903226,0.5951612903225807,estable,BAJA,0.0,0.0,DEFICIT,,sin_datos,LEVE,0.1,0.0,3.0,insuficiente,2,14.337908363735112,1,0
18,CAQUETÁ,18256,EL PAUJÍL,0.06265664160401002,0.03306451612903226,0.5951612903225807,estable,BAJA,0.0,0.0,DEFICIT,,sin_datos,LEVE,0.1,0.0,3.0,insuficiente,2,18.623071956171643,1,0
18,CAQUETÁ,18410,LA MONTAÑITA,0.14285714285714285,,,sin_datos,ALTA,,,sin_datos,,sin_datos,MODERADA,0.07614213197969544,0.0,3.0,sin_datos,1,32.145158810875074,2,1
18,CAQUETÁ,18460,MILÁN,0.14285714285714285,,,sin_datos,ALTA,,,sin_datos,,sin_datos,MODERADA,0.07614213197969544,0.0,3.0,sin_datos,1,47.52358334619161,2,1
18,CAQUETÁ,18479,MORELIA,0.05462962962962963,0.039285714285714285,0.7191283292978208,estable,BAJA,1.4899487583760347,0.0,DEFICIT,,sin_datos,MODERADA,0.0871559633027523,0.0,6.0,insuficiente,1,12.990520321463922,2,1
18,CAQUETÁ,18592,PUERTO RICO,0.35294117647058826,0.3287807430664573,10.556210286312327,estable,ALTA,9.333471760797343,6.421428571428572,EXCESO,,sin_datos,MODERADA,0.10204081632653061,0.0,2.0,estable,2,34.87668690209889,2,0
18,CAQUETÁ,18610,SAN JOSÉ DEL FRAGUA,0.06876790830945559,0.07400278265585443,1.0761237977872165,estable,ALTA,1.0860995850622406,1.5450520833333332,EXCESO,1.4383253780249086,EXCESO,MODERADA,0.10185185185185185,0.0,0.0,estable,1,33.660036252410244,2,0
18,CAQUETÁ,18785,SOLITA,0.0,0.07400278265585443,,estable,ALTA,,,sin_datos,1.4383253780249086,EXCESO,MODERADA,0.10185185185185185,0.0,0.0,estable,1,43.61566503888613,2,0
18,CAQUETÁ,18860,VALPARAÍSO,0.0,0.07400278265585443,,estable,ALTA,,,sin_datos,1.4383253780249086,EXCESO,MODERADA,0.10185185185185185,0.0,0.0,estable,1,26.398002944908676,2,0
19,CAUCA,19001,POPAYÁN,0.056451612903225805,0.09092828224407172,2.4550636205899368,creciente,MODERADA,6.8275862068965525,9.0,EXCESO,,sin_datos,ALTA,0.10062893081761007,0.0,1.0,estable,2,1.2351980011290489,3,1
19,CAUCA,19022,ALMAGUER,0.0967741935483871,0.12446581196581195,1.2861467236467237,estable,MODERADA,1.682170542635659,4.133333333333334,EXCESO,,sin_datos,NORMAL,0.038461538461538464,0.0,2.0,estable,1,12.327899320422794,0,1
19,CAUCA,19050,ARGELIA,0.08,0.08700541148358985,1.612159095137106,insuficiente,BAJA,,,sin_datos,,sin_datos,MODERADA,0.10784313725490197,0.0,0.0,insuficiente,2,2.0435391844340307,2,1
19,CAUCA,19075,BALBOA,0.05361930294906166,,,sin_datos,BAJA,,,sin_datos,,sin_datos,MODERADA,0.10526315789473684,0.0,7.0,sin_datos,1,4.828093754203809,2,1
19,CAUCA,19100,BOLÍVAR,0.0967741935483871,0.12446581196581195,1.2861467236467237,estable,MODERADA,1.682170542635659,4.133333333333334,EXCESO,,sin_datos,NORMAL,0.038461538461538464,0.0,2.0,estable,1,20.5822234209924,0,1
19,CAUCA,19110,BUENOS AIRES,0.04791481810115351,0.18499567562067562,3.8609282671203964,estable,ALTA,4.460842521911224,1.6696296296296296,EXCESO,1.411078078689563,EXCESO,MODERADA,0.08484848484848485,0.25,0.0,estable,1,22.50742113273731,2,1
19,CAUCA,19130,CAJIBÍO,0.05555555555555555,,,sin_datos,BAJA,,,sin_datos,,sin_datos,ALTA,0.3333333333333333,0.0,24.0,sin_datos,1,8.059925266182892,3,1
19,CAUCA,19137,CALDONO,0.0,,,sin_datos,BAJA,,,sin_datos,,sin_datos,MODERADA,0.09361702127659574,0.0,7.0,sin_datos,1,17.911915745432786,2,1
19,CAUCA,19142,CALOTO,0.05555555555555555,,,sin_datos,BAJA,,,sin_datos,,sin_datos,NORMAL,0.075,0.0,1.0,sin_datos,1,13.887316873204597,0,0
19,CAUCA,19212,CORINTO,0.07733333333333334,0.07418085714431492,0.9592352216937274,estable,BAJA,1.004352192835621,1.2413793103448276,EXCESO,0.2879164235582815,DEFICIT,LEVE,0.09844559585492228,0.0,0.0,estable,1,6.561133714182194,1,0
19,CAUCA,19256,EL TAMBO,0.06688963210702341,,,sin_datos,BAJA,,,sin_datos,,sin_datos,NORMAL,0.07894736842105263,0.0,0.0,sin_datos,1,17.067655999419177,0,1
19,CAUCA,19290,FLORENCIA,0.05342465753424658,,,sin_datos,BAJA,,,sin_datos,,sin_datos,MODERADA,0.10416666666666667,0.0,2.0,sin_datos,1,9.09343059348539,2,1
19,CAUCA,19300,GUACHENÉ,0.040268456375838924,0.07418085714431492,1.842157952417154,estable,MODERADA,1.9288025889967637,2.3840000000000003,EXCESO,0.2879164235582815,DEFICIT,LEVE,0.09844559585492228,0.0,0.0,estable,1,15.980571867127434,1,0
19,CAUCA,19318,GUAPI,0.05454545454545454,0.17725163725163726,3.24961334961335,estable,ALTA,3.444444444444444,3.618421052631579,EXCESO,2.9020270284082876,EXCESO,NORMAL,0.08870967741935484,0.0,0.0,estable,1,28.934159446064612,0,1
19,CAUCA,19355,INZÁ,0.05020737830168086,,,sin_datos,BAJA,,,sin_datos,,sin_datos,ALTA,0.09408194233687406,0.0,559.0,sin_datos,1,9.838015702125814,3,1
19,CAUCA,19364,JAMBALÓ,0.05555555555555555,,,sin_datos,BAJA,,,sin_datos,,sin_datos,NORMAL,0.075,0.0,1.0,sin_datos,1,12.600645558113486,0,0
19,CAUCA,19392,LA SIERRA,0.10899182561307902,0.1450389047504161,4.4774913498757485,estable,CRÍTICA,3.9578163771712154,2.437181663837012,EXCESO,1.6984183484106847,EXCESO,MODERADA,0.10294117647058823,0.5,0.0,estable,2,3.626666956542025,2,1
19,CAUCA,19397,LA VEGA,0.05131761442441054,,,sin_datos,BAJA,,,sin_datos,,sin_datos,NORMAL,0.09836065573770492,0.0,1.0,sin_datos,1,7.333555951858347,0,1
19,CAUCA,19450,MERCADERES,0.3333333333333333,,,sin_datos,BAJA,,,sin_datos,,sin_datos,MODERADA,0.09090909090909091,0.0,17.0,sin_datos,2,14.689591665920045,2,1
19,CAUCA,19455,MIRANDA,0.07733333333333334,0.07418085714431492,0.9592352216937274,estable,BAJA,1.004352192835621,1.2413793103448276,EXCESO,0.2879164235582815,DEFICIT,LEVE,0.09844559585492228,0.0,0.0,estable,1,6.496204717681024,1,0
19,CAUCA,19473,MORALES,0.05555555555555555,,,sin_datos,BAJA,,,sin_datos,,sin_datos,ALTA,0.3333333333333333,0.0,24.0,sin_datos,1,8.81184372623038,3,1
19,CAUCA,19513,PADILLA,0.040268456375838924,0.07418085714431492,1.842157952417154,estable,MODERADA,1.9288025889967637,2.3840000000000003,EXCESO,0.2879164235582815,DEFICIT,LEVE,0.09844559585492228,0.0,0.0,estable,1,9.453692543490982,1,0
19,CAUCA,19517,PÁEZ,0.06109324758842444,,,sin_datos,BAJA,,,sin_datos,,sin_datos,NORMAL,0.08196721311475409,0.0,1.0,sin_datos,1,17.11708324477925,0,1
19,CAUCA,19532,PATÍA,0.03950617283950617,0.09565476190476191,3.646837797619048,estable,MODERADA,10.531767955801106,3.01980198019802,EXCESO,0.0,DEFICIT,ALTA,0.10714285714285714,0.0,29.0,estable,2,1.130121209548466,3,1
19,CAUCA,19533,PIAMONTE,0.07171314741035857,0.18949976389704742,4.155459108313826,creciente,ALTA,7.734143449911086,9.045535714285714,EXCESO,2.747876425074768,EXCESO,NORMAL,0.08527131782945736,0.0,0.0,estable,2,11.653686916339955,0,0
19,CAUCA,19548,PIENDAMÓ - TUNÍA,0.05455904334828102,,,sin_datos,BAJA,,,sin_datos,,sin_datos,MODERADA,0.09361702127659574,0.0,7.0,sin_datos,1,7.048382063684605,2,0
19,CAUCA,19573,PUERTO TEJADA,0.044585987261146494,0.011793956394236898,0.264521593413599,estable,BAJA,0.09306461173681091,0.14017857142857146,DEFICIT,0.06353945704277514,DEFICIT,ALTA,0.10256410256410256,1.0,45.0,estable,1,16.790659639961273,3,1
19,CAUCA,19585,PURACÉ,0.061274509803921566,0.016,0.26112,estable,BAJA,0.0,,sin_datos,,sin_datos,ALTA,0.10843373493975904,0.0,47.0,insuficiente,1,8.435594729687736,3,0
19,CAUCA,19622,ROSAS,0.10899182561307902,0.1450389047504161,4.4774913498757485,estable,CRÍTICA,3.9578163771712154,2.437181663837012,EXCESO,1.6984183484106847,EXCESO,MODERADA,0.10294117647058823,0.5,0.0,estable,2,7.388259447102091,2,1
19,CAUCA,19693,SAN SEBASTIÁN,0.06550218340611354,,,sin_datos,BAJA,,,sin_datos,,sin_datos,NORMAL,0.09302325581395349,0.0,1.0,sin_datos,1,8.734390787013234,0,1
19,CAUCA,19698,SANTANDER DE QUILICHAO,0.21875,0.18499567562067562,0.8456945171230885,estable,CRÍTICA,0.9770992366412213,0.3657142857142857,DEFICIT,1.411078078689563,EXCESO,MODERADA,0.08484848484848485,0.25,0.0,estable,1,23.580612825576598,2,1
19,CAUCA,19701,SANTA ROSA,0.05676126878130217,0.029632436528988254,0.7852595680181887,estable,BAJA,1.2183908045977012,0.0,DEFICIT,,sin_datos,LEVE,0.09848484848484848,0.0,1.0,estable,2,20.639238968461505,1,0
19,CAUCA,19743,SILVIA,0.06436931079323797,0.0,0.0,estable,BAJA,0.0,0.0,DEFICIT,0.012042903095267007,DEFICIT,LEVE,0.09913793103448276,0.0,0.0,estable,2,24.40928600365941,1,0
19,CAUCA,19760,SOTARÁ PAISPAMBA,0.06060606060606061,0.016,0.264,estable,BAJA,0.0,,sin_datos,,sin_datos,ALTA,0.10843373493975904,0.0,47.0,insuficiente,1,12.900869162628391,3,1
19,CAUCA,19780,SUÁREZ,0.05555555555555555,,,sin_datos,BAJA,,,sin_datos,,sin_datos,ALTA,0.3333333333333333,0.0,24.0,sin_datos,1,26.856365929756333,3,1
19,CAUCA,19785,SUCRE,0.05131761442441054,,,sin_datos,BAJA,,,sin_datos,,sin_datos,NORMAL,0.09836065573770492,0.0,1.0,sin_datos,1,11.58091841079034,0,1
19,CAUCA,19807,TIMBÍO,0.0,,,sin_datos,BAJA,,,sin_datos,,sin_datos,MODERADA,0.0,0.0,16.0,sin_datos,1,15.493410459277529,2,1
19,CAUCA,19809,TIMBIQUÍ,0.05454545454545454,0.17725163725163726,3.24961334961335,estable,ALTA,3.444444444444444,3.618421052631579,EXCESO,2.9020270284082876,EXCESO,NORMAL,0.08870967741935484,0.0,0.0,estable,1,47.03990597315325,0,1
19,CAUCA,19821,TORIBÍO,0.05555555555555555,,,sin_datos,BAJA,,,sin_datos,,sin_datos,NORMAL,0.075,0.0,1.0,sin_datos,1,7.031334511354837,0,0
19,CAUCA,19824,TOTORÓ,0.06436931079323797,0.0,0.0,estable,BAJA,0.0,0.0,DEFICIT,0.012042903095267007,DEFICIT,LEVE,0.09913793103448276,0.0,0.0,estable,2,5.279761169438648,1,0
19,CAUCA,19845,VILLA RICA,0.21875,0.18499567562067562,0.8456945171230885,estable,CRÍTICA,0.9770992366412213,0.3657142857142857,DEFICIT,1.411078078689563,EXCESO,MODERADA,0.08484848484848485,0.25,0.0,estable,1,11.676330512429148,2,1
20,CESAR,20001,VALLEDUPAR,0.0,,,sin_datos,BAJA,,,sin_datos,,sin_datos,NORMAL,0.09829059829059829,0.0,2.0,sin_datos,1,25.411156377777328,0,1
20,CESAR,20011,AGUACHICA,0.09767441860465116,0.1636043737457589,3.5124857383783334,estable,ALTA,4.054304983796094,2.966165413533835,EXCESO,2.9276571960664577,EXCESO,NORMAL,0.0958904109589041,0.0,0.0,estable,2,14.643602123086222,0,1
20,CESAR,20013,AGUSTÍN CODAZZI,0.08483754512635379,0.28056655544612125,3.307103653556408,estable,ALTA,6.798446190518231,4.272872340425532,EXCESO,1.5998929484438094,EXCESO,LEVE,0.07878787878787878,0.0,2.0,estable,1,11.872560378009956,1,1
20,CESAR,20032,ASTREA,0.044,0.06452517034538437,1.4664811442132812,estable,MODERADA,1.5432098765432098,0.5611672278338945,DEFICIT,0.3657158708538477,DEFICIT,NORMAL,0.08173076923076923,0.0,3.0,estable,1,42.989647476961984,0,1
20,CESAR,20045,BECERRIL,0.02702702702702703,0.28056655544612125,10.380962551506485,estable,ALTA,21.340248962655597,13.4125,EXCESO,1.5998929484438094,EXCESO,LEVE,0.07878787878787878,0.0,2.0,estable,1,13.594170554314768,1,1
20,CESAR,20060,BOSCONIA,0.05154639175257732,,,sin_datos,BAJA,,,sin_datos,,sin_datos,NORMAL,0.07407407407407407,0.0,6.0,sin_datos,1,10.287835553928586,0,1
20,CESAR,20175,CHIMICHAGUA,0.07692307692307693,,,sin_datos,BAJA,,,sin_datos,,sin_datos,MODERADA,0.3333333333333333,0.0,0.0,sin_datos,1,17.879778450391775,2,1
20,CESAR,20178,CHIRIGUANÁ,0.05791505791505792,0.105124841447809,2.0324136013243073,creciente,ALTA,3.208852005532503,2.2958333333333334,EXCESO,1.60792221954247,EXCESO,MODERADA,0.10416666666666667,0.0,0.0,estable,2,21.203555437217656,2,1
20,CESAR,20228,CURUMANÍ,0.05791505791505792,0.105124841447809,2.0324136013243073,creciente,ALTA,3.208852005532503,2.2958333333333334,EXCESO,1.60792221954247,EXCESO,MODERADA,0.10416666666666667,0.0,0.0,estable,2,2.7270666874265705,2,1
20,CESAR,20238,EL COPEY,0.06408544726301736,0.06041634275929692,2.6583190814090645,estable,BAJA,7.597122302158273,3.6666666666666665,EXCESO,,sin_datos,MODERADA,0.09950248756218906,0.0,5.0,estable,2,23.35780372511593,2,1
20,CESAR,20250,EL PASO,0.04714142427281846,,,sin_datos,BAJA,,,sin_datos,,sin_datos,MODERADA,0.10309278350515463,0.0,0.0,sin_datos,1,24.003424642138302,2,1
20,CESAR,20295,GAMARRA,0.05137751303052867,0.09101051691949226,2.472452376312873,creciente,ALTA,3.7668067226890756,3.287685774946921,EXCESO,3.9694511903104845,EXCESO,NORMAL,0.09876543209876543,0.0,0.0,estable,2,7.850045955489949,0,1
20,CESAR,20310,GONZÁLEZ,0.0,,,sin_datos,BAJA,,,sin_datos,,sin_datos,NORMAL,0.08849557522123894,0.0,4.0,sin_datos,1,4.032074601543344,0,0
20,CESAR,20383,LA GLORIA,0.05327617881200245,,,sin_datos,BAJA,,,sin_datos,,sin_datos,NORMAL,0.08849557522123894,0.0,4.0,sin_datos,1,36.11508285485835,0,1
20,CESAR,20400,LA JAGUA DE IBIRICO,0.04714142427281846,,,sin_datos,BAJA,,,sin_datos,,sin_datos,MODERADA,0.10309278350515463,0.0,0.0,sin_datos,1,25.77154102598697,2,1
20,CESAR,20443,MANAURE BALCÓN DEL CESAR,0.05128205128205128,,,sin_datos,BAJA,,,sin_datos,,sin_datos,MODERADA,0.3333333333333333,0.0,0.0,sin_datos,1,1.9491263609208227,2,0
20,CESAR,20517,PAILITAS,0.0,0.02629519400352734,,estable,BAJA,,,sin_datos,0.014868077166502304,DEFICIT,ALTA,0.10752688172043011,0.0,103.0,estable,1,6.55822365871725,3,1
20,CESAR,20550,PELAYA,0.0,0.02629519400352734,,estable,BAJA,,,sin_datos,0.014868077166502304,DEFICIT,ALTA,0.10752688172043011,0.0,103.0,estable,1,21.028783581922436,3,1
20,CESAR,20570,PUEBLO BELLO,0.06818181818181818,,,sin_datos,BAJA,,,sin_datos,,sin_datos,MODERADA,0.10714285714285714,0.0,3.0,sin_datos,1,3.189976808963264,2,1
20,CESAR,20614,RÍO DE ORO,0.13297872340425532,0.13491830200234275,1.0145856310576176,estable,CRÍTICA,0.9478991596638655,0.9870000000000001,NORMAL,1.6633897119802312,EXCESO,SEVERA,0.0975609756097561,0.14285714285714285,16.0,estable,1,10.345196167917802,4,1
20,CESAR,20621,LA PAZ,0.05128205128205128,,,sin_datos,BAJA,,,sin_datos,,sin_datos,MODERADA,0.3333333333333333,0.0,0.0,sin_datos,1,16.02969252714399,2,1
20,CESAR,20710,SAN ALBERTO,0.06930693069306931,0.08016259074763693,1.1566316665016185,estable,MODERADA,,,sin_datos,,sin_datos,MODERADA,0.13043478260869565,0.0,11.0,estable,1,23.342316815873986,2,1
20,CESAR,20750,SAN DIEGO,0.044802867383512544,0.00861111111111111,1.8772222222222217,estable,BAJA,6.411764705882352,0.0,DEFICIT,,sin_datos,ALTA,0.12,1.0,19.0,insuficiente,2,24.504068368616256,3,1
20,CESAR,20770,SAN MARTÍN,0.09767441860465116,0.1636043737457589,3.5124857383783334,estable,ALTA,4.054304983796094,2.966165413533835,EXCESO,2.9276571960664577,EXCESO,NORMAL,0.0958904109589041,0.0,0.0,estable,2,20.900171551234056,0,1
20,CESAR,20787,TAMALAMEQUE,0.0,0.02629519400352734,,estable,BAJA,,,sin_datos,0.014868077166502304,DEFICIT,ALTA,0.10752688172043011,0.0,103.0,estable,1,15.755652267223368,3,1
23,CÓRDOBA,23001,MONTERÍA,0.05029138786963091,,,sin_datos,BAJA,,,sin_datos,,sin_datos,NORMAL,0.09848484848484848,0.0,4.0,sin_datos,1,9.98752016160032,0,1
23,CÓRDOBA,23068,AYAPEL,0.11475409836065574,0.1343574546084266,3.358936365210665,estable,MODERADA,3.3195020746887964,0.78125,DEFICIT,0.7206955967117457,DEFICIT,NORMAL,0.09929078014184398,0.0,1.0,estable,2,10.014208477124951,0,1
23,CÓRDOBA,23079,BUENAVISTA,0.06637168141592921,,,sin_datos,BAJA,,,sin_datos,,sin_datos,MODERADA,0.10714285714285714,0.0,0.0,sin_datos,1,5.064495016173559,2,1
23,CÓRDOBA,23090,CANALETE,0.06557377049180328,0.17455858273830624,5.411316064887494,estable,MODERADA,7.209302325581396,6.2,EXCESO,,sin_datos,MODERADA,0.10377358490566038,0.0,1.0,estable,2,24.800777591127485,2,0
23,CÓRDOBA,23162,CERETÉ,0.01906090190609019,0.1877695221016504,9.851030293674391,estable,ALTA,11.755287926323247,6.885823170731707,EXCESO,2.1372401686140865,EXCESO,NORMAL,0.08116883116883117,0.0,1.0,estable,1,9.695025759041714,0,1
23,CÓRDOBA,23168,CHIMÁ,0.0625,0.08235546412965768,1.3176874260745228,estable,MODERADA,2.0580912863070537,0.9,NORMAL,0.5967519438174066,DEFICIT,MODERADA,0.10416666666666667,0.0625,0.0,estable,1,5.583313396671387,2,1
23,CÓRDOBA,23182,CHINÚ,0.13774104683195593,0.13098476605924494,0.9509494015901183,estable,CRÍTICA,0.6296938775510204,0.5050434782608696,DEFICIT,2.0438431332752613,EXCESO,NORMAL,0.09545454545454546,0.0,4.0,estable,1,7.448585645791019,0,1
23,CÓRDOBA,23189,CIÉNAGA DE ORO,0.08024691358024691,0.11714737389369831,1.4598365054445481,estable,MODERADA,,,sin_datos,,sin_datos,ALTA,0.10377358490566038,0.0,26.0,estable,1,20.48023623199277,3,1
23,CÓRDOBA,23300,COTORRA,0.0625,0.08235546412965768,1.3176874260745228,estable,MODERADA,2.0580912863070537,0.9,NORMAL,0.5967519438174066,DEFICIT,MODERADA,0.10416666666666667,0.0625,0.0,estable,1,17.0087870956576,2,1
23,CÓRDOBA,23350,LA APARTADA,0.07480314960629922,0.12337362637362637,1.6493105841526892,creciente,ALTA,3.8294956140350873,2.649596965386439,EXCESO,4.856768141955121,EXCESO,MODERADA,0.10416666666666667,0.0,1.0,estable,1,14.091055047883762,2,1
23,CÓRDOBA,23417,LORICA,0.07058823529411765,0.08903351513132583,1.261308131027116,decreciente,MODERADA,0.7083333333333334,0.796875,DEFICIT,0.8884259355607121,NORMAL,MODERADA,0.10160427807486631,0.0,1.0,estable,1,10.380790812621123,2,1
23,CÓRDOBA,23419,LOS CÓRDOBAS,0.09195402298850575,0.1077696426842537,1.171994864191259,estable,MODERADA,1.4683544303797467,1.9272151898734178,EXCESO,1.1280555493827387,NORMAL,MODERADA,0.10666666666666667,0.09090909090909091,0.0,estable,2,30.375275980634136,2,0
23,CÓRDOBA,23464,MOMIL,0.0625,0.08235546412965768,1.3176874260745228,estable,MODERADA,2.0580912863070537,0.9,NORMAL,0.5967519438174066,DEFICIT,MODERADA,0.10416666666666667,0.0625,0.0,estable,1,13.081644981876714,2,1
23,CÓRDOBA,23466,MONTELÍBANO,0.18333333333333332,0.37611240525987066,12.3114127321731,estable,CRÍTICA,17.12790697674419,6.546666666666667,EXCESO,,sin_datos,MODERADA,0.08695652173913043,0.0,4.0,creciente,2,15.300752037020176,2,1
23,CÓRDOBA,23500,MOÑITOS,0.09195402298850575,0.1077696426842537,1.171994864191259,estable,BAJA,1.4683544303797467,1.9272151898734178,EXCESO,1.1280555493827387,NORMAL,MODERADA,0.10666666666666667,0.09090909090909091,0.0,estable,2,17.559610399379846,2,0
23,CÓRDOBA,23555,PLANETA RICA,0.06500691562932227,0.024229691876750697,0.37272483461469685,estable,BAJA,0.7659574468085105,0.0,DEFICIT,0.019197231279886734,DEFICIT,ALTA,0.1005586592178771,0.3333333333333333,60.0,estable,1,16.71702184232495,3,1
23,CÓRDOBA,23570,PUEBLO NUEVO,0.023828435266084195,0.11976320547483554,5.026062523093931,estable,ALTA,5.41505376344086,4.320098039215686,EXCESO,1.2073372566851996,EXCESO,MODERADA,0.1023391812865497,0.0,1.0,estable,1,21.591406356676384,2,1
23,CÓRDOBA,23574,PUERTO ESCONDIDO,0.09195402298850575,0.1077696426842537,1.171994864191259,estable,BAJA,1.4683544303797467,1.9272151898734178,EXCESO,1.1280555493827387,NORMAL,MODERADA,0.10666666666666667,0.09090909090909091,0.0,estable,2,9.717724324191673,2,1
23,CÓRDOBA,23580,PUERTO LIBERTADOR,0.18333333333333332,0.37611240525987066,12.3114127321731,estable,CRÍTICA,17.12790697674419,6.546666666666667,EXCESO,,sin_datos,MODERADA,0.08695652173913043,0.0,4.0,creciente,2,9.105440749731681,2,1
23,CÓRDOBA,23586,PURÍSIMA DE LA CONCEPCIÓN,0.04133804732118575,,,sin_datos,BAJA,,,sin_datos,,sin_datos,ALTA,0.10130718954248366,0.0,40.0,sin_datos,1,12.630814664224532,3,1
23,CÓRDOBA,23660,SAHAGÚN,0.08024691358024691,0.11714737389369831,1.4598365054445481,estable,MODERADA,,,sin_datos,,sin_datos,ALTA,0.10377358490566038,0.0,26.0,estable,1,15.764343182607021,3,0
23,CÓRDOBA,23670,SAN ANDRÉS DE SOTAVENTO,0.0625,0.08235546412965768,1.3176874260745228,estable,MODERADA,2.0580912863070537,0.9,NORMAL,0.5967519438174066,DEFICIT,MODERADA,0.10416666666666667,0.0625,0.0,estable,1,11.591066671474556,2,0
23,CÓRDOBA,23672,SAN ANTERO,0.0508646998982706,,,sin_datos,BAJA,,,sin_datos,,sin_datos,MODERADA,0.10160427807486631,0.0,0.0,sin_datos,1,13.362664182444199,2,1
23,CÓRDOBA,23675,SAN BERNARDO DEL VIENTO,0.04633204633204633,,,sin_datos,BAJA,,,sin_datos,,sin_datos,MODERADA,0.10526315789473684,0.0,8.0,sin_datos,1,5.387737152188941,2,1
23,CÓRDOBA,23678,SAN CARLOS,0.04184100418410042,0.037477598566308244,0.895714605734767,decreciente,BAJA,0.0,0.0,DEFICIT,,sin_datos,ALTA,0.0984251968503937,0.0,16.0,estable,1,8.240587175985075,3,1
23,CÓRDOBA,23682,SAN JOSÉ DE URÉ,0.14285714285714285,0.196969696969697,1.378787878787879,insuficiente,CRÍTICA,,,sin_datos,,sin_datos,MODERADA,0.25,0.0,1.0,insuficiente,1,14.553415587335001,2,1
23,CÓRDOBA,23686,SAN PELAYO,0.01906090190609019,0.1877695221016504,9.851030293674391,estable,ALTA,11.755287926323247,6.885823170731707,EXCESO,2.1372401686140865,EXCESO,NORMAL,0.08116883116883117,0.0,1.0,estable,1,20.176573121299892,0,1
23,CÓRDOBA,23807,TIERRALTA,0.06872852233676977,0.09466165199652142,1.3773270365493866,estable,MODERADA,1.7728991596638655,0.37070063694267513,DEFICIT,0.5165563691752787,DEFICIT,MODERADA,0.09322033898305085,0.13333333333333333,2.0,estable,1,22.489920754509072,2,1
23,CÓRDOBA,23815,TUCHÍN,0.0625,0.08235546412965768,1.3176874260745228,estable,MODERADA,2.0580912863070537,0.9,NORMAL,0.5967519438174066,DEFICIT,MODERADA,0.10416666666666667,0.0625,0.0,estable,1,11.845164129908127,2,0
23,CÓRDOBA,23855,VALENCIA,0.06093189964157706,,,sin_datos,BAJA,,,sin_datos,,sin_datos,ALTA,0.10714285714285714,0.0,35.0,sin_datos,1,15.279529858193213,3,1
25,CUNDINAMARCA,25001,AGUA DE DIOS,0.0641025641025641,0.04224137931034483,0.7653144016227181,estable,BAJA,,,sin_datos,,sin_datos,ALTA,0.109375,0.0,6.0,insuficiente,2,15.548011207320295,3,1
25,CUNDINAMARCA,25019,ALBÁN,0.05337690631808279,,,sin_datos,BAJA,,,sin_datos,,sin_datos,NORMAL,0.1,0.0,3.0,sin_datos,1,8.056806683996674,0,0
25,CUNDINAMARCA,25035,ANAPOIMA,0.061452513966480445,0.07980990960845703,1.2987248927194373,estable,MODERADA,1.6618955512572533,0.9510035419126328,NORMAL,0.5838737715902792,DEFICIT,SEVERA,0.09205020920502092,0.4,11.0,estable,1,2.13460070645563,4,0
25,CUNDINAMARCA,25040,ANOLAIMA,0.05,0.08954280730907538,1.7908561461815076,decreciente,MODERADA,1.4107883817427385,0.5,DEFICIT,0.5083939300175359,DEFICIT,MODERADA,0.10050251256281408,0.14285714285714285,0.0,estable,1,3.3401210101312366,2,0
25,CUNDINAMARCA,25053,ARBELÁEZ,0.052564914502849905,,,sin_datos,BAJA,,,sin_datos,,sin_datos,MODERADA,0.10112359550561797,0.0,0.0,sin_datos,1,10.34645675612315,2,0
25,CUNDINAMARCA,25086,BELTRÁN,0.010869565217391304,0.046760531135531136,4.301968864468865,estable,MODERADA,9.627906976744187,18.400000000000002,EXCESO,,sin_datos,LEVE,0.09752066115702479,0.0,0.0,estable,1,13.402810263217638,1,1
25,CUNDINAMARCA,25095,BITUIMA,0.053516819571865444,,,sin_datos,BAJA,,,sin_datos,,sin_datos,MODERADA,0.1056338028169014,0.0,4.0,sin_datos,1,5.60141850622189,2,0
25,CUNDINAMARCA,25099,BOJACÁ,0.059147180192572216,0.04007491122473954,0.6775455921019917,estable,BAJA,0.7133745461681875,0.975402504472272,NORMAL,0.8847883474172201,NORMAL,NORMAL,0.09950248756218906,0.0,0.0,estable,1,5.727824101497056,0,1
25,CUNDINAMARCA,25120,CABRERA,0.176056338028169,0.18353270241479364,1.042465749716028,estable,CRÍTICA,0.9109433962264151,0.8627848101265824,NORMAL,1.9169844768968929,EXCESO,MODERADA,0.10046189376443418,0.16666666666666666,1.0,estable,1,9.86432183932989,2,0
25,CUNDINAMARCA,25123,CACHIPAY,0.06511627906976744,,,sin_datos,BAJA,,,sin_datos,,sin_datos,NORMAL,0.06060606060606061,0.0,1.0,sin_datos,1,0.6567432927742355,0,0
25,CUNDINAMARCA,25126,CAJICÁ,0.08356545961002786,0.10907507849494429,1.3052651059895,estable,ALTA,1.2413554633471646,0.8227083333333334,DEFICIT,1.2807579702932272,EXCESO,NORMAL,0.08133971291866028,0.0625,2.0,estable,1,7.239347108990878,0,0
25,CUNDINAMARCA,25148,CAPARRAPÍ,0.05357142857142857,,,sin_datos,BAJA,,,sin_datos,,sin_datos,NORMAL,0.09595959595959595,0.0,0.0,sin_datos,1,5.433226078978511,0,1
25,CUNDINAMARCA,25151,CÁQUEZA,0.046236559139784944,0.08719397503648524,1.8858231810216575,estable,ALTA,2.081346696506763,3.1483662054754196,EXCESO,2.654373601948524,EXCESO,NORMAL,0.09836065573770492,0.0,5.0,estable,1,0.43230495893160514,0,1
25,CUNDINAMARCA,25154,CARMEN DE CARUPA,0.06636155606407322,0.060519345113338445,0.9119639246389277,estable,BAJA,0.9497247174731962,0.67186470459038,DEFICIT,0.0,DEFICIT,ALTA,0.10606060606060606,0.0,85.0,estable,1,3.2187907675848813,3,1
25,CUNDINAMARCA,25168,CHAGUANÍ,0.053516819571865444,,,sin_datos,BAJA,,,sin_datos,,sin_datos,MODERADA,0.1056338028169014,0.0,4.0,sin_datos,1,11.134752979005293,2,1
25,CUNDINAMARCA,25175,CHÍA,0.07476635514018691,0.0535425483807534,1.167227554700424,estable,MODERADA,1.1759336099585063,0.40874999999999995,DEFICIT,0.8931376104547027,NORMAL,MODERADA,0.09090909090909091,0.0,8.0,estable,2,0.4002001344491364,2,0
25,CUNDINAMARCA,25178,CHIPAQUE,0.03125,0.049790905290071026,1.5933089692822728,estable,ALTA,1.7339901477832513,2.098360655737705,EXCESO,1.9159972553866802,EXCESO,NORMAL,0.0892018779342723,0.0,0.0,estable,1,5.514584341112903,0,0
25,CUNDINAMARCA,25181,CHOACHÍ,1.0,0.09990772812794982,0.09990772812794982,estable,ALTA,0.18620689655172415,0.078125,DEFICIT,0.9224122118735607,NORMAL,NORMAL,0.06862745098039216,0.0,2.0,estable,1,3.179113523733137,0,1
25,CUNDINAMARCA,25183,CHOCONTÁ,0.05217391304347826,,,sin_datos,BAJA,,,sin_datos,,sin_datos,NORMAL,0.09944751381215469,0.0,0.0,sin_datos,1,3.8078136072386664,0,1
25,CUNDINAMARCA,25200,COGUA,0.04817275747508306,0.09796583344970443,2.0336355771283467,estable,MODERADA,2.413793103448276,6.919540229885056,EXCESO,,sin_datos,NORMAL,0.09886714727085479,0.0,1.0,estable,1,5.507606806661017,0,1
25,CUNDINAMARCA,25214,COTA,0.032679738562091505,0.050403651220984495,1.5423517273621254,decreciente,MODERADA,0.0,0.0,DEFICIT,0.0037795362749956946,DEFICIT,ALTA,0.09748427672955975,0.0,136.0,creciente,1,4.843024474790165,3,0
25,CUNDINAMARCA,25224,CUCUNUBÁ,0.08496732026143791,0.06766678554270827,0.796386014464182,estable,ALTA,0.7325247366741142,0.8091346153846154,DEFICIT,1.5254712556774819,EXCESO,ALTA,0.08658008658008658,0.07142857142857142,12.0,estable,1,1.2138725951436848,3,1
25,CUNDINAMARCA,25245,EL COLEGIO,0.052336448598130844,,,sin_datos,BAJA,,,sin_datos,,sin_datos,NORMAL,0.09933774834437085,0.0,0.0,sin_datos,1,2.037136086152878,0,0
25,CUNDINAMARCA,25258,EL PEÑÓN,0.061224489795918366,0.13907515722031852,2.2715609012652025,estable,MODERADA,3.6881720430107525,6.533333333333334,EXCESO,,sin_datos,NORMAL,0.1,0.0,0.0,decreciente,1,3.837025949336257,0,1
25,CUNDINAMARCA,25260,EL ROSAL,0.047619047619047616,0.093248933108176,1.958227595271696,estable,MODERADA,1.829875518672199,1.575,EXCESO,0.8871178502745858,NORMAL,MODERADA,0.0967741935483871,0.16666666666666666,0.0,estable,1,5.5326335254928285,2,0
25,CUNDINAMARCA,25269,FACATATIVÁ,0.058823529411764705,0.05226899665188585,0.8885729430820595,estable,BAJA,0.9208333333333334,0.53125,DEFICIT,1.106499736071522,NORMAL,NORMAL,0.09375,0.0,0.0,estable,1,4.7234271087765185,0,0
25,CUNDINAMARCA,25279,FÓMEQUE,0.08045977011494253,0.11232029659194057,1.3959808290712614,estable,ALTA,1.8612836438923395,1.5782312925170068,EXCESO,2.655636309227267,EXCESO,NORMAL,0.09056603773584905,0.0,0.0,decreciente,1,15.025071252266459,0,1
25,CUNDINAMARCA,25281,FOSCA,0.0,1.0,,insuficiente,BAJA,,,sin_datos,,sin_datos,MODERADA,0.0,0.0,49.0,sin_datos,1,8.65275721216461,2,0
25,CUNDINAMARCA,25286,FUNZA,0.06521739130434782,0.0724461225909485,1.1108405463945437,estable,BAJA,1.4633471645919778,0.7666666666666667,DEFICIT,1.0944415914933303,sin_datos,NORMAL,0.0985576923076923,0.07692307692307693,13.0,estable,2,5.926498255773172,0,0
25,CUNDINAMARCA,25288,FÚQUENE,0.05435651478816946,,,sin_datos,BAJA,,,sin_datos,,sin_datos,NORMAL,0.09420289855072464,0.0,2.0,sin_datos,1,3.621717681694114,0,1
25,CUNDINAMARCA,25290,FUSAGASUGÁ,0.05533596837944664,,,sin_datos,BAJA,,,sin_datos,,sin_datos,MODERADA,0.1111111111111111,0.0,10.0,sin_datos,1,6.779001028445015,2,0
25,CUNDINAMARCA,25293,GACHALÁ,0.0,0.009586618876941457,,estable,BAJA,,,sin_datos,0.370540911108938,DEFICIT,NORMAL,0.09615384615384616,0.0,0.0,decreciente,1,14.470882077871144,0,1
25,CUNDINAMARCA,25295,GACHANCIPÁ,0.05389221556886228,,,sin_datos,BAJA,,,sin_datos,,sin_datos,NORMAL,0.0967741935483871,0.0,2.0,sin_datos,1,6.367526570588329,0,0
25,CUNDINAMARCA,25297,GACHETÁ,0.050271739130434784,0.0,0.0,estable,BAJA,0.0,0.0,DEFICIT,0.0036691292717031037,DEFICIT,ALTA,0.08396946564885496,0.0,93.0,insuficiente,1,19.078418588197863,3,1
25,CUNDINAMARCA,25299,GAMA,0.04020100502512563,0.009586618876941457,0.23846714456391874,estable,BAJA,0.20643153526970953,0.0,DEFICIT,0.370540911108938,DEFICIT,NORMAL,0.09615384615384616,0.0,0.0,decreciente,1,9.291984370327176,0,1
25,CUNDINAMARCA,25307,GIRARDOT,0.12871287128712872,0.0891772537710665,0.6928386639136704,estable,ALTA,0.9711538461538461,0.3699633699633699,DEFICIT,0.0,DEFICIT,MODERADA,0.09845288326300984,0.0,10.0,estable,1,3.5075392509612136,2,1
25,CUNDINAMARCA,25312,GRANADA,0.05299145299145299,,,sin_datos,BAJA,,,sin_datos,,sin_datos,MODERADA,0.10071942446043165,0.0,1.0,sin_datos,1,7.3038904554959565,2,0
25,CUNDINAMARCA,25317,GUACHETÁ,0.05059159526723786,,,sin_datos,BAJA,,,sin_datos,,sin_datos,NORMAL,0.09523809523809523,0.0,2.0,sin_datos,1,10.362395832485873,0,1
25,CUNDINAMARCA,25320,GUADUAS,0.0547945205479452,0.05737680971112642,1.0471267772280572,estable,BAJA,0.19518716577540107,0.3443396226415094,DEFICIT,0.2585814670643547,DEFICIT,MODERADA,0.109375,0.0,1.0,estable,1,7.450512351882565,2,1
25,CUNDINAMARCA,25322,GUASCA,0.2185430463576159,0.19724035040412213,0.9025240276067407,estable,CRÍTICA,0.7563235662409216,0.6863636363636363,DEFICIT,2.493319230686209,EXCESO,NORMAL,0.09058402860548272,0.0,0.0,estable,1,3.1822181086583217,0,1
25,CUNDINAMARCA,25324,GUATAQUÍ,0.05421686746987952,0.0677485547109203,1.2495844535569745,estable,MODERADA,1.517075517075517,0.8607407407407408,NORMAL,0.0,DEFICIT,ALTA,0.10638297872340426,0.0,72.0,decreciente,1,11.06914114450803,3,1
25,CUNDINAMARCA,25326,GUATAVITA,0.056451612903225805,0.0740723058485328,1.3121379893168668,estable,ALTA,1.6170717249555424,1.1071428571428572,NORMAL,1.6597366597366596,EXCESO,NORMAL,0.08045977011494253,0.0,0.0,estable,1,9.413845212154621,0,1
25,CUNDINAMARCA,25328,GUAYABAL DE SÍQUIMA,0.053516819571865444,,,sin_datos,BAJA,,,sin_datos,,sin_datos,MODERADA,0.1056338028169014,0.0,4.0,sin_datos,1,10.692628195773283,2,0
25,CUNDINAMARCA,25335,GUAYABETAL,0.002663115845539281,0.04394276468803721,16.500508140357972,creciente,ALTA,29.533707865168537,54.19587628865978,EXCESO,10.74369142364366,EXCESO,LEVE,0.0979020979020979,0.0,0.0,estable,1,2.3954066538777505,1,1
25,CUNDINAMARCA,25339,GUTIÉRREZ,0.0783132530120482,0.06875103290726124,0.8778978048157974,estable,ALTA,0.7947654005745292,1.0375,NORMAL,1.4282159981010472,EXCESO,NORMAL,0.0944055944055944,0.0,0.0,estable,1,10.013241195907026,0,1
25,CUNDINAMARCA,25368,JERUSALÉN,0.05213903743315508,0.07980990960845703,1.5307131381314323,estable,MODERADA,1.9587561374795417,1.120879120879121,NORMAL,0.5838737715902792,DEFICIT,SEVERA,0.09205020920502092,0.4,11.0,estable,1,18.075775314503126,4,0
25,CUNDINAMARCA,25372,JUNÍN,0.04020100502512563,0.009586618876941457,0.23846714456391874,estable,BAJA,0.20643153526970953,0.0,DEFICIT,0.370540911108938,DEFICIT,NORMAL,0.09615384615384616,0.0,0.0,decreciente,1,8.303583276448443,0,1
25,CUNDINAMARCA,25377,LA CALERA,0.05560538116591928,0.0,0.0,insuficiente,BAJA,,,sin_datos,,sin_datos,ALTA,0.08396946564885496,0.0,27.0,insuficiente,2,8.38079533858608,3,1
25,CUNDINAMARCA,25386,LA MESA,0.05663430420711974,0.05932027649769585,1.0474265964450296,estable,BAJA,2.066261398176292,0.0,DEFICIT,0.1881650024553937,DEFICIT,NORMAL,0.08333333333333333,0.0,4.0,estable,1,5.375525476783244,0,0
25,CUNDINAMARCA,25394,LA PALMA,0.05434782608695652,,,sin_datos,BAJA,,,sin_datos,,sin_datos,ALTA,0.09420289855072464,0.0,13.0,sin_datos,1,0.8012516884436531,3,0
25,CUNDINAMARCA,25398,LA PEÑA,0.06666666666666667,0.13907515722031852,2.0861273583047777,estable,MODERADA,3.3870967741935485,6.0,EXCESO,,sin_datos,NORMAL,0.1,0.0,0.0,decreciente,1,9.01458280665989,0,1
25,CUNDINAMARCA,25402,LA VEGA,0.05337690631808279,,,sin_datos,BAJA,,,sin_datos,,sin_datos,NORMAL,0.1,0.0,3.0,sin_datos,1,7.432763351249262,0,0
25,CUNDINAMARCA,25407,LENGUAZAQUE,0.05162116040955631,,,sin_datos,BAJA,,,sin_datos,,sin_datos,MODERADA,0.10305343511450382,0.0,2.0,sin_datos,1,6.933281626479842,2,0
25,CUNDINAMARCA,25426,MACHETÁ,0.042582417582417584,,,sin_datos,BAJA,,,sin_datos,,sin_datos,MODERADA,0.10869565217391304,0.0,7.0,sin_datos,1,9.681006464492572,2,1
25,CUNDINAMARCA,25430,MADRID,0.06521739130434782,0.0724461225909485,1.1108405463945437,estable,BAJA,1.4633471645919778,0.7666666666666667,DEFICIT,1.0944415914933303,sin_datos,NORMAL,0.0985576923076923,0.07692307692307693,13.0,estable,2,11.14749124947536,0,0
25,CUNDINAMARCA,25436,MANTA,0.050271739130434784,0.0,0.0,estable,BAJA,0.0,0.0,DEFICIT,0.0036691292717031037,DEFICIT,ALTA,0.08396946564885496,0.0,93.0,insuficiente,1,8.774322018288114,3,1
25,CUNDINAMARCA,25438,MEDINA,0.06857142857142857,0.0642782508728568,0.9373911585624949,decreciente,BAJA,0.0,0.0,DEFICIT,0.04081087631206808,DEFICIT,NORMAL,0.08163265306122448,0.0,1.0,estable,1,5.221236568024793,0,1
25,CUNDINAMARCA,25473,MOSQUERA,0.06521739130434782,0.0724461225909485,1.1108405463945437,estable,BAJA,1.4633471645919778,0.7666666666666667,DEFICIT,1.0944415914933303,sin_datos,NORMAL,0.0985576923076923,0.07692307692307693,13.0,estable,2,3.6158001272551554,0,0
25,CUNDINAMARCA,25483,NARIÑO,0.09574468085106383,0.062031593010458415,1.247647337990113,estable,MODERADA,0.5113498789346247,0.758984725965858,DEFICIT,0.6128164500878632,DEFICIT,ALTA,0.10029498525073746,0.6666666666666666,24.0,creciente,2,4.262719967793009,3,0
25,CUNDINAMARCA,25486,NEMOCÓN,0.07614213197969544,0.2149213694418301,2.822633985336035,creciente,BAJA,5.7219917012448125,7.962083333333332,EXCESO,,sin_datos,ALTA,0.10606060606060606,0.0,69.0,estable,3,0.4535866898432572,3,1
25,CUNDINAMARCA,25488,NILO,0.10679611650485436,0.05399154871683685,0.5055572288940178,estable,ALTA,0.5050924179554885,0.0,DEFICIT,0.007343516215982869,DEFICIT,ALTA,0.1,0.0,93.0,estable,1,8.466789174488346,3,1
25,CUNDINAMARCA,25489,NIMAIMA,0.05263157894736842,0.03914655575438087,0.8469891154129678,estable,BAJA,0.0,0.0,DEFICIT,0.0,DEFICIT,ALTA,0.09743589743589744,0.0,235.0,estable,2,5.5255813560857385,3,1
25,CUNDINAMARCA,25491,NOCAIMA,0.05263157894736842,0.03914655575438087,0.8469891154129678,estable,BAJA,0.0,0.0,DEFICIT,0.0,DEFICIT,ALTA,0.09743589743589744,0.0,235.0,estable,2,9.122564754365605,3,0
25,CUNDINAMARCA,25506,VENECIA,0.08035714285714286,0.09194998495765364,1.1442664794730228,decreciente,MODERADA,0.0,0.0,DEFICIT,0.0034948997552517306,DEFICIT,ALTA,0.09151414309484193,0.0,78.0,creciente,1,8.109703734771164,3,0
25,CUNDINAMARCA,25513,PACHO,0.046511627906976744,0.08614810613211614,1.852184281840497,estable,MODERADA,1.962655601659751,0.80625,DEFICIT,0.6900134549093457,DEFICIT,SEVERA,0.09615384615384616,0.2,40.0,estable,1,3.974903117007151,4,1
25,CUNDINAMARCA,25518,PAIME,0.05580357142857143,0.021383932674255254,0.3929297628894403,decreciente,BAJA,0.0,0.0,DEFICIT,0.0,DEFICIT,ALTA,0.08333333333333333,0.0,228.0,estable,2,14.869689967258664,3,0
25,CUNDINAMARCA,25524,PANDI,0.0625,0.04775849896817638,0.7641359834908221,estable,BAJA,0.5311203319502075,0.8,DEFICIT,0.01847197623108976,DEFICIT,MODERADA,0.10256410256410256,0.0,0.0,estable,1,3.534153697331227,2,0
25,CUNDINAMARCA,25530,PARATEBUENO,0.0670391061452514,,,sin_datos,BAJA,,,sin_datos,,sin_datos,MODERADA,0.09302325581395349,0.0,4.0,sin_datos,1,6.443257193160797,2,1
25,CUNDINAMARCA,25535,PASCA,0.05128205128205128,,,sin_datos,BAJA,,,sin_datos,,sin_datos,MODERADA,0.10067114093959731,0.0,3.0,sin_datos,1,1.812056679978783,2,0
25,CUNDINAMARCA,25572,PUERTO SALGAR,0.13286713286713286,0.13006428889700597,0.9789049111722028,estable,ALTA,1.030574361214239,0.7526315789473684,DEFICIT,0.13067914146447787,DEFICIT,SEVERA,0.09090909090909091,0.6666666666666666,49.0,estable,1,16.345024233692655,4,1
25,CUNDINAMARCA,25580,PULÍ,0.010869565217391304,0.046760531135531136,4.301968864468865,estable,MODERADA,9.627906976744187,18.400000000000002,EXCESO,,sin_datos,LEVE,0.09752066115702479,0.0,0.0,estable,1,18.213095191434185,1,0
25,CUNDINAMARCA,25592,QUEBRADANEGRA,0.1893939393939394,0.13736926675215597,0.7253097284513835,estable,CRÍTICA,0.8325311203319502,0.627,DEFICIT,1.3923243883045644,EXCESO,MODERADA,0.10112359550561797,0.16666666666666666,0.0,estable,1,4.382525575236012,2,1
25,CUNDINAMARCA,25594,QUETAME,0.0,1.0,,insuficiente,BAJA,,,sin_datos,,sin_datos,MODERADA,0.0,0.0,49.0,sin_datos,1,3.3403603629041534,2,1
25,CUNDINAMARCA,25596,QUIPILE,0.05663430420711974,0.05932027649769585,1.0474265964450296,estable,BAJA,2.066261398176292,0.0,DEFICIT,0.1881650024553937,DEFICIT,NORMAL,0.08333333333333333,0.0,4.0,estable,1,10.48801059887876,0,0
25,CUNDINAMARCA,25599,APULO,0.05434782608695652,,,sin_datos,BAJA,,,sin_datos,,sin_datos,NORMAL,0.08227848101265822,0.0,0.0,sin_datos,1,7.2881637365048615,0,0
25,CUNDINAMARCA,25612,RICAURTE,0.0641025641025641,0.04224137931034483,0.7653144016227181,estable,BAJA,,,sin_datos,,sin_datos,ALTA,0.109375,0.0,6.0,insuficiente,2,7.148378790568489,3,1
25,CUNDINAMARCA,25645,SAN ANTONIO DEL TEQUENDAMA,0.032849020846494,0.1725359424080225,5.2523922467673,estable,MODERADA,4.435303107488537,3.0442307692307695,EXCESO,0.8372927459980851,DEFICIT,MODERADA,0.10344827586206896,0.0,3.0,estable,1,3.6371901373995117,2,0
25,CUNDINAMARCA,25649,SAN BERNARDO,0.052564914502849905,,,sin_datos,BAJA,,,sin_datos,,sin_datos,MODERADA,0.10112359550561797,0.0,0.0,sin_datos,1,8.23108825269039,2,0
25,CUNDINAMARCA,25653,SAN CAYETANO,0.055944055944055944,0.09964208946411394,1.7811023491710367,estable,MODERADA,1.3518907563025209,1.5939490445859872,EXCESO,0.6677037917460052,DEFICIT,MODERADA,0.09490740740740741,0.14285714285714285,0.0,estable,1,5.706236383734242,2,0
25,CUNDINAMARCA,25658,SAN FRANCISCO,0.08374384236453201,0.093248933108176,1.1135019659388077,estable,MODERADA,1.0405174517939957,0.8955882352941177,NORMAL,0.8871178502745858,NORMAL,MODERADA,0.0967741935483871,0.16666666666666666,0.0,estable,1,9.816035356980942,2,0
25,CUNDINAMARCA,25662,SAN JUAN DE RIOSECO,0.053516819571865444,,,sin_datos,BAJA,,,sin_datos,,sin_datos,MODERADA,0.1056338028169014,0.0,4.0,sin_datos,1,7.896597556616666,2,1
25,CUNDINAMARCA,25718,SASAIMA,0.05337690631808279,,,sin_datos,BAJA,,,sin_datos,,sin_datos,NORMAL,0.1,0.0,3.0,sin_datos,1,1.410175468464275,0,0
25,CUNDINAMARCA,25736,SESQUILÉ,0.2582781456953642,0.25853540166245315,1.0009960423341135,estable,CRÍTICA,0.9292307692307692,1.0754985754985755,NORMAL,3.7901474575619876,EXCESO,NORMAL,0.09973045822102426,0.0,0.0,estable,1,11.816251927285819,0,1
25,CUNDINAMARCA,25740,SIBATÉ,0.04176334106728538,0.17617031291947866,4.21830027046085,estable,ALTA,3.4885945548197204,2.394444444444445,EXCESO,1.438496193304286,EXCESO,NORMAL,0.09365558912386707,0.0,2.0,estable,1,9.881499639324215,0,0
25,CUNDINAMARCA,25743,SILVANIA,0.5,0.16395604395604396,0.3279120879120879,estable,ALTA,0.20689655172413793,0.0,DEFICIT,,sin_datos,NORMAL,0.09523809523809523,0.0,1.0,estable,1,4.156520590967203,0,0
25,CUNDINAMARCA,25745,SIMIJACA,0.06857142857142857,0.09613799379250756,1.4020124094740687,estable,ALTA,1.9345238095238095,0.8876811594202898,NORMAL,1.6985434249931934,EXCESO,NORMAL,0.09523809523809523,0.0,0.0,estable,1,1.6757380761197878,0,0
25,CUNDINAMARCA,25754,SOACHA,0.04176334106728538,0.17617031291947866,4.21830027046085,estable,ALTA,3.4885945548197204,2.394444444444445,EXCESO,1.438496193304286,EXCESO,NORMAL,0.09365558912386707,0.0,2.0,estable,1,3.6156646919994433,0,0
25,CUNDINAMARCA,25758,SOPÓ,0.05015197568389058,0.05671081536388714,1.13077928816478,estable,MODERADA,1.2410411165597888,0.49848484848484853,DEFICIT,0.9732827425417572,NORMAL,MODERADA,0.09090909090909091,0.0,8.0,estable,1,8.273987677992023,2,0
25,CUNDINAMARCA,25769,SUBACHOQUE,0.05363204344874406,,,sin_datos,BAJA,,,sin_datos,,sin_datos,NORMAL,0.08875739644970414,0.0,0.0,sin_datos,1,4.285982903693182,0,0
25,CUNDINAMARCA,25772,SUESCA,0.07614213197969544,0.2149213694418301,2.822633985336035,creciente,BAJA,5.7219917012448125,7.962083333333332,EXCESO,,sin_datos,ALTA,0.10606060606060606,0.0,69.0,estable,3,7.253604845859319,3,1
25,CUNDINAMARCA,25777,SUPATÁ,0.05433070866141732,,,sin_datos,BAJA,,,sin_datos,,sin_datos,NORMAL,0.09424083769633508,0.0,0.0,sin_datos,1,9.592484493352812,0,0
25,CUNDINAMARCA,25779,SUSA,0.05435651478816946,,,sin_datos,BAJA,,,sin_datos,,sin_datos,NORMAL,0.09420289855072464,0.0,2.0,sin_datos,1,6.166119037549544,0,1
25,CUNDINAMARCA,25781,SUTATAUSA,0.051593323216995446,,,sin_datos,BAJA,,,sin_datos,,sin_datos,NORMAL,0.08843537414965986,0.0,2.0,sin_datos,1,6.640425382575001,0,0
25,CUNDINAMARCA,25785,TABIO,0.05363204344874406,,,sin_datos,BAJA,,,sin_datos,,sin_datos,NORMAL,0.08875739644970414,0.0,0.0,sin_datos,1,7.516346675953838,0,0
25,CUNDINAMARCA,25793,TAUSA,0.07103825136612021,0.11784660978209364,1.6589176607787028,estable,MODERADA,2.427055702917772,4.6923076923076925,EXCESO,,sin_datos,NORMAL,0.07975460122699386,0.0,1.0,estable,1,7.323801695437722,0,1
25,CUNDINAMARCA,25797,TENA,0.059147180192572216,0.04007491122473954,0.6775455921019917,estable,BAJA,0.7133745461681875,0.975402504472272,NORMAL,0.8847883474172201,NORMAL,NORMAL,0.09950248756218906,0.0,0.0,estable,1,4.0900922832103745,0,0
25,CUNDINAMARCA,25799,TENJO,0.032679738562091505,0.050403651220984495,1.5423517273621254,decreciente,MODERADA,0.0,0.0,DEFICIT,0.0037795362749956946,DEFICIT,ALTA,0.09748427672955975,0.0,136.0,creciente,1,7.578712714865557,3,0
25,CUNDINAMARCA,25805,TIBACUY,0.05533596837944664,,,sin_datos,BAJA,,,sin_datos,,sin_datos,MODERADA,0.1111111111111111,0.0,10.0,sin_datos,1,7.335319236985454,2,0
25,CUNDINAMARCA,25807,TIBIRITA,0.042582417582417584,,,sin_datos,BAJA,,,sin_datos,,sin_datos,MODERADA,0.10869565217391304,0.0,7.0,sin_datos,1,3.9424541277785017,2,1
25,CUNDINAMARCA,25815,TOCAIMA,0.05434782608695652,,,sin_datos,BAJA,,,sin_datos,,sin_datos,NORMAL,0.08227848101265822,0.0,0.0,sin_datos,1,12.568344671175856,0,1
25,CUNDINAMARCA,25817,TOCANCIPÁ,0.05389221556886228,,,sin_datos,BAJA,,,sin_datos,,sin_datos,NORMAL,0.0967741935483871,0.0,2.0,sin_datos,1,1.212207443191148,0,0
25,CUNDINAMARCA,25823,TOPAIPÍ,0.06666666666666667,0.13907515722031852,2.0861273583047777,estable,MODERADA,3.3870967741935485,6.0,EXCESO,,sin_datos,NORMAL,0.1,0.0,0.0,decreciente,1,12.544914990768197,0,0
25,CUNDINAMARCA,25839,UBALÁ,0.0,0.0,,estable,BAJA,,,sin_datos,0.0036691292717031037,DEFICIT,ALTA,0.08396946564885496,0.0,93.0,insuficiente,1,19.063578040535354,3,1
25,CUNDINAMARCA,25841,UBAQUE,0.07389162561576355,0.09990772812794982,1.3520845873315874,estable,MODERADA,2.52,1.0572916666666665,NORMAL,0.9224122118735607,NORMAL,NORMAL,0.06862745098039216,0.0,2.0,estable,1,8.28108451079811,0,1
25,CUNDINAMARCA,25843,VILLA DE SAN DIEGO DE UBATÉ,0.08695652173913043,0.11798619838942419,1.3568412814783781,estable,ALTA,1.9634146341463417,1.369047619047619,EXCESO,1.3551002434094417,EXCESO,MODERADA,0.08722741433021806,0.0,12.0,estable,1,3.7611290405605993,2,1
25,CUNDINAMARCA,25845,UNE,0.04643449419568822,0.06875103290726124,1.480602601538519,estable,ALTA,1.3403971547125075,1.7497767857142859,EXCESO,1.4282159981010472,EXCESO,NORMAL,0.0944055944055944,0.0,0.0,estable,1,12.131108903686407,0,0
25,CUNDINAMARCA,25851,ÚTICA,0.0658682634730539,0.13736926675215597,3.0292785178574393,estable,ALTA,3.477091977869986,2.618684895833333,EXCESO,1.3923243883045644,EXCESO,MODERADA,0.10112359550561797,0.16666666666666666,0.0,estable,2,6.114619453696276,2,1
25,CUNDINAMARCA,25862,VERGARA,0.061224489795918366,0.13907515722031852,2.2715609012652025,estable,MODERADA,3.6881720430107525,6.533333333333334,EXCESO,,sin_datos,NORMAL,0.1,0.0,0.0,decreciente,1,14.09787978096862,0,0
25,CUNDINAMARCA,25867,VIANÍ,0.053516819571865444,,,sin_datos,BAJA,,,sin_datos,,sin_datos,MODERADA,0.1056338028169014,0.0,4.0,sin_datos,1,5.337245825084007,2,0
25,CUNDINAMARCA,25871,VILLAGÓMEZ,0.046511627906976744,0.08614810613211614,1.852184281840497,estable,MODERADA,1.962655601659751,0.80625,DEFICIT,0.6900134549093457,DEFICIT,SEVERA,0.09615384615384616,0.2,40.0,estable,1,15.344157349360296,4,0
25,CUNDINAMARCA,25873,VILLAPINZÓN,0.2962962962962963,0.23400389932647997,0.78976316022687,decreciente,ALTA,0.5886627906976745,1.35,EXCESO,,sin_datos,NORMAL,0.08,0.0,2.0,estable,1,5.594232037231129,0,0
25,CUNDINAMARCA,25875,VILLETA,0.020689655172413793,0.09274090127690088,4.482476895050209,estable,ALTA,7.31651376146789,7.0358649789029535,EXCESO,2.8039947985513876,EXCESO,ALTA,0.1024390243902439,0.3333333333333333,0.0,estable,1,1.9136096355689618,3,0
25,CUNDINAMARCA,25878,VIOTÁ,0.05434782608695652,,,sin_datos,BAJA,,,sin_datos,,sin_datos,NORMAL,0.08227848101265822,0.0,0.0,sin_datos,1,8.97092684212234,0,0
25,CUNDINAMARCA,25885,YACOPÍ,0.05375,0.053750147701760606,1.0000027479397322,estable,BAJA,1.3395348837209302,0.42283298097251587,DEFICIT,0.1859463255377406,DEFICIT,MODERADA,0.08152173913043478,0.3333333333333333,0.0,estable,1,11.968665837065144,2,1
25,CUNDINAMARCA,25898,ZIPACÓN,0.08441558441558442,0.08954280730907538,1.060737871199816,decreciente,BAJA,0.8356208107245452,0.29615384615384616,DEFICIT,0.5083939300175359,DEFICIT,MODERADA,0.10050251256281408,0.14285714285714285,0.0,estable,1,5.482125280530506,2,0
25,CUNDINAMARCA,25899,ZIPAQUIRÁ,0.11428571428571428,0.09796583344970443,0.8572010426849138,estable,ALTA,1.0174418604651163,2.9166666666666665,EXCESO,,sin_datos,NORMAL,0.09886714727085479,0.0,1.0,estable,1,3.7689993429316195,0,1
27,CHOCÓ,27001,QUIBDÓ,0.3,,,sin_datos,ALTA,,,sin_datos,,sin_datos,NORMAL,0.07111111111111111,0.0,2.0,sin_datos,1,6.111726036657321,0,1
27,CHOCÓ,27006,ACANDÍ,0.05005107252298264,,,sin_datos,BAJA,,,sin_datos,,sin_datos,ALTA,0.08933002481389578,0.0,76.0,sin_datos,1,26.69812432889605,3,1
27,CHOCÓ,27025,ALTO BAUDÓ,0.09395973154362416,0.11261222097715505,2.677355553731861,estable,ALTA,3.396428571428571,1.4194029850746268,EXCESO,3.9456164801445124,EXCESO,LEVE,0.09294871794871795,0.0,1.0,estable,2,17.770757111683547,1,1
27,CHOCÓ,27050,ATRATO,0.06375227686703097,0.15047709492153938,2.3603407174835747,estable,MODERADA,3.8400711321873144,0.7842857142857143,DEFICIT,1.1034417933402585,NORMAL,NORMAL,0.07291666666666667,0.0,1.0,estable,1,1.8791969364745413,0,1
27,CHOCÓ,27073,BAGADÓ,0.06074766355140187,,,sin_datos,BAJA,,,sin_datos,,sin_datos,NORMAL,0.036585365853658534,0.0,0.0,sin_datos,1,26.403415560471785,0,1
27,CHOCÓ,27075,BAHÍA SOLANO,0.0582010582010582,,,sin_datos,BAJA,,,sin_datos,,sin_datos,ALTA,0.10810810810810811,0.0,875.0,sin_datos,1,6.815867434924411,3,1
27,CHOCÓ,27077,BAJO BAUDÓ,0.6,,,sin_datos,ALTA,,,sin_datos,,sin_datos,NORMAL,0.043478260869565216,0.0,0.0,sin_datos,1,25.93464800274077,0,1
27,CHOCÓ,27099,BOJAYÁ,0.05603448275862069,0.0,0.0,estable,BAJA,0.0,0.0,DEFICIT,0.04410860275468689,DEFICIT,MODERADA,0.07792207792207792,0.13333333333333333,1.0,decreciente,1,25.507367699556834,2,1
27,CHOCÓ,27135,EL CANTÓN DEL SAN PABLO,0.0408745247148289,0.49198551093691756,12.036482732689239,decreciente,ALTA,5.956723963599595,7.077958168787479,EXCESO,2.0153569251175667,EXCESO,MODERADA,0.10638297872340426,0.09090909090909091,0.0,estable,1,17.784003500488943,2,1
27,CHOCÓ,27150,CARMEN DEL DARIÉN,0.0529446757882213,,,sin_datos,BAJA,,,sin_datos,,sin_datos,NORMAL,0.09803921568627451,0.0,0.0,sin_datos,1,13.330452330537954,0,1
27,CHOCÓ,27160,CÉRTEGUI,0.358974358974359,0.49198551093691756,1.3705310661814132,decreciente,ALTA,0.6782608695652174,0.8059299191374663,DEFICIT,2.0153569251175667,EXCESO,MODERADA,0.10638297872340426,0.09090909090909091,0.0,estable,2,9.751965122813198,2,1
27,CHOCÓ,27205,CONDOTO,1.0,1.0,1.0,insuficiente,ALTA,,,sin_datos,,sin_datos,MODERADA,0.10256410256410256,0.0,0.0,sin_datos,1,16.773624964463256,2,1
27,CHOCÓ,27245,EL CARMEN DE ATRATO,0.07662835249042145,0.0014992503748125937,0.5337331334332833,estable,BAJA,0.0,0.0,DEFICIT,0.225902831444651,DEFICIT,MODERADA,0.08333333333333333,0.25,1.0,estable,2,7.170726408396952,2,1
27,CHOCÓ,27250,EL LITORAL DEL SAN JUAN,0.05952380952380952,,,sin_datos,BAJA,,,sin_datos,,sin_datos,MODERADA,0.125,0.0,2.0,sin_datos,1,4.896343753097245,2,1
27,CHOCÓ,27361,ISTMINA,0.6,,,sin_datos,ALTA,,,sin_datos,,sin_datos,NORMAL,0.043478260869565216,0.0,0.0,sin_datos,1,12.119582846936877,0,1
27,CHOCÓ,27372,JURADÓ,0.060453400503778336,,,sin_datos,BAJA,,,sin_datos,,sin_datos,NORMAL,0.1,0.0,0.0,sin_datos,1,9.32761592532831,0,1
27,CHOCÓ,27413,LLORÓ,0.06074766355140187,,,sin_datos,BAJA,,,sin_datos,,sin_datos,NORMAL,0.036585365853658534,0.0,0.0,sin_datos,1,19.495262286670076,0,1
27,CHOCÓ,27425,MEDIO ATRATO,0.04573804573804574,,,sin_datos,BAJA,,,sin_datos,,sin_datos,NORMAL,0.06060606060606061,0.0,0.0,sin_datos,1,12.566715989950366,0,1
27,CHOCÓ,27430,MEDIO BAUDÓ,0.0,0.0,,estable,BAJA,,,sin_datos,0.056219434031095805,DEFICIT,NORMAL,0.08333333333333333,0.07692307692307693,0.0,estable,1,34.46453943140896,0,1
27,CHOCÓ,27450,MEDIO SAN JUAN,0.0,0.0,,insuficiente,BAJA,,,sin_datos,,sin_datos,NORMAL,0.1,0.0,0.0,sin_datos,1,10.77654539871547,0,1
27,CHOCÓ,27491,NÓVITA,0.0,0.0,,estable,BAJA,,,sin_datos,0.08853673518264346,DEFICIT,ALTA,0.10434782608695652,0.0,0.0,insuficiente,1,8.158875492892268,3,1
27,CHOCÓ,27495,NUQUÍ,0.05732484076433121,,,sin_datos,BAJA,,,sin_datos,,sin_datos,MODERADA,0.10144927536231885,0.0,0.0,sin_datos,1,14.772865427892873,2,1
27,CHOCÓ,27580,RÍO IRÓ,0.16666666666666666,0.4148891932982842,2.4893351597897055,creciente,CRÍTICA,2.8630705394190876,2.9625000000000004,EXCESO,3.032955648089312,EXCESO,NORMAL,0.08196721311475409,0.0,0.0,estable,1,17.052450929376867,0,1
27,CHOCÓ,27600,RÍO QUITO,0.05194805194805195,,,sin_datos,BAJA,,,sin_datos,,sin_datos,ALTA,0.06722689075630252,0.0,506.0,sin_datos,1,6.778315251939335,3,1
27,CHOCÓ,27615,RIOSUCIO,0.06224066390041494,,,sin_datos,BAJA,,,sin_datos,,sin_datos,ALTA,0.10344827586206896,0.0,35.0,sin_datos,1,14.920760781939332,3,1
27,CHOCÓ,27660,SAN JOSÉ DEL PALMAR,0.0,0.0,,estable,BAJA,,,sin_datos,0.08853673518264346,DEFICIT,ALTA,0.10434782608695652,0.0,0.0,insuficiente,1,8.578647023261016,3,1
27,CHOCÓ,27745,SIPÍ,0.0,0.0,,insuficiente,BAJA,,,sin_datos,,sin_datos,NORMAL,0.1,0.0,0.0,sin_datos,1,24.409874802903875,0,1
27,CHOCÓ,27787,TADÓ,0.06074766355140187,,,sin_datos,BAJA,,,sin_datos,,sin_datos,NORMAL,0.036585365853658534,0.0,0.0,sin_datos,1,18.80579721834549,0,1
27,CHOCÓ,27800,UNGUÍA,0.0759493670886076,0.18603240248401537,3.7751747883394153,estable,ALTA,5.331239041496201,3.83923578751165,EXCESO,2.749073503383125,EXCESO,NORMAL,0.08398950131233596,0.0,1.0,estable,2,9.091958525290417,0,1
27,CHOCÓ,27810,UNIÓN PANAMERICANA,0.2916666666666667,0.3348920908076149,1.1482014541975367,decreciente,CRÍTICA,0.5818181818181818,0.277992277992278,DEFICIT,0.5921614764713189,DEFICIT,MODERADA,0.0684931506849315,0.125,0.0,estable,1,0.9769912367089224,2,1
41,HUILA,41001,NEIVA,0.0462689952370152,0.0946797079861596,2.046288394661655,estable,MODERADA,2.869742087706452,2.4314338235294115,EXCESO,0.12353517873603137,DEFICIT,MODERADA,0.10179640718562874,0.125,2.0,estable,1,6.900821762996626,2,1
41,HUILA,41006,ACEVEDO,0.10326086956521739,0.10852810321896343,2.6046744772551227,estable,ALTA,3.673469387755102,2.823529411764706,EXCESO,2.307692307692308,EXCESO,NORMAL,0.09848484848484848,0.0,2.0,estable,2,7.438266278737845,0,1
41,HUILA,41013,AGRADO,0.06857142857142857,0.07007788307878095,1.021969128232222,estable,BAJA,0.9681881051175657,0.6380208333333333,DEFICIT,0.4736784661840142,DEFICIT,ALTA,0.10619469026548672,0.4,11.0,creciente,1,1.8103976368060986,3,1
41,HUILA,41016,AIPE,0.04,0.06438044042481655,1.6095110106204138,estable,MODERADA,1.7634854771784232,1.71875,EXCESO,1.018631637401145,NORMAL,SEVERA,0.09345794392523364,0.5,24.0,estable,1,2.3026989599656864,4,1
41,HUILA,41020,ALGECIRAS,0.09731543624161074,0.07817020822352834,0.8032662776072912,decreciente,BAJA,0.2984690227500358,0.0,DEFICIT,0.35777763547380126,DEFICIT,SEVERA,0.07228915662650602,0.18181818181818182,11.0,creciente,1,4.019540964249343,4,0
41,HUILA,41026,ALTAMIRA,0.026845637583892617,0.03527676765815761,1.3140595952663712,decreciente,MODERADA,0.1545643153526971,0.0,DEFICIT,0.0,DEFICIT,ALTA,0.09230769230769231,0.0,221.0,creciente,1,3.601569864115177,3,1
41,HUILA,41078,BARAYA,0.2545454545454545,0.20905037657158068,4.69299318423267,decreciente,MODERADA,,,sin_datos,,sin_datos,NORMAL,0.08932461873638345,0.0,4.0,estable,2,13.73743102524356,0,1
41,HUILA,41132,CAMPOALEGRE,0.06818181818181818,0.12844695163938769,1.8838886240443529,estable,MODERADA,,,sin_datos,,sin_datos,NORMAL,0.07920792079207921,0.0,1.0,estable,1,5.416539022316826,0,1
41,HUILA,41206,COLOMBIA,0.057803468208092484,0.12736350950636663,4.648768096982383,creciente,MODERADA,3.8197674418604657,14.600000000000001,EXCESO,,sin_datos,NORMAL,0.09523809523809523,0.0,0.0,estable,2,11.570045366236387,0,1
41,HUILA,41244,ELÍAS,0.051771117166212535,,,sin_datos,BAJA,,,sin_datos,,sin_datos,NORMAL,0.09701492537313433,0.0,1.0,sin_datos,1,7.841007857538472,0,1
41,HUILA,41298,GARZÓN,0.056074766355140186,0.0398976169877171,0.7115075029476217,decreciente,BAJA,0.44398340248962653,0.22291666666666668,DEFICIT,0.6551139786168261,DEFICIT,MODERADA,0.09178743961352658,0.15384615384615385,0.0,estable,1,9.980529637270553,2,1
41,HUILA,41306,GIGANTE,0.0,,,sin_datos,BAJA,,,sin_datos,,sin_datos,NORMAL,0.08713692946058091,0.0,3.0,sin_datos,1,5.17708501828966,0,1
41,HUILA,41319,GUADALUPE,0.0625,0.03527676765815761,0.5644282825305218,decreciente,BAJA,0.06639004149377593,0.0,DEFICIT,0.0,DEFICIT,ALTA,0.09230769230769231,0.0,221.0,creciente,1,11.332596438910794,3,1
41,HUILA,41349,HOBO,0.08163265306122448,0.09287001724432202,1.137657711242945,estable,MODERADA,,,sin_datos,,sin_datos,NORMAL,0.09615384615384616,0.0,3.0,estable,1,7.541629185547047,0,1
41,HUILA,41357,ÍQUIRA,0.05415617128463476,,,sin_datos,BAJA,,,sin_datos,,sin_datos,ALTA,0.08333333333333333,0.0,15.0,sin_datos,1,10.520593953736396,3,0
41,HUILA,41359,ISNOS,0.07520891364902507,0.08282169719031933,2.5674726128998993,estable,ALTA,2.5833333333333335,3.29375,EXCESO,1.7841298971107402,EXCESO,NORMAL,0.0945273631840796,0.0625,2.0,estable,2,9.706754804913482,0,1
41,HUILA,41378,LA ARGENTINA,0.06639839034205232,0.07073257035367714,1.0652753777508344,decreciente,BAJA,0.5624292719728404,0.3765151515151515,DEFICIT,1.0286508560330083,NORMAL,NORMAL,0.09787234042553192,0.06666666666666667,0.0,estable,1,6.094975601694551,0,0
41,HUILA,41396,LA PLATA,0.08047945205479452,0.014634746119003988,0.8732065184339046,estable,BAJA,0.7617021276595745,1.1623376623376622,EXCESO,0.4331456532504267,DEFICIT,NORMAL,0.07526881720430108,0.1,2.0,estable,2,6.577329693644257,0,1
41,HUILA,41483,NÁTAGA,0.056790123456790124,,,sin_datos,BAJA,,,sin_datos,,sin_datos,ALTA,0.08074534161490683,0.0,8.0,sin_datos,1,3.486601676437893,3,1
41,HUILA,41503,OPORAPA,0.051771117166212535,,,sin_datos,BAJA,,,sin_datos,,sin_datos,NORMAL,0.09701492537313433,0.0,1.0,sin_datos,1,3.8846879862410657,0,1
41,HUILA,41518,PAICOL,0.08244680851063829,0.07990068237212809,0.9691179539329086,estable,BAJA,0.7897974493623406,0.5430909966297545,DEFICIT,0.3155828251209925,DEFICIT,ALTA,0.09693877551020408,0.3333333333333333,0.0,creciente,1,6.867370821643304,3,1
41,HUILA,41524,PALERMO,0.0462689952370152,0.0946797079861596,2.046288394661655,estable,MODERADA,2.869742087706452,2.4314338235294115,EXCESO,0.12353517873603137,DEFICIT,MODERADA,0.10179640718562874,0.125,2.0,estable,1,14.976896337645986,2,1
41,HUILA,41530,PALESTINA,0.05084067253803042,0.013736263736263736,0.27018257333217965,estable,BAJA,0.6782514254683683,0.0,DEFICIT,0.0,DEFICIT,LEVE,0.07646474677259185,0.0,1.0,estable,2,4.668193337326156,1,0
41,HUILA,41548,PITAL,0.05308713214079631,,,sin_datos,BAJA,,,sin_datos,,sin_datos,NORMAL,0.08361204013377926,0.0,3.0,sin_datos,1,10.831647109247932,0,1
41,HUILA,41551,PITALITO,0.06811145510835913,0.06669360072562391,0.9791833197443875,estable,BAJA,0.6232847341337907,0.5603747397640528,DEFICIT,0.9704663564919296,NORMAL,MODERADA,0.09166666666666666,0.125,1.0,estable,1,9.071934056174712,2,1
41,HUILA,41615,RIVERA,0.0625,0.11894836971465908,1.9031739154345453,estable,MODERADA,3.784232365145228,3.1,EXCESO,0.6264411749962404,DEFICIT,SEVERA,0.10843373493975904,0.3333333333333333,30.0,estable,1,11.361563765599897,4,1
41,HUILA,41660,SALADOBLANCO,0.19923371647509577,0.21894545656474115,5.20053076566672,estable,CRÍTICA,6.1106355099366665,5.938157894736842,EXCESO,4.167280349002567,EXCESO,NORMAL,0.09366391184573003,0.0,1.0,estable,2,15.456674433712799,0,1
41,HUILA,41668,SAN AGUSTÍN,0.0540962288686606,0.0,0.0,estable,BAJA,0.0,0.0,DEFICIT,,sin_datos,ALTA,0.07785234899328859,0.0,369.0,sin_datos,2,1.2390028021965682,3,1
41,HUILA,41676,SANTA MARÍA,0.04296875,0.06011622562883223,1.39906852372555,decreciente,MODERADA,1.062240663900415,0.43636363636363634,DEFICIT,0.386803525139271,DEFICIT,NORMAL,0.09569377990430622,0.0,1.0,estable,1,5.062365281612385,0,0
41,HUILA,41770,SUAZA,0.06074766355140187,0.06725722660316653,1.1071574225444336,estable,ALTA,1.2977976380466008,1.0288461538461537,NORMAL,1.4046775228359312,EXCESO,NORMAL,0.07818930041152264,0.0,2.0,estable,1,2.2524021017556652,0,1
41,HUILA,41791,TARQUI,0.05581395348837209,0.07073257035367714,1.2672918855033821,decreciente,MODERADA,0.6690871369294605,0.4479166666666667,DEFICIT,1.0286508560330083,NORMAL,NORMAL,0.09787234042553192,0.06666666666666667,0.0,estable,1,13.172618425789889,0,1
41,HUILA,41797,TESALIA,0.08244680851063829,0.07990068237212809,0.9691179539329086,estable,BAJA,0.7897974493623406,0.5430909966297545,DEFICIT,0.3155828251209925,DEFICIT,ALTA,0.09693877551020408,0.3333333333333333,0.0,creciente,1,11.351741131831531,3,1
41,HUILA,41799,TELLO,0.5,0.18056235619349223,0.36112471238698446,creciente,CRÍTICA,0.8879668049792531,1.0625,NORMAL,,sin_datos,MODERADA,0.11538461538461539,0.15384615384615385,1.0,estable,1,9.925707603849034,2,1
41,HUILA,41801,TERUEL,0.05415617128463476,,,sin_datos,BAJA,,,sin_datos,,sin_datos,ALTA,0.08333333333333333,0.0,15.0,sin_datos,1,19.21610964235688,3,0
41,HUILA,41807,TIMANÁ,0.06925675675675676,0.0,0.0,estable,BAJA,0.0,0.0,DEFICIT,0.07191333005772685,DEFICIT,NORMAL,0.07462686567164178,0.07692307692307693,2.0,estable,1,11.291220913779975,0,1
41,HUILA,41872,VILLAVIEJA,0.05399239543726236,,,sin_datos,BAJA,,,sin_datos,,sin_datos,ALTA,0.09929078014184398,0.0,37.0,sin_datos,1,6.7285227508846654,3,1
41,HUILA,41885,YAGUARÁ,0.04520654715510522,,,sin_datos,BAJA,,,sin_datos,,sin_datos,MODERADA,0.16666666666666666,0.0,0.0,sin_datos,1,3.1356788296753324,2,1
44,LA GUAJIRA,44001,RIOHACHA,0.046740467404674045,0.061815930232528384,1.3225355599748836,decreciente,MODERADA,0.17754968333697316,0.0,DEFICIT,0.002737577805176064,DEFICIT,ALTA,0.10465116279069768,0.0,209.0,estable,1,15.150294424880636,3,1
44,LA GUAJIRA,44035,ALBANIA,0.06666666666666667,,,sin_datos,BAJA,,,sin_datos,,sin_datos,ALTA,0.25,0.0,54.0,sin_datos,1,5.851833325500527,3,0
44,LA GUAJIRA,44078,BARRANCAS,0.0,,,sin_datos,BAJA,,,sin_datos,,sin_datos,MODERADA,0.0,0.0,332.0,sin_datos,1,11.969560590759462,2,0
44,LA GUAJIRA,44090,DIBULLA,0.06377551020408163,0.06172192432913755,1.5149926880788307,estable,MODERADA,1.6295737457563182,1.2272727272727273,EXCESO,0.3176263522158138,DEFICIT,MODERADA,0.10416666666666667,0.0,0.0,estable,2,18.13860109953809,2,1
44,LA GUAJIRA,44098,DISTRACCIÓN,0.0,,,sin_datos,BAJA,,,sin_datos,,sin_datos,MODERADA,0.0,0.0,300.0,sin_datos,1,3.3399034534684366,2,0
44,LA GUAJIRA,44110,EL MOLINO,0.06962025316455696,0.06322883354029071,0.9081959726696303,estable,ALTA,1.1324028668427009,1.0772727272727274,NORMAL,1.7109595163972657,EXCESO,MODERADA,0.10240963855421686,0.1111111111111111,0.0,estable,1,16.251809730225826,2,0
44,LA GUAJIRA,44279,FONSECA,0.10857142857142857,0.16192808886502363,4.658806056720784,estable,CRÍTICA,4.178336791147995,3.776171875,EXCESO,3.649515869954861,EXCESO,MODERADA,0.10273972602739725,0.0,0.0,estable,2,8.25111411193656,2,0
44,LA GUAJIRA,44378,HATONUEVO,0.09302325581395349,0.07786642227886467,1.6748111177875105,estable,ALTA,1.6131578947368421,1.4880282467174226,EXCESO,1.2986935038971927,EXCESO,MODERADA,0.10236220472440945,0.0,0.0,estable,2,14.046538331504035,2,0
44,LA GUAJIRA,44420,LA JAGUA DEL PILAR,0.05128205128205128,,,sin_datos,BAJA,,,sin_datos,,sin_datos,MODERADA,0.3333333333333333,0.0,0.0,sin_datos,1,13.1069748809102,2,0
44,LA GUAJIRA,44430,MAICAO,0.11221122112211221,0.04454926531362222,1.6509433616224705,estable,ALTA,5.1251564455569465,2.8506787330316743,EXCESO,0.20194579137137883,DEFICIT,LEVE,0.09411764705882353,0.0,0.0,estable,2,19.57137277669028,1,0
44,LA GUAJIRA,44560,MANAURE,0.03742751713231418,,,sin_datos,BAJA,,,sin_datos,,sin_datos,MODERADA,0.11904761904761904,0.0,117.0,sin_datos,1,26.849061709712277,2,1
44,LA GUAJIRA,44650,SAN JUAN DEL CESAR,0.0625,,,sin_datos,BAJA,,,sin_datos,,sin_datos,MODERADA,0.05263157894736842,0.0,12.0,sin_datos,1,2.7755445962037104,2,1
44,LA GUAJIRA,44847,URIBIA,0.040229885057471264,0.0269026363575863,0.6687226751742881,estable,BAJA,0.4125666864256076,0.4660714285714286,DEFICIT,0.08198297831417994,DEFICIT,MODERADA,0.125,0.0,20.0,estable,1,27.71666714402479,2,1
44,LA GUAJIRA,44855,URUMITA,0.06962025316455696,0.06322883354029071,0.9081959726696303,estable,ALTA,1.1324028668427009,1.0772727272727274,NORMAL,1.7109595163972657,EXCESO,MODERADA,0.10240963855421686,0.1111111111111111,0.0,estable,1,8.53408576609294,2,0
44,LA GUAJIRA,44874,VILLANUEVA,0.06962025316455696,0.06322883354029071,0.9081959726696303,estable,ALTA,1.1324028668427009,1.0772727272727274,NORMAL,1.7109595163972657,EXCESO,MODERADA,0.10240963855421686,0.1111111111111111,0.0,estable,1,4.8737931831239525,2,0
47,MAGDALENA,47001,SANTA MARTA,0.08,0.043034605146406384,0.8113288793778379,estable,BAJA,1.2854278074866308,0.0,DEFICIT,0.0,DEFICIT,ALTA,0.09433962264150944,0.0,41.0,insuficiente,2,10.732893987351678,3,1
47,MAGDALENA,47030,ALGARROBO,0.06896551724137931,0.08426521826132505,1.2218456647892133,estable,ALTA,0.6016597510373444,0.90625,NORMAL,3.580045053306857,EXCESO,NORMAL,0.09467455621301775,0.0,3.0,estable,1,27.021183942246605,0,1
47,MAGDALENA,47053,ARACATACA,0.2857142857142857,0.25567765567765566,5.01295862607338,estable,MODERADA,9.252532694787254,2.4508196721311477,EXCESO,0.0,DEFICIT,MODERADA,0.09259259259259259,0.0,6.0,estable,2,20.544781247133002,2,1
47,MAGDALENA,47058,ARIGUANÍ,0.055842812823164424,,,sin_datos,BAJA,,,sin_datos,,sin_datos,ALTA,0.1111111111111111,0.0,152.0,sin_datos,1,8.595977862947889,3,1
47,MAGDALENA,47161,CERRO DE SAN ANTONIO,0.07462686567164178,0.10883131647104499,1.458339640712003,creciente,ALTA,2.330434782608696,2.3493506493506495,EXCESO,8.15971164696145,EXCESO,NORMAL,0.09967845659163987,0.0,1.0,estable,1,11.98807997833859,0,1
47,MAGDALENA,47170,CHIVOLO,0.058121019108280256,0.09799220165963637,5.389571091280001,creciente,MODERADA,10.765957446808512,12.106918238993712,EXCESO,0.7613194542639177,DEFICIT,NORMAL,0.09937888198757763,0.0,3.0,decreciente,2,35.96242107796891,0,0
47,MAGDALENA,47189,CIÉNAGA,0.015503875968992248,,,sin_datos,BAJA,,,sin_datos,,sin_datos,ALTA,0.3333333333333333,0.0,95.0,sin_datos,1,6.5061394632815395,3,1
47,MAGDALENA,47205,CONCORDIA,0.07462686567164178,0.10883131647104499,1.458339640712003,creciente,ALTA,2.330434782608696,2.3493506493506495,EXCESO,8.15971164696145,EXCESO,NORMAL,0.09967845659163987,0.0,1.0,estable,1,14.745624511252826,0,1
47,MAGDALENA,47245,EL BANCO,0.1871508379888268,0.3584672700716362,42.73726453187396,estable,MODERADA,71.23651452282158,46.94375,EXCESO,0.5096340127244111,DEFICIT,MODERADA,0.10185185185185185,0.0,0.0,estable,2,7.669769024420877,2,1
47,MAGDALENA,47258,EL PIÑÓN,0.15168539325842698,0.15324195227119478,5.738911112556244,estable,ALTA,6.004641350210971,4.561217948717949,EXCESO,1.7104861139652987,EXCESO,MODERADA,0.10191082802547771,0.0,3.0,estable,2,26.33620197896469,2,1
47,MAGDALENA,47268,EL RETÉN,0.06722689075630252,0.09672610825919165,2.524551425564902,estable,MODERADA,2.70746887966805,1.4681250000000001,EXCESO,0.7910088839226672,DEFICIT,NORMAL,0.08974358974358974,0.0,1.0,estable,2,23.654854653727178,0,1
47,MAGDALENA,47288,FUNDACIÓN,0.2857142857142857,0.25567765567765566,5.01295862607338,estable,MODERADA,9.252532694787254,2.4508196721311477,EXCESO,0.0,DEFICIT,MODERADA,0.09259259259259259,0.0,6.0,estable,2,4.831251915920645,2,1
47,MAGDALENA,47318,GUAMAL,0.08559498956158663,0.06452517034538437,0.7538428437911979,estable,BAJA,0.793285155073773,0.2884673291177356,DEFICIT,0.3657158708538477,DEFICIT,NORMAL,0.08173076923076923,0.0,3.0,estable,1,15.97077964657272,0,1
47,MAGDALENA,47460,NUEVA GRANADA,0.055842812823164424,,,sin_datos,BAJA,,,sin_datos,,sin_datos,ALTA,0.1111111111111111,0.0,152.0,sin_datos,1,32.97068311593446,3,0
47,MAGDALENA,47541,PEDRAZA,0.058121019108280256,0.09799220165963637,5.389571091280001,creciente,MODERADA,10.765957446808512,12.106918238993712,EXCESO,0.7613194542639177,DEFICIT,NORMAL,0.09937888198757763,0.0,3.0,decreciente,2,10.188573660018617,0,1
47,MAGDALENA,47545,PIJIÑO DEL CARMEN,0.044,0.06452517034538437,1.4664811442132812,estable,MODERADA,1.5432098765432098,0.5611672278338945,DEFICIT,0.3657158708538477,DEFICIT,NORMAL,0.08173076923076923,0.0,3.0,estable,1,28.792432646017605,0,1
47,MAGDALENA,47551,PIVIJAY,0.15168539325842698,0.15324195227119478,5.738911112556244,estable,ALTA,6.004641350210971,4.561217948717949,EXCESO,1.7104861139652987,EXCESO,MODERADA,0.10191082802547771,0.0,3.0,estable,2,13.371143709795101,2,1
47,MAGDALENA,47555,PLATO,0.07758620689655173,0.11457799922760081,1.4767831011557437,estable,MODERADA,2.2931152010906612,3.9295392953929538,EXCESO,,sin_datos,MODERADA,0.10429447852760736,0.0,0.0,estable,1,22.476202889573365,2,1
47,MAGDALENA,47570,PUEBLOVIEJO,0.08259587020648967,0.05658985411728956,1.4015420536382048,decreciente,BAJA,0.39946236559139786,0.0,DEFICIT,0.43442440413325173,DEFICIT,LEVE,0.0945273631840796,0.0,1.0,estable,2,24.84929360226151,1,1
47,MAGDALENA,47605,REMOLINO,0.15168539325842698,0.15324195227119478,5.738911112556244,estable,ALTA,6.004641350210971,4.561217948717949,EXCESO,1.7104861139652987,EXCESO,MODERADA,0.10191082802547771,0.0,3.0,estable,2,17.357129996702263,2,1
47,MAGDALENA,47660,SABANAS DE SAN ÁNGEL,0.055842812823164424,,,sin_datos,BAJA,,,sin_datos,,sin_datos,ALTA,0.1111111111111111,0.0,152.0,sin_datos,1,28.99940636182404,3,1
47,MAGDALENA,47675,SALAMINA,0.04,0.05499208199997883,1.3748020499994706,estable,MODERADA,1.0362694300518134,1.048951048951049,NORMAL,0.7169466131136322,DEFICIT,ALTA,0.1016949152542373,0.0,3.0,estable,1,22.71783352077597,3,1
47,MAGDALENA,47692,SAN SEBASTIÁN DE BUENAVISTA,0.044,0.06452517034538437,1.4664811442132812,estable,MODERADA,1.5432098765432098,0.5611672278338945,DEFICIT,0.3657158708538477,DEFICIT,NORMAL,0.08173076923076923,0.0,3.0,estable,1,11.870319481340843,0,1
47,MAGDALENA,47703,SAN ZENÓN,0.030710172744721688,0.06452517034538437,2.1011008593715785,estable,MODERADA,2.211033950617284,0.8040123456790124,DEFICIT,0.3657158708538477,DEFICIT,NORMAL,0.08173076923076923,0.0,3.0,estable,1,9.290832223578484,0,1
47,MAGDALENA,47707,SANTA ANA,0.030710172744721688,0.06452517034538437,2.1011008593715785,estable,MODERADA,2.211033950617284,0.8040123456790124,DEFICIT,0.3657158708538477,DEFICIT,NORMAL,0.08173076923076923,0.0,3.0,estable,1,28.885435522729253,0,1
47,MAGDALENA,47720,SANTA BÁRBARA DE PINTO,0.05263157894736842,0.056723971865997626,1.077755465453955,estable,BAJA,0.4730290456431535,0.47500000000000003,DEFICIT,0.3517818520555315,DEFICIT,NORMAL,0.07650273224043716,0.0,1.0,estable,1,29.85273367444674,0,1
47,MAGDALENA,47745,SITIONUEVO,0.04371584699453552,0.04414853083512705,1.0098976428535313,estable,BAJA,0.854253112033195,0.8578125,NORMAL,0.36025548245731925,DEFICIT,ALTA,0.10619469026548672,0.1111111111111111,3.0,estable,2,13.862764004539597,3,1
47,MAGDALENA,47798,TENERIFE,0.05649717514124294,0.11457799922760081,2.0280305863285344,estable,MODERADA,3.149079754601227,5.396341463414634,EXCESO,,sin_datos,MODERADA,0.10429447852760736,0.0,0.0,estable,1,17.12965925905277,2,1
47,MAGDALENA,47960,ZAPAYÁN,0.058121019108280256,0.09799220165963637,5.389571091280001,creciente,MODERADA,10.765957446808512,12.106918238993712,EXCESO,0.7613194542639177,DEFICIT,NORMAL,0.09937888198757763,0.0,3.0,decreciente,2,18.61599564687877,0,1
47,MAGDALENA,47980,ZONA BANANERA,0.08259587020648967,0.05658985411728956,1.4015420536382048,decreciente,BAJA,0.39946236559139786,0.0,DEFICIT,0.43442440413325173,DEFICIT,LEVE,0.0945273631840796,0.0,1.0,estable,2,7.685128299503346,1,1
50,META,50001,VILLAVICENCIO,0.0851063829787234,0.14548048390506396,1.7093956858845016,estable,MODERADA,1.99896265560166,1.909375,EXCESO,0.7076628658317198,DEFICIT,SEVERA,0.0914826498422713,0.3333333333333333,45.0,creciente,1,4.699710892963084,4,1
50,META,50006,ACACÍAS,0.1797752808988764,0.14548048390506396,3.610561100552951,estable,ALTA,4.222180309317238,4.032954545454546,EXCESO,0.7076628658317198,DEFICIT,SEVERA,0.0914826498422713,0.3333333333333333,45.0,creciente,2,17.053407514410154,4,1
50,META,50110,BARRANCA DE UPÍA,0.05631067961165048,,,sin_datos,BAJA,,,sin_datos,,sin_datos,NORMAL,0.09722222222222222,0.0,3.0,sin_datos,1,7.261014009790264,0,1
50,META,50124,CABUYARO,0.05631067961165048,,,sin_datos,BAJA,,,sin_datos,,sin_datos,NORMAL,0.09722222222222222,0.0,3.0,sin_datos,1,16.969075841089662,0,1
50,META,50150,CASTILLA LA NUEVA,0.1797752808988764,0.14548048390506396,3.610561100552951,estable,ALTA,4.222180309317238,4.032954545454546,EXCESO,0.7076628658317198,DEFICIT,SEVERA,0.0914826498422713,0.3333333333333333,45.0,creciente,2,28.9821617457972,4,0
50,META,50223,CUBARRAL,0.05592841163310962,,,sin_datos,BAJA,,,sin_datos,,sin_datos,MODERADA,0.10638297872340426,0.0,0.0,sin_datos,1,16.212412615380245,2,1
50,META,50226,CUMARAL,0.0670391061452514,,,sin_datos,BAJA,,,sin_datos,,sin_datos,MODERADA,0.09302325581395349,0.0,4.0,sin_datos,1,18.27093523086045,2,1
50,META,50245,EL CALVARIO,0.03225806451612903,0.06102150537634408,1.8916666666666664,estable,ALTA,0.6966292134831461,3.875,EXCESO,61.471830985915496,EXCESO,LEVE,0.08403361344537816,0.0,0.0,estable,1,0.4770163857099368,1,1
50,META,50251,EL CASTILLO,0.08333333333333333,0.08929781149733584,1.0715737379680301,estable,BAJA,0.995850622406639,0.675,DEFICIT,1.131974378945465,NORMAL,NORMAL,0.08482142857142858,0.1,1.0,estable,1,15.54902291639581,0,1
50,META,50270,EL DORADO,0.05592841163310962,,,sin_datos,BAJA,,,sin_datos,,sin_datos,MODERADA,0.10638297872340426,0.0,0.0,sin_datos,1,13.843967149545842,2,1
50,META,50287,FUENTE DE ORO,0.08247422680412371,0.10978154844739697,1.3311012749246882,decreciente,ALTA,1.1068464730290457,0.7578125,DEFICIT,1.6590965443295769,EXCESO,ALTA,0.1043956043956044,0.06666666666666667,9.0,estable,1,17.40656772415777,3,0
50,META,50313,GRANADA,0.11602209944751381,0.10978154844739697,0.9462123937608977,decreciente,CRÍTICA,0.7868010274649279,0.5386904761904762,DEFICIT,1.6590965443295769,EXCESO,ALTA,0.1043956043956044,0.06666666666666667,9.0,estable,1,1.9748055142549716,3,1
50,META,50318,GUAMAL,0.05592841163310962,,,sin_datos,BAJA,,,sin_datos,,sin_datos,MODERADA,0.10638297872340426,0.0,0.0,sin_datos,1,17.646854681572684,2,1
50,META,50330,MESETAS,0.2,,,sin_datos,ALTA,,,sin_datos,,sin_datos,MODERADA,0.10588235294117647,0.0,0.0,sin_datos,2,40.56513465120575,2,1
50,META,50400,LEJANÍAS,0.2,,,sin_datos,ALTA,,,sin_datos,,sin_datos,MODERADA,0.10588235294117647,0.0,0.0,sin_datos,2,10.503810073526958,2,1
50,META,50450,PUERTO CONCORDIA,0.062111801242236024,0.09875149342891278,1.5898990442054957,estable,MODERADA,0.9532894736842105,0.6491935483870968,DEFICIT,0.5946490722977769,DEFICIT,NORMAL,0.09900990099009901,0.06666666666666667,1.0,estable,1,22.60363848673396,0,0
50,META,50573,PUERTO LÓPEZ,0.02727272727272727,0.04297793007470427,1.57585743607249,estable,MODERADA,2.7394636015325675,0.0,DEFICIT,0.08651135726882209,DEFICIT,SEVERA,0.09782608695652174,0.3333333333333333,45.0,estable,1,28.668910741866227,4,1
50,META,50577,PUERTO LLERAS,0.07386363636363637,0.04706914575866188,0.6372438195018839,decreciente,BAJA,0.0,0.0,DEFICIT,0.05523104386483368,DEFICIT,ALTA,0.11290322580645161,0.5,45.0,creciente,1,16.144858844741318,3,0
50,META,50606,RESTREPO,0.1695906432748538,0.1593232140567344,7.102731671819579,estable,CRÍTICA,5.259514316781442,5.055537080146325,EXCESO,3.1087764273689826,EXCESO,NORMAL,0.08646616541353383,0.0,0.0,estable,2,12.139780823308815,0,1
50,META,50680,SAN CARLOS DE GUAROA,0.07446808510638298,0.19372496849455373,2.6014495769268646,estable,ALTA,2.967640094711918,3.222857142857143,EXCESO,1.790822280948848,EXCESO,MODERADA,0.1111111111111111,0.0,0.0,estable,1,12.269376933023176,2,1
50,META,50683,SAN JUAN DE ARAMA,0.11602209944751381,0.10978154844739697,0.9462123937608977,decreciente,CRÍTICA,0.7868010274649279,0.5386904761904762,DEFICIT,1.6590965443295769,EXCESO,ALTA,0.1043956043956044,0.06666666666666667,9.0,estable,1,18.891304999876002,3,1
50,META,50686,SAN JUANITO,0.03225806451612903,0.06102150537634408,1.8916666666666664,estable,ALTA,0.6966292134831461,3.875,EXCESO,61.471830985915496,EXCESO,LEVE,0.08403361344537816,0.0,0.0,estable,1,14.529427800673115,1,1
50,META,50711,VISTAHERMOSA,0.055288461538461536,0.08162093678777833,1.4762743349441647,decreciente,MODERADA,0.7504961212339888,0.22608695652173916,DEFICIT,0.7080183820752872,DEFICIT,ALTA,0.09090909090909091,0.06666666666666667,22.0,estable,1,32.720042173368846,3,0
52,NARIÑO,52001,PASTO,0.047058823529411764,0.28567438108448584,9.998603337957004,creciente,ALTA,19.024896265560166,17.5,EXCESO,9.02322012966079,EXCESO,MODERADA,0.10294117647058823,0.0,2.0,decreciente,2,7.82981652750844,2,0
52,NARIÑO,52019,ALBÁN,0.056580565805658053,0.03945118891330261,0.6972568823155441,estable,BAJA,0.44001443261771606,0.44184782608695655,DEFICIT,0.28849676516923395,DEFICIT,ALTA,0.0963855421686747,0.375,4.0,creciente,1,9.09267559566585,3,0
52,NARIÑO,52022,ALDANA,0.12704918032786885,0.11328810751896588,0.8916870398266992,decreciente,ALTA,0.3321083435415816,0.1513647642679901,DEFICIT,0.8946210238552479,NORMAL,NORMAL,0.08611111111111111,0.0,1.0,estable,1,6.545736864993018,0,0
52,NARIÑO,52036,ANCUYA,0.0,,,sin_datos,BAJA,,,sin_datos,,sin_datos,NORMAL,0.08928571428571429,0.0,6.0,sin_datos,1,4.949039453930684,0,0
52,NARIÑO,52051,ARBOLEDA,0.0,0.03945118891330261,,estable,BAJA,,,sin_datos,0.28849676516923395,DEFICIT,ALTA,0.0963855421686747,0.375,4.0,creciente,1,14.349697208122427,3,0
52,NARIÑO,52079,BARBACOAS,0.05509964830011723,,,sin_datos,BAJA,,,sin_datos,,sin_datos,NORMAL,0.05714285714285714,0.0,1.0,sin_datos,1,14.580841336702719,0,0
52,NARIÑO,52083,BELÉN,0.05342465753424658,,,sin_datos,BAJA,,,sin_datos,,sin_datos,MODERADA,0.10416666666666667,0.0,2.0,sin_datos,1,10.288140451825209,2,0
52,NARIÑO,52110,BUESACO,0.0,0.03945118891330261,,estable,BAJA,,,sin_datos,0.28849676516923395,DEFICIT,ALTA,0.0963855421686747,0.375,4.0,creciente,1,13.134351143805237,3,0
52,NARIÑO,52203,COLÓN,0.05342465753424658,,,sin_datos,BAJA,,,sin_datos,,sin_datos,MODERADA,0.10416666666666667,0.0,2.0,sin_datos,1,7.324337066731496,2,1
52,NARIÑO,52207,CONSACÁ,0.0,,,sin_datos,BAJA,,,sin_datos,,sin_datos,NORMAL,0.08928571428571429,0.0,6.0,sin_datos,1,7.2935318574051236,0,0
52,NARIÑO,52210,CONTADERO,0.09935897435897435,0.10289000166054726,2.5023624932159514,decreciente,BAJA,2.186135255458978,1.0029177202878816,DEFICIT,0.8581419735532488,NORMAL,MODERADA,0.10037174721189591,0.0,1.0,estable,2,4.122094486496142,2,0
52,NARIÑO,52215,CÓRDOBA,0.05518945634266886,0.27481430606430607,4.9794711576427995,creciente,ALTA,5.525775378427014,9.965671641791046,EXCESO,5.76835237472241,EXCESO,LEVE,0.09333333333333334,0.0,0.0,estable,2,7.0747394541385855,1,0
52,NARIÑO,52224,CUASPUD CARLOSAMA,0.017163504968383016,0.11328810751896588,6.600522895973434,decreciente,MODERADA,2.45836109260493,1.1204453441295548,NORMAL,0.8946210238552479,NORMAL,NORMAL,0.08611111111111111,0.0,1.0,estable,1,6.774470581130991,0,0
52,NARIÑO,52227,CUMBAL,0.0,0.2,,estable,BAJA,,,sin_datos,,sin_datos,MODERADA,0.125,0.0,0.0,insuficiente,1,11.636807122952286,2,0
52,NARIÑO,52233,CUMBITARA,0.06685236768802229,0.12821165858861597,2.9226430355541324,estable,ALTA,2.655781112091792,1.8236363636363637,EXCESO,2.8851478754963975,EXCESO,NORMAL,0.07865168539325842,0.0,2.0,estable,2,16.962621090461997,0,1
52,NARIÑO,52240,CHACHAGÜÍ,0.0,0.0,,insuficiente,BAJA,,,sin_datos,,sin_datos,MODERADA,0.0,0.0,144.0,sin_datos,2,15.196349198588406,2,0
52,NARIÑO,52250,EL CHARCO,0.05454545454545454,0.17725163725163726,3.24961334961335,estable,ALTA,3.444444444444444,3.618421052631579,EXCESO,2.9020270284082876,EXCESO,NORMAL,0.08870967741935484,0.0,0.0,estable,1,41.23468431498737,0,0
52,NARIÑO,52254,EL PEÑOL,0.0,0.0,,insuficiente,BAJA,,,sin_datos,,sin_datos,MODERADA,0.0,0.0,144.0,sin_datos,2,13.40786083921065,2,1
52,NARIÑO,52256,EL ROSARIO,0.3333333333333333,,,sin_datos,BAJA,,,sin_datos,,sin_datos,MODERADA,0.09090909090909091,0.0,17.0,sin_datos,2,26.539055166077993,2,1
52,NARIÑO,52258,EL TABLÓN DE GÓMEZ,0.056580565805658053,0.03945118891330261,0.6972568823155441,estable,BAJA,0.44001443261771606,0.44184782608695655,DEFICIT,0.28849676516923395,DEFICIT,ALTA,0.0963855421686747,0.375,4.0,creciente,1,5.218076252617457,3,0
52,NARIÑO,52260,EL TAMBO,0.09803921568627451,0.09985754985754985,1.8125658292324958,estable,MODERADA,1.0544448635734942,0.3403409090909091,DEFICIT,0.41248823461968165,DEFICIT,MODERADA,0.09836065573770492,0.5,2.0,estable,2,12.231407795954134,2,0
52,NARIÑO,52287,FUNES,0.09935897435897435,0.10289000166054726,2.5023624932159514,decreciente,BAJA,2.186135255458978,1.0029177202878816,DEFICIT,0.8581419735532488,NORMAL,MODERADA,0.10037174721189591,0.0,1.0,estable,2,11.113922304994373,2,0
52,NARIÑO,52317,GUACHUCAL,0.017163504968383016,0.11328810751896588,6.600522895973434,decreciente,MODERADA,2.45836109260493,1.1204453441295548,NORMAL,0.8946210238552479,NORMAL,NORMAL,0.08611111111111111,0.0,1.0,estable,1,14.670191212497645,0,0
52,NARIÑO,52320,GUAITARILLA,0.05138339920948617,0.060599939221387296,1.179368047923922,decreciente,MODERADA,0.48653846153846153,0.36490384615384613,DEFICIT,0.4612709388347697,DEFICIT,ALTA,0.10273972602739725,0.2857142857142857,0.0,estable,1,11.179227923731453,3,0
52,NARIÑO,52323,GUALMATÁN,0.09935897435897435,0.10289000166054726,2.5023624932159514,decreciente,BAJA,2.186135255458978,1.0029177202878816,DEFICIT,0.8581419735532488,NORMAL,MODERADA,0.10037174721189591,0.0,1.0,estable,2,10.196348727349259,2,0
52,NARIÑO,52352,ILES,0.09935897435897435,0.10289000166054726,2.5023624932159514,decreciente,BAJA,2.186135255458978,1.0029177202878816,DEFICIT,0.8581419735532488,NORMAL,MODERADA,0.10037174721189591,0.0,1.0,estable,2,6.35102616166998,2,0
52,NARIÑO,52354,IMUÉS,0.05138339920948617,0.060599939221387296,1.179368047923922,decreciente,MODERADA,0.48653846153846153,0.36490384615384613,DEFICIT,0.4612709388347697,DEFICIT,ALTA,0.10273972602739725,0.2857142857142857,0.0,estable,1,1.9647082475030553,3,0
52,NARIÑO,52356,IPIALES,0.09,0.05434422606465617,1.1691772064767456,decreciente,MODERADA,0.6103343465045592,0.7171428571428571,DEFICIT,1.1353648372633574,NORMAL,LEVE,0.06701030927835051,0.0,0.0,estable,2,35.129967187944224,1,0
52,NARIÑO,52378,LA CRUZ,0.05342465753424658,,,sin_datos,BAJA,,,sin_datos,,sin_datos,MODERADA,0.10416666666666667,0.0,2.0,sin_datos,1,21.054363596685455,2,0
52,NARIÑO,52381,LA FLORIDA,0.053103964098728494,,,sin_datos,BAJA,,,sin_datos,,sin_datos,MODERADA,0.10077519379844961,0.0,4.0,sin_datos,1,5.859998514722722,2,0
52,NARIÑO,52385,LA LLANADA,0.06685236768802229,0.12821165858861597,2.9226430355541324,estable,ALTA,2.655781112091792,1.8236363636363637,EXCESO,2.8851478754963975,EXCESO,NORMAL,0.07865168539325842,0.0,2.0,estable,2,17.96438674969548,0,0
52,NARIÑO,52390,LA TOLA,0.05454545454545454,0.17725163725163726,3.24961334961335,estable,ALTA,3.444444444444444,3.618421052631579,EXCESO,2.9020270284082876,EXCESO,NORMAL,0.08870967741935484,0.0,0.0,estable,1,37.97083930150529,0,0
52,NARIÑO,52399,LA UNIÓN,0.05342465753424658,,,sin_datos,BAJA,,,sin_datos,,sin_datos,MODERADA,0.10416666666666667,0.0,2.0,sin_datos,1,3.7198342806153337,2,1
52,NARIÑO,52405,LEIVA,0.3333333333333333,,,sin_datos,BAJA,,,sin_datos,,sin_datos,MODERADA,0.09090909090909091,0.0,17.0,sin_datos,2,7.431813067455415,2,1
52,NARIÑO,52411,LINARES,0.09803921568627451,0.09985754985754985,1.8125658292324958,estable,MODERADA,1.0544448635734942,0.3403409090909091,DEFICIT,0.41248823461968165,DEFICIT,MODERADA,0.09836065573770492,0.5,2.0,estable,2,4.516109228268271,2,0
52,NARIÑO,52418,LOS ANDES,0.06685236768802229,0.12821165858861597,2.9226430355541324,estable,ALTA,2.655781112091792,1.8236363636363637,EXCESO,2.8851478754963975,EXCESO,NORMAL,0.07865168539325842,0.0,2.0,estable,2,26.37714359299746,0,0
52,NARIÑO,52427,MAGÜÍ,0.07213114754098361,0.06831542652476856,0.9471002313661095,estable,BAJA,0.6327800829875518,0.6065340909090908,DEFICIT,0.2806769508509754,DEFICIT,SEVERA,0.08620689655172414,0.25,50.0,estable,1,28.32417982279244,4,0
52,NARIÑO,52435,MALLAMA,0.028386050283860504,0.125998319226302,4.438740788743725,decreciente,MODERADA,3.9975683890577507,1.7614285714285713,EXCESO,0.7321047370633819,DEFICIT,MODERADA,0.0963302752293578,0.3333333333333333,0.0,estable,1,9.315281414467476,2,0
52,NARIÑO,52480,NARIÑO,0.0967741935483871,0.08379321921169948,0.8658632651875613,estable,BAJA,0.8426323319027181,0.4758771929824561,DEFICIT,1.1351803244278431,NORMAL,NORMAL,0.09965635738831616,0.08333333333333333,0.0,estable,1,10.213742539592097,0,0
52,NARIÑO,52506,OSPINA,0.06389776357827476,0.060599939221387296,0.9483890488147112,decreciente,BAJA,0.39125000000000004,0.2934375,DEFICIT,0.4612709388347697,DEFICIT,ALTA,0.10273972602739725,0.2857142857142857,0.0,estable,1,6.469612244587146,3,0
52,NARIÑO,52520,FRANCISCO PIZARRO,0.05648267008985879,0.10061634684121828,1.78136668612066,estable,ALTA,0.9946373850868233,1.0951265229615745,NORMAL,2.5670420900498634,EXCESO,NORMAL,0.0972972972972973,0.0,0.0,estable,1,33.621047629528896,0,0
52,NARIÑO,52540,POLICARPA,0.06685236768802229,0.12821165858861597,2.9226430355541324,estable,ALTA,2.655781112091792,1.8236363636363637,EXCESO,2.8851478754963975,EXCESO,NORMAL,0.07865168539325842,0.0,2.0,estable,2,12.331702945396056,0,1
52,NARIÑO,52560,POTOSÍ,0.06696428571428571,0.11572612127402473,1.7281767443587694,decreciente,MODERADA,0.8055325034578147,0.4666666666666667,DEFICIT,0.7320904107580937,DEFICIT,NORMAL,0.08968609865470852,0.0,1.0,estable,1,15.181727051339642,0,0
52,NARIÑO,52565,PROVIDENCIA,0.0,,,sin_datos,BAJA,,,sin_datos,,sin_datos,NORMAL,0.08928571428571429,0.0,6.0,sin_datos,1,12.574254236446851,0,0
52,NARIÑO,52573,PUERRES,0.05518945634266886,0.27481430606430607,4.9794711576427995,creciente,ALTA,5.525775378427014,9.965671641791046,EXCESO,5.76835237472241,EXCESO,LEVE,0.09333333333333334,0.0,0.0,estable,2,4.467259246472145,1,0
52,NARIÑO,52585,PUPIALES,0.12704918032786885,0.11328810751896588,0.8916870398266992,decreciente,ALTA,0.3321083435415816,0.1513647642679901,DEFICIT,0.8946210238552479,NORMAL,NORMAL,0.08611111111111111,0.0,1.0,estable,1,8.259948839103862,0,0
52,NARIÑO,52612,RICAURTE,0.1111111111111111,0.39561224489795915,8.665792031098153,estable,MODERADA,17.81266352694924,3.982683982683983,EXCESO,0.0,DEFICIT,ALTA,0.10144927536231885,0.0,9.0,estable,2,9.17413976369292,3,0
52,NARIÑO,52621,ROBERTO PAYÁN,0.07213114754098361,0.06831542652476856,0.9471002313661095,estable,BAJA,0.6327800829875518,0.6065340909090908,DEFICIT,0.2806769508509754,DEFICIT,SEVERA,0.08620689655172414,0.25,50.0,estable,1,36.882161027063376,4,0
52,NARIÑO,52678,SAMANIEGO,0.09803921568627451,0.09985754985754985,1.8125658292324958,estable,MODERADA,1.0544448635734942,0.3403409090909091,DEFICIT,0.41248823461968165,DEFICIT,MODERADA,0.09836065573770492,0.5,2.0,estable,2,23.947228191442207,2,0
52,NARIÑO,52683,SANDONÁ,0.053103964098728494,,,sin_datos,BAJA,,,sin_datos,,sin_datos,MODERADA,0.10077519379844961,0.0,4.0,sin_datos,1,1.4735574427943552,2,0
52,NARIÑO,52685,SAN BERNARDO,0.05342465753424658,,,sin_datos,BAJA,,,sin_datos,,sin_datos,MODERADA,0.10416666666666667,0.0,2.0,sin_datos,1,13.7324676754895,2,0
52,NARIÑO,52687,SAN LORENZO,0.0,0.0,,insuficiente,BAJA,,,sin_datos,,sin_datos,MODERADA,0.0,0.0,144.0,sin_datos,2,10.569016322040016,2,1
52,NARIÑO,52693,SAN PABLO,0.05342465753424658,,,sin_datos,BAJA,,,sin_datos,,sin_datos,MODERADA,0.10416666666666667,0.0,2.0,sin_datos,1,16.66828611059092,2,0
52,NARIÑO,52694,SAN PEDRO DE CARTAGO,0.05342465753424658,,,sin_datos,BAJA,,,sin_datos,,sin_datos,MODERADA,0.10416666666666667,0.0,2.0,sin_datos,1,8.76716691097819,2,0
52,NARIÑO,52696,SANTA BÁRBARA,0.05454545454545454,0.17725163725163726,3.24961334961335,estable,ALTA,3.444444444444444,3.618421052631579,EXCESO,2.9020270284082876,EXCESO,NORMAL,0.08870967741935484,0.0,0.0,estable,1,13.206644854267033,0,0
52,NARIÑO,52699,SANTACRUZ,0.028386050283860504,0.125998319226302,4.438740788743725,decreciente,MODERADA,3.9975683890577507,1.7614285714285713,EXCESO,0.7321047370633819,DEFICIT,MODERADA,0.0963302752293578,0.3333333333333333,0.0,estable,1,25.978310484780582,2,0
52,NARIÑO,52720,SAPUYES,0.08115942028985507,0.06566567644818842,0.8090949419508932,estable,BAJA,0.3588765603328711,0.09857142857142859,DEFICIT,0.28901755837237453,DEFICIT,NORMAL,0.09375,0.0,4.0,estable,1,9.480684020237758,0,0
52,NARIÑO,52786,TAMINANGO,0.11748633879781421,0.10095891540370915,0.859324721808315,estable,ALTA,1.0041808204860203,0.6142411891632701,DEFICIT,0.048377916903813316,DEFICIT,ALTA,0.10245901639344263,0.0,19.0,estable,1,3.542965602986171,3,1
52,NARIÑO,52788,TANGUA,0.13333333333333333,,,sin_datos,ALTA,,,sin_datos,,sin_datos,MODERADA,0.0,0.0,3.0,sin_datos,1,5.2891349321885865,2,0
52,NARIÑO,52835,SAN ANDRÉS DE TUMACO,0.5,0.19506172839506175,0.3901234567901235,estable,CRÍTICA,0.4148148148148148,0.4148148148148148,DEFICIT,4.573658340642896,EXCESO,NORMAL,0.09883720930232558,0.0,0.0,estable,1,9.349245875177116,0,0
52,NARIÑO,52838,TÚQUERRES,0.08115942028985507,0.06566567644818842,0.8090949419508932,estable,BAJA,0.3588765603328711,0.09857142857142859,DEFICIT,0.28901755837237453,DEFICIT,NORMAL,0.09375,0.0,4.0,estable,1,7.09470898871692,0,0
52,NARIÑO,52885,YACUANQUER,0.05764411027568922,0.06629935247721025,1.1501496364524735,estable,MODERADA,0.6478441277286668,0.4336956521739131,DEFICIT,0.2936349046960818,DEFICIT,MODERADA,0.08256880733944955,0.3333333333333333,4.0,estable,1,4.411402218312472,2,0
54,NORTE DE SANTANDER,54001,SAN JOSÉ DE CÚCUTA,0.08943089430894309,0.06441656616156059,0.7202943307156321,estable,BAJA,0.4076704545454546,0.4193181818181818,DEFICIT,0.4572621296997336,DEFICIT,MODERADA,0.06626506024096386,0.16666666666666666,0.0,estable,1,6.2071448882559075,2,1
54,NORTE DE SANTANDER,54003,ÁBREGO,0.05157593123209169,,,sin_datos,BAJA,,,sin_datos,,sin_datos,NORMAL,0.1,0.0,2.0,sin_datos,1,8.714919870696715,0,1
54,NORTE DE SANTANDER,54051,ARBOLEDAS,0.10666666666666667,0.047028002895633594,2.5771345586807213,estable,MODERADA,1.1476439790575919,1.0275,DEFICIT,0.0,DEFICIT,MODERADA,0.09523809523809523,0.0,122.0,estable,2,14.558984326458965,2,1
54,NORTE DE SANTANDER,54099,BOCHALEMA,0.052845528455284556,,,sin_datos,BAJA,,,sin_datos,,sin_datos,NORMAL,0.08873720136518772,0.0,0.0,sin_datos,1,6.414744785863513,0,1
54,NORTE DE SANTANDER,54109,BUCARASICA,0.05897435897435897,,,sin_datos,BAJA,,,sin_datos,,sin_datos,NORMAL,0.045454545454545456,0.0,7.0,sin_datos,1,10.401207909603075,0,0
54,NORTE DE SANTANDER,54125,CÁCOTA,0.05630026809651475,0.05628752967462645,1.0075467811758134,estable,BAJA,1.0406976744186047,0.0,DEFICIT,,sin_datos,ALTA,0.0872093023255814,0.0,23.0,creciente,2,7.704976611151754,3,1
54,NORTE DE SANTANDER,54128,CÁCHIRA,0.046153846153846156,0.08600976260016656,1.8635448563369421,estable,MODERADA,2.3374827109266945,1.3541666666666665,EXCESO,0.29648101504289504,DEFICIT,MODERADA,0.10135135135135136,0.0,0.0,estable,1,6.618040192914556,2,1
54,NORTE DE SANTANDER,54172,CHINÁCOTA,0.052845528455284556,,,sin_datos,BAJA,,,sin_datos,,sin_datos,NORMAL,0.08873720136518772,0.0,0.0,sin_datos,1,4.581062942235615,0,1
54,NORTE DE SANTANDER,54174,CHITAGÁ,0.05841121495327103,0.0,0.0,insuficiente,BAJA,,,sin_datos,,sin_datos,NORMAL,0.09090909090909091,0.0,0.0,sin_datos,2,19.554294846046993,0,1
54,NORTE DE SANTANDER,54206,CONVENCIÓN,0.06818181818181818,,,sin_datos,BAJA,,,sin_datos,,sin_datos,MODERADA,0.10344827586206896,0.0,0.0,sin_datos,1,37.07629596335471,2,1
54,NORTE DE SANTANDER,54223,CUCUTILLA,0.05105853051058531,,,sin_datos,BAJA,,,sin_datos,,sin_datos,NORMAL,0.09578544061302682,0.0,0.0,sin_datos,1,1.9131730373574256,0,0
54,NORTE DE SANTANDER,54239,DURANIA,0.03347280334728033,0.1261932897349564,3.7700245308318223,creciente,ALTA,9.173236514522824,8.775781250000001,EXCESO,1.5397434371849823,EXCESO,MODERADA,0.10465116279069768,0.0,0.0,estable,1,9.831665970585727,2,1
54,NORTE DE SANTANDER,54245,EL CARMEN,0.0,0.02629519400352734,,estable,BAJA,,,sin_datos,0.014868077166502304,DEFICIT,ALTA,0.10752688172043011,0.0,103.0,estable,1,32.68456070101933,3,1
54,NORTE DE SANTANDER,54250,EL TARRA,0.06818181818181818,,,sin_datos,BAJA,,,sin_datos,,sin_datos,MODERADA,0.10344827586206896,0.0,0.0,sin_datos,1,28.0535172619196,2,1
54,NORTE DE SANTANDER,54261,EL ZULIA,0.09770114942528736,0.09080536733484453,2.5652516272093577,decreciente,MODERADA,0.9854651162790697,0.0,DEFICIT,,sin_datos,NORMAL,0.09859154929577464,0.0,2.0,estable,2,6.135676036580335,0,1
54,NORTE DE SANTANDER,54313,GRAMALOTE,0.06040268456375839,0.06355053697795633,1.2800893876988346,creciente,MODERADA,2.0369181380417336,1.6612665684830632,EXCESO,0.04079842070629524,DEFICIT,ALTA,0.08695652173913043,0.0,29.0,estable,2,0.8587840491340206,3,0
54,NORTE DE SANTANDER,54344,HACARÍ,0.05343511450381679,,,sin_datos,BAJA,,,sin_datos,,sin_datos,MODERADA,0.11764705882352941,0.0,1.0,sin_datos,1,26.134153784771406,2,1
54,NORTE DE SANTANDER,54347,HERRÁN,0.0501891551071879,0.14679036042182594,2.9247426084047228,estable,ALTA,2.892284000648403,3.0653266331658293,EXCESO,1.5084359807652608,EXCESO,NORMAL,0.09782608695652174,0.0,0.0,estable,1,1.628358335262312,0,0
54,NORTE DE SANTANDER,54377,LABATECA,0.05841121495327103,0.0,0.0,insuficiente,BAJA,,,sin_datos,,sin_datos,NORMAL,0.09090909090909091,0.0,0.0,sin_datos,2,6.835654399405027,0,1
54,NORTE DE SANTANDER,54385,LA ESPERANZA,0.046153846153846156,0.08600976260016656,1.8635448563369421,estable,MODERADA,2.3374827109266945,1.3541666666666665,EXCESO,0.29648101504289504,DEFICIT,MODERADA,0.10135135135135136,0.0,0.0,estable,1,20.816316734720736,2,1
54,NORTE DE SANTANDER,54398,LA PLAYA,0.05343511450381679,,,sin_datos,BAJA,,,sin_datos,,sin_datos,MODERADA,0.11764705882352941,0.0,1.0,sin_datos,1,13.386915874701662,2,1
54,NORTE DE SANTANDER,54405,LOS PATIOS,0.05240174672489083,,,sin_datos,BAJA,,,sin_datos,,sin_datos,ALTA,0.087248322147651,0.0,163.0,sin_datos,1,7.906209880348746,3,1
54,NORTE DE SANTANDER,54418,LOURDES,0.0,,,sin_datos,BAJA,,,sin_datos,,sin_datos,NORMAL,0.0898876404494382,0.0,7.0,sin_datos,1,4.707339569888876,0,0
54,NORTE DE SANTANDER,54480,MUTISCUA,0.06206896551724138,0.0980482629676178,1.5796664589227314,estable,MODERADA,1.5591397849462365,1.4987080103359174,EXCESO,0.667470004213826,DEFICIT,MODERADA,0.1038961038961039,0.0,0.0,estable,1,3.167702369227459,2,0
54,NORTE DE SANTANDER,54498,OCAÑA,0.05063291139240506,,,sin_datos,BAJA,,,sin_datos,,sin_datos,ALTA,0.09381237524950099,0.0,27.0,sin_datos,1,2.350481242148178,3,1
54,NORTE DE SANTANDER,54518,PAMPLONA,0.06397306397306397,0.05599633809260667,1.1244228181953355,estable,ALTA,1.1664899900051489,1.7570255474452554,EXCESO,1.1678822012038137,EXCESO,NORMAL,0.09535452322738386,0.0,0.0,estable,2,2.27991099616384,0,1
54,NORTE DE SANTANDER,54520,PAMPLONITA,0.0,,,sin_datos,BAJA,,,sin_datos,,sin_datos,NORMAL,0.08873720136518772,0.0,0.0,sin_datos,1,9.216011472739325,0,1
54,NORTE DE SANTANDER,54553,PUERTO SANTANDER,0.06521739130434782,,,sin_datos,BAJA,,,sin_datos,,sin_datos,NORMAL,0.06153846153846154,0.0,2.0,sin_datos,1,3.4920563703767473,0,1
54,NORTE DE SANTANDER,54599,RAGONVALIA,0.0501891551071879,0.14679036042182594,2.9247426084047228,estable,ALTA,2.892284000648403,3.0653266331658293,EXCESO,1.5084359807652608,EXCESO,NORMAL,0.09782608695652174,0.0,0.0,estable,1,10.107796720424684,0,0
54,NORTE DE SANTANDER,54660,SALAZAR,0.06474820143884892,,,sin_datos,BAJA,,,sin_datos,,sin_datos,MODERADA,0.11904761904761904,0.0,5.0,sin_datos,1,10.307889255394896,2,1
54,NORTE DE SANTANDER,54670,SAN CALIXTO,0.05327617881200245,,,sin_datos,BAJA,,,sin_datos,,sin_datos,NORMAL,0.08849557522123894,0.0,4.0,sin_datos,1,13.420937024464887,0,1
54,NORTE DE SANTANDER,54673,SAN CAYETANO,0.06896551724137931,,,sin_datos,BAJA,,,sin_datos,,sin_datos,MODERADA,0.1111111111111111,0.0,0.0,sin_datos,1,3.0623364386423324,2,1
54,NORTE DE SANTANDER,54680,SANTIAGO,0.0,0.0,,estable,BAJA,,,sin_datos,,sin_datos,ALTA,0.10273972602739725,0.0,406.0,sin_datos,1,9.680770032954722,3,1
54,NORTE DE SANTANDER,54720,SARDINATA,0.05897435897435897,,,sin_datos,BAJA,,,sin_datos,,sin_datos,NORMAL,0.045454545454545456,0.0,7.0,sin_datos,1,10.624827603461341,0,1
54,NORTE DE SANTANDER,54743,SILOS,0.084375,0.08486462720394142,1.9481423980198904,estable,BAJA,2.6670734683915063,1.578216911764706,EXCESO,1.081853949545659,NORMAL,NORMAL,0.08181818181818182,0.0,2.0,estable,2,9.11888266508179,0,0
54,NORTE DE SANTANDER,54800,TEORAMA,0.06818181818181818,,,sin_datos,BAJA,,,sin_datos,,sin_datos,MODERADA,0.10344827586206896,0.0,0.0,sin_datos,1,26.118810605160714,2,1
54,NORTE DE SANTANDER,54810,TIBÚ,0.5,,,sin_datos,BAJA,,,sin_datos,,sin_datos,MODERADA,0.5,0.0,0.0,sin_datos,2,11.53340524310642,2,1
54,NORTE DE SANTANDER,54820,TOLEDO,0.05841121495327103,0.0,0.0,insuficiente,BAJA,,,sin_datos,,sin_datos,NORMAL,0.09090909090909091,0.0,0.0,sin_datos,2,13.514964666768863,0,1
54,NORTE DE SANTANDER,54871,VILLA CARO,0.05157593123209169,,,sin_datos,BAJA,,,sin_datos,,sin_datos,NORMAL,0.1,0.0,2.0,sin_datos,1,15.842480129046187,0,1
54,NORTE DE SANTANDER,54874,VILLA DEL ROSARIO,0.05240174672489083,,,sin_datos,BAJA,,,sin_datos,,sin_datos,ALTA,0.087248322147651,0.0,163.0,sin_datos,1,2.9247806197412216,3,0
63,QUINDÍO,63001,ARMENIA,0.06289308176100629,,,sin_datos,BAJA,,,sin_datos,,sin_datos,MODERADA,0.10416666666666667,0.0,3.0,sin_datos,1,5.197835385608254,2,1
63,QUINDÍO,63111,BUENAVISTA,0.06857142857142857,0.0649320410758816,0.9469255990232733,estable,BAJA,0.5952380952380951,0.5072463768115942,DEFICIT,0.9463086399986516,NORMAL,ALTA,0.1076923076923077,0.25,0.0,creciente,1,1.3002320668301313,3,0
63,QUINDÍO,63130,CALARCÁ,0.06534090909090909,,,sin_datos,BAJA,,,sin_datos,,sin_datos,ALTA,0.1,0.0,25.0,sin_datos,1,2.8298092180122474,3,1
63,QUINDÍO,63190,CIRCASIA,0.07086614173228346,0.08268299800557866,1.3229279680892585,estable,MODERADA,1.5269709543568464,1.6,EXCESO,0.7642067024156514,DEFICIT,MODERADA,0.10576923076923077,0.5,0.0,estable,2,5.374777901103223,2,0
63,QUINDÍO,63212,CÓRDOBA,0.06534090909090909,,,sin_datos,BAJA,,,sin_datos,,sin_datos,ALTA,0.1016949152542373,0.0,26.0,sin_datos,1,7.2156666957911035,3,1
63,QUINDÍO,63272,FILANDIA,0.21052631578947367,0.5513729378391032,2.6190214547357407,estable,CRÍTICA,3.2386363636363638,2.142156862745098,EXCESO,78.36834733893558,EXCESO,MODERADA,0.10714285714285714,0.0,0.0,estable,1,9.97057508993654,2,0
63,QUINDÍO,63302,GÉNOVA,0.06128133704735376,,,sin_datos,BAJA,,,sin_datos,,sin_datos,NORMAL,0.1,0.0,5.0,sin_datos,1,2.835742691144051,0,1
63,QUINDÍO,63401,LA TEBAIDA,0.03577235772357724,0.28927090361422153,8.086436623761193,estable,ALTA,9.627499056959637,6.988636363636363,EXCESO,3.7098049168644867,EXCESO,MODERADA,0.10071942446043165,0.0,0.0,estable,1,6.463911768818017,2,1
63,QUINDÍO,63470,MONTENEGRO,0.0522713130056005,,,sin_datos,BAJA,,,sin_datos,,sin_datos,NORMAL,0.09722222222222222,0.0,0.0,sin_datos,1,2.865642927835179,0,1
63,QUINDÍO,63548,PIJAO,0.06666666666666667,0.05825333443798405,1.0801832585786184,estable,BAJA,0.9310221159593545,0.4664869721473495,DEFICIT,0.27432339839209313,DEFICIT,ALTA,0.10160427807486631,0.25,1.0,estable,2,3.0305011804077,3,1
63,QUINDÍO,63594,QUIMBAYA,0.05540540540540541,,,sin_datos,BAJA,,,sin_datos,,sin_datos,ALTA,0.10526315789473684,0.0,18.0,sin_datos,1,6.9587986611527795,3,1
63,QUINDÍO,63690,SALENTO,0.058666666666666666,0.08492704681989072,1.7383504895946382,estable,MODERADA,2.293179460580913,1.53515625,EXCESO,0.9056866365805931,NORMAL,MODERADA,0.0913978494623656,0.5,0.0,estable,2,4.87244216846393,2,0
66,RISARALDA,66001,PEREIRA,0.02925243770314193,0.1091424517835808,3.7310549257868546,estable,MODERADA,5.499355877616747,4.1297539149888145,EXCESO,1.0266438078555817,NORMAL,LEVE,0.08992805755395683,0.0,0.0,estable,1,6.277177442656082,1,1
66,RISARALDA,66045,APÍA,0.0,,,sin_datos,BAJA,,,sin_datos,,sin_datos,MODERADA,0.08900523560209424,0.0,7.0,sin_datos,1,4.449889745248743,2,1
66,RISARALDA,66075,BALBOA,0.04742145820983995,0.18782910656161636,3.960846284618085,estable,ALTA,4.285160427807487,4.085703125,EXCESO,9.592444093916606,EXCESO,MODERADA,0.07977207977207977,0.2857142857142857,0.0,estable,1,7.199711385010794,2,1
66,RISARALDA,66088,BELÉN DE UMBRÍA,0.12290502793296089,0.1395749113491049,3.196715711544016,estable,MODERADA,2.082111436950147,4.580645161290323,EXCESO,,sin_datos,NORMAL,0.0945945945945946,0.0,1.0,estable,2,3.960855154629732,0,1
66,RISARALDA,66170,DOSQUEBRADAS,0.08571428571428572,0.1091424517835808,1.273328604141776,estable,MODERADA,1.8768115942028984,1.4093959731543624,EXCESO,1.0266438078555817,NORMAL,LEVE,0.08992805755395683,0.0,0.0,estable,1,8.376455570948652,1,1
66,RISARALDA,66318,GUÁTICA,0.05452292441140025,,,sin_datos,BAJA,,,sin_datos,,sin_datos,MODERADA,0.08169934640522876,0.0,7.0,sin_datos,1,1.0989423180969384,2,0
66,RISARALDA,66383,LA CELIA,0.05303030303030303,,,sin_datos,BAJA,,,sin_datos,,sin_datos,NORMAL,0.08898305084745763,0.0,1.0,sin_datos,1,1.849803956422221,0,0
66,RISARALDA,66400,LA VIRGINIA,0.047619047619047616,0.18782910656161636,3.9444112377939438,estable,ALTA,4.267379679144385,4.0687500000000005,EXCESO,9.592444093916606,EXCESO,MODERADA,0.07977207977207977,0.2857142857142857,0.0,estable,1,3.6555941290798235,2,1
66,RISARALDA,66440,MARSELLA,0.05364511691884457,,,sin_datos,BAJA,,,sin_datos,,sin_datos,ALTA,0.1037037037037037,0.0,29.0,sin_datos,1,2.210873799516503,3,1
66,RISARALDA,66456,MISTRATÓ,0.0,,,sin_datos,BAJA,,,sin_datos,,sin_datos,MODERADA,0.08169934640522876,0.0,7.0,sin_datos,1,19.167219781169354,2,1
66,RISARALDA,66572,PUEBLO RICO,0.061611374407582936,0.011764705882352941,0.2,estable,BAJA,0.0,0.0,DEFICIT,,sin_datos,MODERADA,0.11538461538461539,0.0,1.0,estable,2,7.4736059175908025,2,1
66,RISARALDA,66594,QUINCHÍA,0.07377049180327869,0.03787878787878787,0.674931129476584,estable,BAJA,0.0,,sin_datos,,sin_datos,ALTA,0.09836065573770492,0.0,28.0,creciente,2,8.222183393277575,3,1
66,RISARALDA,66682,SANTA ROSA DE CABAL,0.0782122905027933,0.10444119718045168,4.56059894354639,estable,MODERADA,4.529737206085754,3.8208333333333333,EXCESO,0.9317301977268464,NORMAL,MODERADA,0.07142857142857142,0.25,0.0,estable,2,5.818489752485375,2,1
66,RISARALDA,66687,SANTUARIO,0.05303030303030303,,,sin_datos,BAJA,,,sin_datos,,sin_datos,NORMAL,0.08898305084745763,0.0,1.0,sin_datos,1,8.721011743550202,0,1
68,SANTANDER,68001,BUCARAMANGA,0.009433962264150943,0.08610936341414996,9.127592521899896,estable,MODERADA,18.373333333333335,20.000000000000004,EXCESO,0.27667730061349693,DEFICIT,MODERADA,0.10714285714285714,0.0,4.0,estable,1,1.6623874769832145,2,0
68,SANTANDER,68013,AGUADA,0.0,0.0,,estable,BAJA,,,sin_datos,,sin_datos,MODERADA,0.0,0.0,546.0,insuficiente,1,8.189867431005972,2,1
68,SANTANDER,68020,ALBANIA,0.08888888888888889,0.11366264005089753,3.854196794453162,estable,ALTA,3.688855077976417,3.390909090909091,EXCESO,1.207738008191417,EXCESO,MODERADA,0.09375,0.16666666666666666,0.0,estable,2,7.333640928445156,2,0
68,SANTANDER,68051,ARATOCA,0.034653465346534656,,,sin_datos,BAJA,,,sin_datos,,sin_datos,ALTA,0.15384615384615385,0.0,16.0,sin_datos,1,6.402704195190719,3,1
68,SANTANDER,68077,BARBOSA,0.058823529411764705,,,sin_datos,BAJA,,,sin_datos,,sin_datos,MODERADA,0.1,0.0,4.0,sin_datos,1,7.144258180372132,2,1
68,SANTANDER,68079,BARICHARA,0.052104208416833664,,,sin_datos,BAJA,,,sin_datos,,sin_datos,MODERADA,0.10606060606060606,0.0,4.0,sin_datos,1,13.621513870492404,2,1
68,SANTANDER,68081,BARRANCABERMEJA,0.07046070460704607,0.08980810852455676,1.274584309444671,estable,MODERADA,1.4133418448771147,1.064423076923077,NORMAL,0.9490708498362067,NORMAL,NORMAL,0.09340659340659341,0.0625,0.0,estable,1,4.236027637449507,0,1
68,SANTANDER,68092,BETULIA,0.13043478260869565,0.2380952380952381,1.8253968253968256,insuficiente,CRÍTICA,,,sin_datos,,sin_datos,MODERADA,0.0,0.0,10.0,insuficiente,1,16.873499398679076,2,1
68,SANTANDER,68101,BOLÍVAR,0.06906906906906907,0.10321064818910566,1.4943106889987907,estable,ALTA,1.742197366047267,1.8097826086956523,EXCESO,1.4410884489570202,EXCESO,MODERADA,0.09523809523809523,0.15384615384615385,0.0,estable,1,14.461310466873433,2,1
68,SANTANDER,68121,CABRERA,0.06818181818181818,0.06893351794856321,1.0110249299122605,estable,BAJA,0.9727891156462586,0.510144927536232,DEFICIT,0.6529148556846386,DEFICIT,MODERADA,0.10679611650485436,0.0,0.0,estable,1,4.813013138209272,2,1
68,SANTANDER,68132,CALIFORNIA,0.008064516129032258,0.0,0.0,estable,BAJA,0.0,0.0,DEFICIT,0.22816304787661798,DEFICIT,MODERADA,0.09411764705882353,0.25,0.0,insuficiente,1,5.507247341744463,2,0
68,SANTANDER,68147,CAPITANEJO,0.06837606837606838,0.08622022196997382,1.260970746310867,estable,MODERADA,1.641581632653061,0.508695652173913,DEFICIT,0.5538175697135235,DEFICIT,MODERADA,0.1,0.3333333333333333,1.0,estable,1,2.1010444169071714,2,1
68,SANTANDER,68152,CARCASÍ,0.05506883604505632,0.06908053543998244,1.2544397231033173,estable,MODERADA,2.111522198731501,0.0,DEFICIT,,sin_datos,NORMAL,0.08783783783783784,0.0,2.0,estable,1,2.4422646475614123,0,0
68,SANTANDER,68160,CEPITÁ,0.034653465346534656,,,sin_datos,BAJA,,,sin_datos,,sin_datos,ALTA,0.15384615384615385,0.0,16.0,sin_datos,1,16.2912295744911,3,1
68,SANTANDER,68162,CERRITO,0.17391304347826086,0.20697996320116135,1.1901347884066777,estable,CRÍTICA,1.6715116279069768,1.1500000000000001,EXCESO,,sin_datos,NORMAL,0.09932279909706546,0.0,2.0,estable,1,7.265416935779042,0,1
68,SANTANDER,68167,CHARALÁ,0.06857142857142857,0.08952275626593997,1.305540195544958,estable,MODERADA,1.7857142857142856,1.0144927536231885,NORMAL,0.6924454287126763,DEFICIT,MODERADA,0.10309278350515463,0.5,0.0,estable,1,11.307086679516798,2,1
68,SANTANDER,68169,CHARTA,0.008064516129032258,0.0,0.0,estable,BAJA,0.0,0.0,DEFICIT,0.22816304787661798,DEFICIT,MODERADA,0.09411764705882353,0.25,0.0,insuficiente,1,9.221264654805577,2,1
68,SANTANDER,68176,CHIMA,0.0679886685552408,0.0955851623345589,1.4058984293374703,estable,MODERADA,1.575892857142857,1.4068840579710145,EXCESO,0.7315781841264978,DEFICIT,MODERADA,0.09009009009009009,0.2,0.0,estable,1,3.7705955090617755,2,1
68,SANTANDER,68179,CHIPATÁ,0.058823529411764705,,,sin_datos,BAJA,,,sin_datos,,sin_datos,MODERADA,0.1,0.0,4.0,sin_datos,1,9.042554218987236,2,0
68,SANTANDER,68190,CIMITARRA,0.06753246753246753,0.1835095784811155,5.27590038133207,creciente,ALTA,10.201612903225806,9.941588785046727,EXCESO,3.4809860462745434,EXCESO,NORMAL,0.08695652173913043,0.0,0.0,estable,2,15.266793005274438,0,1
68,SANTANDER,68207,CONCEPCIÓN,0.058823529411764705,0.06908053543998244,1.1743691024797014,estable,MODERADA,1.9767441860465116,0.0,DEFICIT,,sin_datos,NORMAL,0.08783783783783784,0.0,2.0,estable,1,8.82930298315166,0,1
68,SANTANDER,68209,CONFINES,0.028499580888516344,0.1424417986251125,4.998031345875271,estable,ALTA,6.872953305033354,3.415668922436231,EXCESO,1.2389927377988272,EXCESO,NORMAL,0.09646302250803858,0.0,0.0,estable,1,1.8676119935456879,0,0
68,SANTANDER,68211,CONTRATACIÓN,0.06857142857142857,0.09181929661666752,1.339031408993068,estable,ALTA,1.7857142857142856,1.141304347826087,NORMAL,1.3402188997318376,EXCESO,MODERADA,0.09615384615384616,0.2,0.0,estable,1,12.059356515175716,2,1
68,SANTANDER,68217,COROMORO,0.029184549356223177,0.14457614920666803,4.9538592301696545,estable,ALTA,5.769057623049219,3.873401534526854,EXCESO,1.6853749202890664,EXCESO,MODERADA,0.10104529616724739,0.5,0.0,estable,1,16.679076614623785,2,1
68,SANTANDER,68229,CURITÍ,0.06303724928366762,0.07466256172594248,1.1844197291979057,estable,MODERADA,1.780612244897959,0.965612648221344,NORMAL,0.7658055658855338,DEFICIT,NORMAL,0.06930693069306931,0.0,0.0,estable,1,1.3480914695241757,0,1
68,SANTANDER,68235,EL CARMEN DE CHUCURÍ,0.017543859649122806,0.12328514842707056,7.027253460343022,estable,ALTA,11.051020408163266,7.930434782608696,EXCESO,1.900330886535026,EXCESO,NORMAL,0.07352941176470588,0.0,0.0,estable,1,6.892613326556595,0,1
68,SANTANDER,68245,EL GUACAMAYO,0.06857142857142857,0.09181929661666752,1.339031408993068,estable,ALTA,1.7857142857142856,1.141304347826087,NORMAL,1.3402188997318376,EXCESO,MODERADA,0.09615384615384616,0.2,0.0,estable,1,9.123080121985035,2,1
68,SANTANDER,68250,EL PEÑÓN,0.06906906906906907,0.10321064818910566,1.4943106889987907,estable,ALTA,1.742197366047267,1.8097826086956523,EXCESO,1.4410884489570202,EXCESO,MODERADA,0.09523809523809523,0.15384615384615385,0.0,estable,1,21.165846737026747,2,1
68,SANTANDER,68255,EL PLAYÓN,0.046153846153846156,0.08600976260016656,1.8635448563369421,estable,MODERADA,2.3374827109266945,1.3541666666666665,EXCESO,0.29648101504289504,DEFICIT,MODERADA,0.10135135135135136,0.0,0.0,estable,1,13.869611450881065,2,0
68,SANTANDER,68264,ENCINO,0.029184549356223177,0.14457614920666803,4.9538592301696545,estable,ALTA,5.769057623049219,3.873401534526854,EXCESO,1.6853749202890664,EXCESO,MODERADA,0.10104529616724739,0.5,0.0,estable,1,7.883313919153277,2,1
68,SANTANDER,68266,ENCISO,0.053208137715179966,0.09430256123804512,1.7723334303267892,estable,MODERADA,3.9336525307797543,3.758823529411765,EXCESO,,sin_datos,NORMAL,0.09411764705882353,0.0,3.0,estable,1,7.633532870178213,0,0
68,SANTANDER,68271,FLORIÁN,0.0,,,sin_datos,BAJA,,,sin_datos,,sin_datos,MODERADA,0.07142857142857142,0.0,7.0,sin_datos,1,15.931574366329441,2,1
68,SANTANDER,68276,FLORIDABLANCA,0.064,,,sin_datos,BAJA,,,sin_datos,,sin_datos,ALTA,0.1,0.0,30.0,sin_datos,1,2.190285858900357,3,0
68,SANTANDER,68296,GALÁN,0.06818181818181818,0.06893351794856321,1.0110249299122605,estable,BAJA,0.9727891156462586,0.510144927536232,DEFICIT,0.6529148556846386,DEFICIT,MODERADA,0.10679611650485436,0.0,0.0,estable,1,13.982482018617254,2,1
68,SANTANDER,68298,GÁMBITA,0.04081632653061224,0.048913043478260865,1.1983695652173914,estable,MODERADA,1.8750000000000002,3.1956521739130435,EXCESO,,sin_datos,MODERADA,0.11428571428571428,0.0,0.0,estable,1,3.516522978640546,2,1
68,SANTANDER,68307,GIRÓN,0.13043478260869565,0.2380952380952381,1.8253968253968256,insuficiente,CRÍTICA,,,sin_datos,,sin_datos,MODERADA,0.0,0.0,10.0,insuficiente,1,3.5936890986183405,2,1
68,SANTANDER,68318,GUACA,0.06451612903225806,0.021665968440161987,0.3358225108225108,estable,BAJA,0.0,0.0,DEFICIT,,sin_datos,ALTA,0.06896551724137931,0.0,180.0,estable,1,13.040407001476883,3,0
68,SANTANDER,68320,GUADALUPE,0.06857142857142857,0.09181929661666752,1.339031408993068,estable,ALTA,1.7857142857142856,1.141304347826087,NORMAL,1.3402188997318376,EXCESO,MODERADA,0.09615384615384616,0.2,0.0,estable,1,0.7506162916818669,2,1
68,SANTANDER,68322,GUAPOTÁ,0.0679886685552408,0.0955851623345589,1.4058984293374703,estable,MODERADA,1.575892857142857,1.4068840579710145,EXCESO,0.7315781841264978,DEFICIT,MODERADA,0.09009009009009009,0.2,0.0,estable,1,5.697215651264767,2,1
68,SANTANDER,68324,GUAVATÁ,0.058823529411764705,,,sin_datos,BAJA,,,sin_datos,,sin_datos,MODERADA,0.1,0.0,4.0,sin_datos,1,7.89447209591497,2,0
68,SANTANDER,68327,GÜEPSA,0.058823529411764705,,,sin_datos,BAJA,,,sin_datos,,sin_datos,MODERADA,0.1,0.0,4.0,sin_datos,1,11.813211441072472,2,1
68,SANTANDER,68344,HATO,0.06818181818181818,0.06893351794856321,1.0110249299122605,estable,BAJA,0.9727891156462586,0.510144927536232,DEFICIT,0.6529148556846386,DEFICIT,MODERADA,0.10679611650485436,0.0,0.0,estable,1,7.808882050743258,2,0
68,SANTANDER,68368,JESÚS MARÍA,0.08888888888888889,0.11366264005089753,3.854196794453162,estable,ALTA,3.688855077976417,3.390909090909091,EXCESO,1.207738008191417,EXCESO,MODERADA,0.09375,0.16666666666666666,0.0,estable,2,10.969673862868278,2,0
68,SANTANDER,68370,JORDÁN,0.034653465346534656,,,sin_datos,BAJA,,,sin_datos,,sin_datos,ALTA,0.15384615384615385,0.0,16.0,sin_datos,1,6.018450347095154,3,1
68,SANTANDER,68377,LA BELLEZA,0.05079921173636961,0.13997252747252747,2.755407469685487,estable,MODERADA,3.6202933016250496,0.0,DEFICIT,,sin_datos,NORMAL,0.097708082026538,0.0,1.0,estable,1,27.6362185329833,0,1
68,SANTANDER,68385,LANDÁZURI,0.06906906906906907,0.10321064818910566,1.4943106889987907,estable,ALTA,1.742197366047267,1.8097826086956523,EXCESO,1.4410884489570202,EXCESO,MODERADA,0.09523809523809523,0.15384615384615385,0.0,estable,1,20.087928529375834,2,1
68,SANTANDER,68397,LA PAZ,0.0,0.0,,estable,BAJA,,,sin_datos,,sin_datos,MODERADA,0.0,0.0,546.0,insuficiente,1,18.672854071333983,2,1
68,SANTANDER,68406,LEBRIJA,0.08661417322834646,0.0963730658167157,1.1126708507929903,decreciente,MODERADA,0.8144096567333082,0.0,DEFICIT,,sin_datos,NORMAL,0.0975609756097561,0.0,0.0,estable,1,0.9271926499996913,0,1
68,SANTANDER,68418,LOS SANTOS,0.057233704292527825,0.0437192118226601,0.8394088669950739,estable,BAJA,,,sin_datos,,sin_datos,ALTA,0.1,0.0,22.0,insuficiente,2,10.241005211444818,3,1
68,SANTANDER,68425,MACARAVITA,0.054858934169279,0.12198912198912198,2.2236874236874233,estable,MODERADA,1.7360544217687073,1.5624489795918366,EXCESO,0.7545767993421527,DEFICIT,ALTA,0.10619469026548672,0.0,0.0,estable,1,10.226363139973355,3,0
68,SANTANDER,68432,MÁLAGA,0.053208137715179966,0.09430256123804512,1.7723334303267892,estable,MODERADA,3.9336525307797543,3.758823529411765,EXCESO,,sin_datos,NORMAL,0.09411764705882353,0.0,3.0,estable,1,1.8069287865929031,0,1
68,SANTANDER,68444,MATANZA,0.008064516129032258,0.0,0.0,estable,BAJA,0.0,0.0,DEFICIT,0.22816304787661798,DEFICIT,MODERADA,0.09411764705882353,0.25,0.0,insuficiente,1,7.623502887381876,2,1
68,SANTANDER,68464,MOGOTES,0.12355212355212356,0.14042774121194587,3.037811276170978,estable,CRÍTICA,3.321181125156808,3.1096802325581394,EXCESO,1.7273514701568786,EXCESO,NORMAL,0.09080325960419092,0.0,0.0,estable,2,2.751636644798876,0,1
68,SANTANDER,68468,MOLAGAVITA,0.053208137715179966,0.09430256123804512,1.7723334303267892,estable,MODERADA,3.9336525307797543,3.758823529411765,EXCESO,,sin_datos,NORMAL,0.09411764705882353,0.0,3.0,estable,1,12.106553884615211,0,1
68,SANTANDER,68498,OCAMONTE,0.06857142857142857,0.08952275626593997,1.305540195544958,estable,MODERADA,1.7857142857142856,1.0144927536231885,NORMAL,0.6924454287126763,DEFICIT,MODERADA,0.10309278350515463,0.5,0.0,estable,1,8.319672247530722,2,1
68,SANTANDER,68500,OIBA,0.06857142857142857,0.0689136308538589,1.004990449952109,estable,BAJA,0.8184523809523809,0.8876811594202898,NORMAL,0.6077325082551156,DEFICIT,MODERADA,0.08490566037735849,0.3333333333333333,0.0,estable,1,5.494515421621221,2,1
68,SANTANDER,68502,ONZAGA,0.06857142857142857,0.09602373415443839,1.4003461230855598,estable,ALTA,2.0401554404145075,0.7812499999999999,DEFICIT,1.7482945725394132,EXCESO,NORMAL,0.09090909090909091,0.0,0.0,estable,1,16.4113193872599,0,1
68,SANTANDER,68522,PALMAR,0.06818181818181818,0.06893351794856321,1.0110249299122605,estable,BAJA,0.9727891156462586,0.510144927536232,DEFICIT,0.6529148556846386,DEFICIT,MODERADA,0.10679611650485436,0.0,0.0,estable,1,2.8346391134192186,2,1
68,SANTANDER,68524,PALMAS DEL SOCORRO,0.028499580888516344,0.1424417986251125,4.998031345875271,estable,ALTA,6.872953305033354,3.415668922436231,EXCESO,1.2389927377988272,EXCESO,NORMAL,0.09646302250803858,0.0,0.0,estable,1,6.319363080204703,0,1
68,SANTANDER,68533,PÁRAMO,0.06666666666666667,0.09515899565118907,1.427384934767836,estable,MODERADA,1.6666666666666665,0.2830188679245283,DEFICIT,0.2808154247463557,DEFICIT,NORMAL,0.09433962264150944,0.06666666666666667,0.0,estable,1,3.4306574823378524,0,1
68,SANTANDER,68547,PIEDECUESTA,0.0374251497005988,0.09794824060900333,2.617176989072569,estable,MODERADA,3.5086868686868695,2.5121367521367524,EXCESO,0.8453348084944792,DEFICIT,MODERADA,0.09345794392523364,0.3333333333333333,2.0,estable,1,6.361250043546886,2,1
68,SANTANDER,68549,PINCHOTE,0.0,,,sin_datos,BAJA,,,sin_datos,,sin_datos,NORMAL,0.08614232209737828,0.0,0.0,sin_datos,1,5.525973822642827,0,1
68,SANTANDER,68572,PUENTE NACIONAL,0.06060606060606061,0.06410190176754475,1.321485359515538,estable,MODERADA,1.5657254138266796,1.1596153846153847,EXCESO,0.7184900817340548,DEFICIT,MODERADA,0.09090909090909091,0.2727272727272727,0.0,estable,2,4.6063214932823335,2,1
68,SANTANDER,68573,PUERTO PARRA,0.06876790830945559,0.06738605374435919,0.9799055315325564,estable,BAJA,0.23581081081081082,0.18177083333333335,DEFICIT,0.4564692155010051,DEFICIT,MODERADA,0.06923076923076923,0.13333333333333333,0.0,estable,1,10.083474751154924,2,1
68,SANTANDER,68575,PUERTO WILCHES,0.0,,,sin_datos,BAJA,,,sin_datos,,sin_datos,MODERADA,0.0,0.0,373.0,sin_datos,1,12.90867888617057,2,1
68,SANTANDER,68615,RIONEGRO,0.05405405405405406,0.08158067184300911,1.5092424290956685,decreciente,MODERADA,1.0746887966804979,0.69375,DEFICIT,0.5049782075648435,DEFICIT,MODERADA,0.09652509652509653,0.2727272727272727,1.0,estable,1,15.923448083377528,2,1
68,SANTANDER,68655,SABANA DE TORRES,0.05405405405405406,0.08158067184300911,1.5092424290956685,decreciente,MODERADA,1.0746887966804979,0.69375,DEFICIT,0.5049782075648435,DEFICIT,MODERADA,0.09652509652509653,0.2727272727272727,1.0,estable,1,9.222456654969637,2,1
68,SANTANDER,68669,SAN ANDRÉS,0.053208137715179966,0.09430256123804512,1.7723334303267892,estable,MODERADA,3.9336525307797543,3.758823529411765,EXCESO,,sin_datos,NORMAL,0.09411764705882353,0.0,3.0,estable,1,13.806726053053177,0,1
68,SANTANDER,68673,SAN BENITO,0.0,0.0,,estable,BAJA,,,sin_datos,,sin_datos,MODERADA,0.0,0.0,546.0,insuficiente,1,8.050753196909804,2,1
68,SANTANDER,68679,SAN GIL,0.013300083125519535,,,sin_datos,BAJA,,,sin_datos,,sin_datos,MODERADA,0.14285714285714285,0.0,1.0,sin_datos,1,1.0920344951872811,2,1
68,SANTANDER,68682,SAN JOAQUÍN,0.12355212355212356,0.14042774121194587,3.037811276170978,estable,ALTA,3.321181125156808,3.1096802325581394,EXCESO,1.7273514701568786,EXCESO,NORMAL,0.09080325960419092,0.0,0.0,estable,2,12.681172807488613,0,1
68,SANTANDER,68684,SAN JOSÉ DE MIRANDA,0.053208137715179966,0.09430256123804512,1.7723334303267892,estable,MODERADA,3.9336525307797543,3.758823529411765,EXCESO,,sin_datos,NORMAL,0.09411764705882353,0.0,3.0,estable,1,8.588562917375183,0,1
68,SANTANDER,68686,SAN MIGUEL,0.06837606837606838,0.08622022196997382,1.260970746310867,estable,MODERADA,1.641581632653061,0.508695652173913,DEFICIT,0.5538175697135235,DEFICIT,MODERADA,0.1,0.3333333333333333,1.0,estable,1,7.8427196182322545,2,0
68,SANTANDER,68689,SAN VICENTE DE CHUCURÍ,0.11851851851851852,0.15019877114913266,1.2673021315708068,decreciente,CRÍTICA,0.9102697095435685,0.263671875,DEFICIT,0.8831534011219969,NORMAL,SEVERA,0.09722222222222222,0.2,45.0,estable,1,10.781525971544252,4,1
68,SANTANDER,68705,SANTA BÁRBARA,0.06451612903225806,0.021665968440161987,0.3358225108225108,estable,BAJA,0.0,0.0,DEFICIT,,sin_datos,ALTA,0.06896551724137931,0.0,180.0,estable,1,13.927559494444713,3,0
68,SANTANDER,68720,SANTA HELENA DEL OPÓN,0.0679886685552408,0.0955851623345589,1.4058984293374703,estable,MODERADA,1.575892857142857,1.4068840579710145,EXCESO,0.7315781841264978,DEFICIT,MODERADA,0.09009009009009009,0.2,0.0,estable,1,24.391822407653176,2,1
68,SANTANDER,68745,SIMACOTA,0.0,0.08502247556752562,,estable,BAJA,,,sin_datos,0.8652307973991146,NORMAL,NORMAL,0.08333333333333333,0.0,0.0,estable,1,17.56409331192805,0,1
68,SANTANDER,68755,SOCORRO,0.05283757338551859,,,sin_datos,BAJA,,,sin_datos,,sin_datos,NORMAL,0.08614232209737828,0.0,0.0,sin_datos,1,4.2829046397680735,0,1
68,SANTANDER,68770,SUAITA,0.06857142857142857,0.09173650690254138,1.3378240589953951,estable,MODERADA,1.1904761904761902,0.8876811594202898,NORMAL,0.8950173451537343,NORMAL,NORMAL,0.05813953488372093,0.0,0.0,estable,1,5.978836226620416,0,1
68,SANTANDER,68773,SUCRE,0.058823529411764705,,,sin_datos,BAJA,,,sin_datos,,sin_datos,MODERADA,0.1,0.0,4.0,sin_datos,1,31.74186128692515,2,1
68,SANTANDER,68780,SURATÁ,0.06354515050167224,0.07432530812296208,1.1696456383560874,estable,MODERADA,1.8283468006114874,0.6884868421052631,DEFICIT,0.49205291336423806,DEFICIT,MODERADA,0.09036144578313253,0.1111111111111111,2.0,estable,1,0.4019137779310419,2,0
68,SANTANDER,68820,TONA,0.0,0.06769849374988338,,estable,BAJA,,,sin_datos,0.21059374824720276,DEFICIT,MODERADA,0.09497206703910614,0.4,2.0,estable,1,4.4043160498285925,2,0
68,SANTANDER,68855,VALLE DE SAN JOSÉ,0.06666666666666667,0.09515899565118907,1.427384934767836,estable,MODERADA,1.6666666666666665,0.2830188679245283,DEFICIT,0.2808154247463557,DEFICIT,NORMAL,0.09433962264150944,0.06666666666666667,0.0,estable,1,5.466919827654222,0,1
68,SANTANDER,68861,VÉLEZ,0.058823529411764705,,,sin_datos,BAJA,,,sin_datos,,sin_datos,MODERADA,0.1,0.0,4.0,sin_datos,1,2.2606758964000124,2,1
68,SANTANDER,68867,VETAS,0.05472636815920398,0.08537933094384707,1.5601132290648418,estable,MODERADA,3.9905956112852667,0.0,DEFICIT,,sin_datos,NORMAL,0.0967741935483871,0.0,2.0,estable,1,1.4268100526378693,0,0
68,SANTANDER,68872,VILLANUEVA,0.034653465346534656,,,sin_datos,BAJA,,,sin_datos,,sin_datos,ALTA,0.15384615384615385,0.0,16.0,sin_datos,1,10.808686031075572,3,1
68,SANTANDER,68895,ZAPATOCA,0.06267806267806268,0.10187566227979201,1.6253798845548635,estable,ALTA,2.4671977507029053,1.8035573122529642,EXCESO,1.5020345951085818,EXCESO,MODERADA,0.10869565217391304,0.5,0.0,estable,1,4.322550370955686,2,1
70,SUCRE,70001,SINCELEJO,0.026041666666666668,0.05120898238250852,1.966424923488327,estable,MODERADA,0.9560165975103734,1.2,EXCESO,0.7136545045074094,DEFICIT,NORMAL,0.09523809523809523,0.0,0.0,estable,1,4.862691045994942,0,0
70,SUCRE,70110,BUENAVISTA,0.057283142389525366,0.08831363700058385,1.5417037773530495,estable,ALTA,1.8109069353882634,2.1821428571428574,EXCESO,2.778531704463391,EXCESO,NORMAL,0.09565217391304348,0.0,1.0,estable,1,10.375001154997118,0,0
70,SUCRE,70124,CAIMITO,0.046153846153846156,,,sin_datos,BAJA,,,sin_datos,,sin_datos,ALTA,0.1111111111111111,0.0,602.0,sin_datos,1,15.189496298745686,3,1
70,SUCRE,70204,COLOSÓ,0.1103448275862069,0.15581973189772705,3.443880176180272,estable,CRÍTICA,4.035164216892889,2.9008474576271186,EXCESO,1.4072012054952698,EXCESO,NORMAL,0.09777777777777778,0.0,1.0,estable,2,16.354534532053666,0,0
70,SUCRE,70215,COROZAL,0.0256797583081571,0.13098476605924494,5.100700890071773,estable,ALTA,3.377551020408163,2.708951406649616,EXCESO,2.0438431332752613,EXCESO,NORMAL,0.09545454545454546,0.0,4.0,estable,1,17.619565770039934,0,0
70,SUCRE,70221,COVEÑAS,0.04133804732118575,,,sin_datos,BAJA,,,sin_datos,,sin_datos,ALTA,0.10130718954248366,0.0,40.0,sin_datos,1,1.6421116837182297,3,1
70,SUCRE,70230,CHALÁN,0.07530647985989491,0.03610688953340208,1.5029492768278616,estable,ALTA,2.4180497925311206,3.6421875,EXCESO,4.078437493739938,EXCESO,ALTA,0.1016949152542373,0.0,1.0,estable,2,14.907666694963172,3,0
70,SUCRE,70233,EL ROBLE,0.02223869532987398,0.14143798817418873,6.359994868232686,decreciente,MODERADA,0.9329183955739971,0.5620833333333334,DEFICIT,0.23079849337906186,DEFICIT,NORMAL,0.1,0.0,1.0,estable,1,17.9571373078795,0,0
70,SUCRE,70235,GALERAS,0.16,0.14143798817418873,0.8839874260886795,decreciente,ALTA,0.1296680497925311,0.078125,DEFICIT,0.23079849337906186,DEFICIT,NORMAL,0.1,0.0,1.0,estable,1,7.6567996233908335,0,1
70,SUCRE,70265,GUARANDA,0.07042253521126761,0.05915290322708589,0.8399712258246196,decreciente,BAJA,0.5892116182572613,0.08875,DEFICIT,0.058096450696361296,DEFICIT,MODERADA,0.09969788519637462,0.6666666666666666,0.0,estable,1,13.913387716880713,2,1
70,SUCRE,70400,LA UNIÓN,0.08024691358024691,0.11714737389369831,1.4598365054445481,estable,MODERADA,,,sin_datos,,sin_datos,ALTA,0.10377358490566038,0.0,26.0,estable,1,23.178051221081052,3,0
70,SUCRE,70418,LOS PALMITOS,0.1103448275862069,0.15581973189772705,3.443880176180272,estable,CRÍTICA,4.035164216892889,2.9008474576271186,EXCESO,1.4072012054952698,EXCESO,NORMAL,0.09777777777777778,0.0,1.0,estable,2,11.059436041588548,0,0
70,SUCRE,70429,MAJAGUAL,0.13157894736842105,0.050380242517339295,0.38288984313177865,estable,ALTA,0.5676348547717842,0.09500000000000001,DEFICIT,0.4038823999544023,DEFICIT,MODERADA,0.08444444444444445,0.125,0.0,decreciente,1,8.944898339227231,2,1
70,SUCRE,70473,MORROA,0.1103448275862069,0.15581973189772705,3.443880176180272,estable,CRÍTICA,4.035164216892889,2.9008474576271186,EXCESO,1.4072012054952698,EXCESO,NORMAL,0.09777777777777778,0.0,1.0,estable,2,5.720276992976806,0,0
70,SUCRE,70508,OVEJAS,0.07530647985989491,0.03610688953340208,1.5029492768278616,estable,ALTA,2.4180497925311206,3.6421875,EXCESO,4.078437493739938,EXCESO,ALTA,0.1016949152542373,0.0,1.0,estable,2,14.563561859683494,3,0
70,SUCRE,70523,PALMITO,0.04133804732118575,,,sin_datos,BAJA,,,sin_datos,,sin_datos,ALTA,0.10130718954248366,0.0,40.0,sin_datos,1,12.705375379282875,3,0
70,SUCRE,70670,SAMPUÉS,0.0256797583081571,0.13098476605924494,5.100700890071773,estable,ALTA,3.377551020408163,2.708951406649616,EXCESO,2.0438431332752613,EXCESO,NORMAL,0.09545454545454546,0.0,4.0,estable,1,6.340253622443508,0,0
70,SUCRE,70678,SAN BENITO ABAD,0.04974489795918367,0.06266839263117178,1.2597953800727866,estable,MODERADA,1.584849452069369,0.2512820512820513,DEFICIT,0.38495333889311917,DEFICIT,NORMAL,0.09090909090909091,0.0,1.0,estable,1,7.784670323721713,0,1
70,SUCRE,70702,SAN JUAN DE BETULIA,0.1103448275862069,0.15581973189772705,3.443880176180272,estable,CRÍTICA,4.035164216892889,2.9008474576271186,EXCESO,1.4072012054952698,EXCESO,NORMAL,0.09777777777777778,0.0,1.0,estable,2,10.992748486896868,0,0
70,SUCRE,70708,SAN MARCOS,0.11475409836065574,0.13294129066018465,2.876366107011268,estable,MODERADA,4.780126849894292,0.0,DEFICIT,,sin_datos,MODERADA,0.09392265193370165,0.0,8.0,estable,2,3.38780827565802,2,1
70,SUCRE,70713,SAN ONOFRE,0.0,0.03610688953340208,,estable,ALTA,,,sin_datos,4.078437493739938,EXCESO,ALTA,0.1016949152542373,0.0,1.0,estable,1,33.41981097870096,3,1
70,SUCRE,70717,SAN PEDRO,0.057283142389525366,0.08831363700058385,1.5417037773530495,estable,ALTA,1.8109069353882634,2.1821428571428574,EXCESO,2.778531704463391,EXCESO,NORMAL,0.09565217391304348,0.0,1.0,estable,1,1.9451359698552728,0,0
70,SUCRE,70742,SAN LUIS DE SINCÉ,0.02223869532987398,0.14143798817418873,6.359994868232686,decreciente,MODERADA,0.9329183955739971,0.5620833333333334,DEFICIT,0.23079849337906186,DEFICIT,NORMAL,0.1,0.0,1.0,estable,1,11.54186919968192,0,0
70,SUCRE,70771,SUCRE,0.05006954102920723,0.07224560263780486,1.4429052304606027,decreciente,MODERADA,0.745850622406639,0.0,DEFICIT,0.5168646037434429,DEFICIT,LEVE,0.09195402298850575,0.07692307692307693,1.0,estable,1,24.951836922865773,1,1
70,SUCRE,70820,SANTIAGO DE TOLÚ,0.04133804732118575,,,sin_datos,BAJA,,,sin_datos,,sin_datos,ALTA,0.10130718954248366,0.0,40.0,sin_datos,1,22.075187050946088,3,0
70,SUCRE,70823,SAN JOSÉ DE TOLUVIEJO,0.026041666666666668,0.05120898238250852,1.966424923488327,estable,MODERADA,0.9560165975103734,1.2,EXCESO,0.7136545045074094,DEFICIT,NORMAL,0.09523809523809523,0.0,0.0,estable,1,20.233964162331038,0,1
73,TOLIMA,73001,IBAGUÉ,0.053462940461725394,,,sin_datos,BAJA,,,sin_datos,,sin_datos,NORMAL,0.08045977011494253,0.0,0.0,sin_datos,1,0.3576199917291852,0,1
73,TOLIMA,73024,ALPUJARRA,0.0,0.07986052812964484,,decreciente,BAJA,,,sin_datos,0.8495356037151702,DEFICIT,MODERADA,0.09166666666666666,0.0,4.0,estable,1,4.574073056501421,2,1
73,TOLIMA,73026,ALVARADO,0.05333333333333334,0.0677485547109203,1.7275881451284676,estable,MODERADA,2.0974025974025974,1.1900000000000002,EXCESO,0.0,DEFICIT,ALTA,0.10638297872340426,0.0,72.0,decreciente,2,12.856569070792704,3,1
73,TOLIMA,73030,AMBALEMA,0.051622117935115286,0.046760531135531136,0.9058235695463955,estable,BAJA,2.0272543432300765,3.8743083003952568,EXCESO,,sin_datos,LEVE,0.09752066115702479,0.0,0.0,estable,1,5.430127001176111,1,1
73,TOLIMA,73043,ANZOÁTEGUI,0.08536585365853659,0.10622556207233627,1.244356584275939,estable,MODERADA,1.6345514950166111,0.0,DEFICIT,,sin_datos,NORMAL,0.053691275167785234,0.0,2.0,estable,1,14.579697713941657,0,0
73,TOLIMA,73055,ARMERO,0.056818181818181816,,,sin_datos,BAJA,,,sin_datos,,sin_datos,ALTA,0.125,0.0,101.0,sin_datos,1,5.027234651145583,3,1
73,TOLIMA,73067,ATACO,0.05292652552926526,,,sin_datos,BAJA,,,sin_datos,,sin_datos,MODERADA,0.09950248756218906,0.0,9.0,sin_datos,1,4.83675451543852,2,1
73,TOLIMA,73124,CAJAMARCA,0.20334261838440112,0.18361653613117743,4.820196382780738,estable,ALTA,4.080532938564026,2.3438775510204084,EXCESO,1.1109906767073725,NORMAL,NORMAL,0.08649289099526067,0.0,0.0,estable,2,3.190447628182706,0,0
73,TOLIMA,73148,CARMEN DE APICALÁ,0.0989010989010989,,,sin_datos,BAJA,,,sin_datos,,sin_datos,NORMAL,0.0,0.0,0.0,sin_datos,1,12.814859657941158,0,1
73,TOLIMA,73152,CASABIANCA,0.13829787234042554,0.15445788530465948,3.1316805247195734,estable,MODERADA,5.18670558327841,0.0,DEFICIT,,sin_datos,ALTA,0.10153846153846154,0.0,31.0,estable,2,13.77170957264147,3,1
73,TOLIMA,73168,CHAPARRAL,0.08356545961002786,0.08905604593376634,3.65129788328442,estable,BAJA,3.094339622641509,,sin_datos,,sin_datos,NORMAL,0.09352517985611511,0.0,0.0,estable,2,9.886782885284624,0,1
73,TOLIMA,73200,COELLO,0.09574468085106383,0.062031593010458415,1.247647337990113,estable,MODERADA,0.5113498789346247,0.758984725965858,DEFICIT,0.6128164500878632,DEFICIT,ALTA,0.10029498525073746,0.6666666666666666,24.0,creciente,2,11.640668252044746,3,1
73,TOLIMA,73217,COYAIMA,0.04954954954954955,0.20367137342943795,4.110458627394111,estable,MODERADA,3.9894291754756868,12.10909090909091,EXCESO,,sin_datos,NORMAL,0.0975254730713246,0.0,0.0,estable,1,15.487083016914104,0,1
73,TOLIMA,73226,CUNDAY,0.0989010989010989,,,sin_datos,BAJA,,,sin_datos,,sin_datos,NORMAL,0.0,0.0,0.0,sin_datos,1,4.554719897850086,0,1
73,TOLIMA,73236,DOLORES,0.0,,,sin_datos,BAJA,,,sin_datos,,sin_datos,NORMAL,0.09545454545454546,0.0,5.0,sin_datos,1,7.3652519155473986,0,1
73,TOLIMA,73268,ESPINAL,0.14854111405835543,0.13090314067597603,3.1855576790636664,estable,ALTA,3.4331855903432666,1.673046875,EXCESO,0.10446016026741432,DEFICIT,SEVERA,0.10075566750629723,1.0,39.0,estable,2,7.8097029751627165,4,1
73,TOLIMA,73270,FALAN,0.1111111111111111,0.0673473912928169,0.6061265216353522,estable,CRÍTICA,0.7842323651452282,0.6187500000000001,DEFICIT,1.1595071880308934,EXCESO,MODERADA,0.09090909090909091,0.16666666666666666,0.0,estable,1,9.728971420621727,2,1
73,TOLIMA,73275,FLANDES,0.11428571428571428,0.0891772537710665,0.7803009704968319,estable,ALTA,1.09375,0.41666666666666663,DEFICIT,0.0,DEFICIT,MODERADA,0.09845288326300984,0.0,10.0,estable,1,7.625799527139848,2,1
73,TOLIMA,73283,FRESNO,0.06108202443280977,0.0425475321185091,0.8462231388014587,estable,ALTA,0.8790669122160834,1.5753575357535754,EXCESO,1.3738611419489921,EXCESO,MODERADA,0.09090909090909091,0.2857142857142857,0.0,estable,2,5.897562054615533,2,1
73,TOLIMA,73319,GUAMO,0.06976744186046512,0.054135854511714966,0.7759472480012478,estable,BAJA,0.9515905947441218,0.8958333333333334,NORMAL,0.795611356035929,DEFICIT,MODERADA,0.09375,0.3333333333333333,0.0,estable,1,7.481383060691693,2,1
73,TOLIMA,73347,HERVEO,0.05096774193548387,,,sin_datos,BAJA,,,sin_datos,,sin_datos,MODERADA,0.09274193548387097,0.0,5.0,sin_datos,1,10.20831749220361,2,1
73,TOLIMA,73349,HONDA,0.05107033639143731,,,sin_datos,BAJA,,,sin_datos,,sin_datos,ALTA,0.10093896713615023,0.0,108.0,sin_datos,1,6.650269569510261,3,1
73,TOLIMA,73352,ICONONZO,0.07692307692307693,0.04775849896817638,0.6208604865862929,estable,BAJA,0.43153526970954353,0.65,DEFICIT,0.01847197623108976,DEFICIT,MODERADA,0.10256410256410256,0.0,0.0,estable,1,7.8233161511242075,2,0
73,TOLIMA,73408,LÉRIDA,0.07446808510638298,0.08224850368667573,1.525851551152812,estable,ALTA,1.8668401648232489,1.1892130857648098,EXCESO,1.8203326527836976,EXCESO,MODERADA,0.09174311926605505,0.4,0.0,estable,2,8.257526360718732,2,1
73,TOLIMA,73411,LÍBANO,0.08571428571428572,0.2596211520174654,3.028913440203763,estable,MODERADA,7.916666666666667,,sin_datos,,sin_datos,MODERADA,0.11904761904761904,0.0,1.0,estable,1,0.4166280704962234,2,1
73,TOLIMA,73443,SAN SEBASTIÁN DE MARIQUITA,0.046511627906976744,0.09985041648368971,2.146783954399329,estable,ALTA,3.467741935483871,2.8218750000000004,EXCESO,3.9656219755010085,EXCESO,MODERADA,0.10247349823321555,0.14285714285714285,0.0,estable,1,3.3176646019021954,2,1
73,TOLIMA,73449,MELGAR,0.10679611650485436,0.05399154871683685,0.5055572288940178,estable,ALTA,0.5050924179554885,0.0,DEFICIT,0.007343516215982869,DEFICIT,ALTA,0.1,0.0,93.0,estable,1,3.976712847533208,3,1
73,TOLIMA,73461,MURILLO,0.04874248831515691,0.06381067146918093,1.3091385703699996,estable,MODERADA,2.2795535261288684,0.0,DEFICIT,0.1322075324963893,DEFICIT,MODERADA,0.09298780487804878,0.0,8.0,estable,1,7.091655546945866,2,1
73,TOLIMA,73483,NATAGAIMA,0.051617118588696505,0.010560675883256527,0.2045963853079002,estable,BAJA,0.0,0.0,DEFICIT,,sin_datos,NORMAL,0.08651399491094147,0.0,3.0,estable,1,10.769582878018204,0,1
73,TOLIMA,73504,ORTEGA,0.15384615384615385,0.20367137342943795,1.3238639272913466,estable,CRÍTICA,1.2848837209302324,3.8999999999999995,EXCESO,,sin_datos,NORMAL,0.0975254730713246,0.0,0.0,estable,1,19.62174276179498,0,1
73,TOLIMA,73520,PALOCABILDO,0.06108202443280977,0.0425475321185091,0.8462231388014587,estable,ALTA,0.8790669122160834,1.5753575357535754,EXCESO,1.3738611419489921,EXCESO,MODERADA,0.09090909090909091,0.2857142857142857,0.0,estable,2,6.572039978061239,2,1
73,TOLIMA,73547,PIEDRAS,0.05333333333333334,0.0677485547109203,1.7275881451284676,estable,MODERADA,2.0974025974025974,1.1900000000000002,EXCESO,0.0,DEFICIT,ALTA,0.10638297872340426,0.0,72.0,decreciente,2,17.26929195813118,3,1
73,TOLIMA,73555,PLANADAS,0.06666666666666667,0.06443529700141226,0.9665294550211839,estable,BAJA,0.6846473029045643,0.5625,DEFICIT,0.6903651109913428,DEFICIT,MODERADA,0.06818181818181818,0.14285714285714285,5.0,estable,1,8.535373688702743,2,1
73,TOLIMA,73563,PRADO,0.21978021978021978,0.27197075263289183,5.7631897581731835,estable,MODERADA,8.131229235880399,8.476190476190476,EXCESO,,sin_datos,NORMAL,0.09953703703703703,0.0,0.0,estable,2,5.1328590337611555,0,1
73,TOLIMA,73585,PURIFICACIÓN,0.0,0.23529411764705882,,estable,BAJA,,,sin_datos,0.0,DEFICIT,ALTA,0.09774436090225563,0.0,31.0,insuficiente,1,6.825809912813764,3,1
73,TOLIMA,73616,RIOBLANCO,0.06876790830945559,0.06485823876618312,0.9431468887249128,estable,BAJA,0.6637275242047026,0.4544270833333333,DEFICIT,0.26385877307783323,DEFICIT,MODERADA,0.09821428571428571,0.4444444444444444,0.0,estable,1,18.986060716630924,2,1
73,TOLIMA,73622,RONCESVALLES,0.06857142857142857,0.06955065071424142,1.0142803229160207,decreciente,BAJA,0.36307053941908707,0.546875,DEFICIT,0.6697208063194598,DEFICIT,MODERADA,0.096,0.45454545454545453,1.0,estable,1,8.303633186732867,2,1
73,TOLIMA,73624,ROVIRA,0.056818181818181816,0.10527183688474012,1.8598024516304088,estable,ALTA,4.264367816091954,0.0,DEFICIT,1.66796875,EXCESO,MODERADA,0.10588235294117647,0.0,0.0,estable,2,8.670029358949671,2,1
73,TOLIMA,73671,SALDAÑA,0.09302325581395349,0.04721284641412235,0.5075380989518152,estable,BAJA,0.35684647302904565,0.2015625,DEFICIT,0.27944123664063036,DEFICIT,MODERADA,0.1,0.75,0.0,estable,1,6.259962359166908,2,1
73,TOLIMA,73675,SAN ANTONIO,0.1875,0.10401229983978932,0.5547322658122097,estable,ALTA,1.1950207468879668,1.0333333333333334,NORMAL,1.1444366729476358,NORMAL,MODERADA,0.10526315789473684,0.4,0.0,estable,1,3.221335790774835,2,1
73,TOLIMA,73678,SAN LUIS,0.15384615384615385,0.20367137342943795,1.3238639272913466,estable,CRÍTICA,1.2848837209302324,3.8999999999999995,EXCESO,,sin_datos,NORMAL,0.0975254730713246,0.0,0.0,estable,1,17.704059756031423,0,1
73,TOLIMA,73686,SANTA ISABEL,0.07264957264957266,0.06294848122805112,0.8664673298449389,estable,BAJA,0.4569196973395167,0.6882352941176471,DEFICIT,0.6667208886593304,DEFICIT,MODERADA,0.08888888888888889,0.2222222222222222,1.0,estable,1,12.216683441800132,2,0
73,TOLIMA,73770,SUÁREZ,0.0989010989010989,,,sin_datos,BAJA,,,sin_datos,,sin_datos,NORMAL,0.0,0.0,0.0,sin_datos,1,14.682867330020498,0,1
73,TOLIMA,73854,VALLE DE SAN JUAN,0.06763285024154589,0.061859996292931034,0.9146442309026233,decreciente,BAJA,0.36810906935388266,0.1848214285714286,DEFICIT,0.2118666466030112,DEFICIT,NORMAL,0.09497206703910614,0.0,3.0,estable,1,8.278568237314687,0,1
73,TOLIMA,73861,VENADILLO,0.0480225988700565,0.0490620854730525,1.260518195999964,estable,ALTA,1.67,2.5112781954887216,EXCESO,1.2445184442126151,EXCESO,MODERADA,0.10869565217391304,0.0,0.0,estable,2,10.993926227732391,2,1
73,TOLIMA,73870,VILLAHERMOSA,0.13829787234042554,0.15445788530465948,3.1316805247195734,estable,MODERADA,5.18670558327841,0.0,DEFICIT,,sin_datos,ALTA,0.10153846153846154,0.0,31.0,estable,2,7.860705569538443,3,1
73,TOLIMA,73873,VILLARRICA,0.0531986531986532,0.24450549450549447,4.596084295451384,estable,BAJA,3.2820976491862566,9.398734177215191,EXCESO,,sin_datos,LEVE,0.09876543209876543,0.0,1.0,insuficiente,2,7.869482812952752,1,0
76,VALLE DEL CAUCA,76001,CALI,0.059845559845559844,0.09191522991078052,1.8423897195449785,estable,ALTA,2.661502996772706,2.255,EXCESO,1.2197477426004675,EXCESO,MODERADA,0.1024390243902439,0.16666666666666666,0.0,estable,2,3.4198212071645866,2,1
76,VALLE DEL CAUCA,76020,ALCALÁ,0.05540540540540541,,,sin_datos,BAJA,,,sin_datos,,sin_datos,ALTA,0.10526315789473684,0.0,18.0,sin_datos,1,1.048201541586314,3,1
76,VALLE DEL CAUCA,76036,ANDALUCÍA,0.06227106227106227,0.07402708402708404,1.702622932622933,estable,MODERADA,2.6809815950920246,0.8414634146341463,DEFICIT,0.4901378060549618,DEFICIT,MODERADA,0.09411764705882353,0.25,0.0,estable,2,14.38306543487797,2,1
76,VALLE DEL CAUCA,76041,ANSERMANUEVO,0.0,,,sin_datos,BAJA,,,sin_datos,,sin_datos,NORMAL,0.0942622950819672,0.0,4.0,sin_datos,1,12.161147758489713,0,1
76,VALLE DEL CAUCA,76054,ARGELIA,0.053998632946001365,,,sin_datos,BAJA,,,sin_datos,,sin_datos,NORMAL,0.0942622950819672,0.0,4.0,sin_datos,1,3.884052167682222,0,1
76,VALLE DEL CAUCA,76100,BOLÍVAR,0.053555750658472345,,,sin_datos,BAJA,,,sin_datos,,sin_datos,MODERADA,0.08176100628930817,0.0,7.0,sin_datos,1,20.239179133079823,2,1
76,VALLE DEL CAUCA,76109,BUENAVENTURA,0.08333333333333333,,,sin_datos,BAJA,,,sin_datos,,sin_datos,ALTA,0.5,0.0,20.0,sin_datos,1,37.73268552453083,3,1
76,VALLE DEL CAUCA,76111,GUADALAJARA DE BUGA,0.06382978723404255,,,sin_datos,BAJA,,,sin_datos,,sin_datos,MODERADA,0.10526315789473684,0.0,3.0,sin_datos,1,12.971654537110107,2,1
76,VALLE DEL CAUCA,76113,BUGALAGRANDE,0.06837606837606838,0.008448275862068966,0.5153448275862069,estable,BAJA,0.25311203319502074,0.38125,DEFICIT,0.13414938797875794,DEFICIT,MODERADA,0.08287292817679558,0.2857142857142857,0.0,estable,2,6.533439390434029,2,1
76,VALLE DEL CAUCA,76122,CAICEDONIA,0.05523809523809524,,,sin_datos,BAJA,,,sin_datos,,sin_datos,NORMAL,0.08196721311475409,0.0,0.0,sin_datos,1,3.2788938130485543,0,1
76,VALLE DEL CAUCA,76126,CALIMA,0.0,,,sin_datos,BAJA,,,sin_datos,,sin_datos,NORMAL,0.08372093023255814,0.0,2.0,sin_datos,1,17.545664745803702,0,1
76,VALLE DEL CAUCA,76130,CANDELARIA,0.044585987261146494,0.011793956394236898,0.264521593413599,estable,BAJA,0.09306461173681091,0.14017857142857146,DEFICIT,0.06353945704277514,DEFICIT,ALTA,0.10256410256410256,1.0,45.0,estable,1,9.586340445926876,3,1
76,VALLE DEL CAUCA,76147,CARTAGO,0.1059322033898305,0.10684251970889902,2.477410925750096,estable,MODERADA,3.271265560165975,2.173828125,EXCESO,0.9035720317567885,NORMAL,SEVERA,0.08906882591093117,0.2,26.0,estable,2,2.0544372596704914,4,1
76,VALLE DEL CAUCA,76233,DAGUA,0.05102040816326531,,,sin_datos,BAJA,,,sin_datos,,sin_datos,NORMAL,0.07692307692307693,0.0,2.0,sin_datos,1,10.16146038440811,0,1
76,VALLE DEL CAUCA,76243,EL ÁGUILA,0.05303030303030303,,,sin_datos,BAJA,,,sin_datos,,sin_datos,NORMAL,0.08898305084745763,0.0,1.0,sin_datos,1,11.95265087841436,0,0
76,VALLE DEL CAUCA,76246,EL CAIRO,0.04520396912899669,0.05238832147953394,1.1589318922423728,estable,MODERADA,0.22573419611747136,0.0,DEFICIT,0.0,DEFICIT,ALTA,0.08974358974358974,0.0,76.0,estable,1,8.145737985777345,3,1
76,VALLE DEL CAUCA,76248,EL CERRITO,0.06142506142506143,,,sin_datos,BAJA,,,sin_datos,,sin_datos,MODERADA,0.10869565217391304,0.0,7.0,sin_datos,1,13.333668677226774,2,1
76,VALLE DEL CAUCA,76250,EL DOVIO,0.0959409594095941,0.08448763002764803,0.8806210668266391,estable,ALTA,0.7352377912543887,0.6514423076923077,DEFICIT,1.911043676394021,EXCESO,MODERADA,0.09923664122137404,0.1111111111111111,0.0,estable,1,25.551970384955375,2,1
76,VALLE DEL CAUCA,76275,FLORIDA,0.054906542056074766,,,sin_datos,BAJA,,,sin_datos,,sin_datos,MODERADA,0.10218978102189781,0.0,2.0,sin_datos,1,1.9782658308582426,2,1
76,VALLE DEL CAUCA,76306,GINEBRA,0.06142506142506143,,,sin_datos,BAJA,,,sin_datos,,sin_datos,MODERADA,0.10869565217391304,0.0,7.0,sin_datos,1,3.3954134279979304,2,0
76,VALLE DEL CAUCA,76318,GUACARÍ,0.05269761606022585,,,sin_datos,BAJA,,,sin_datos,,sin_datos,ALTA,0.06569343065693431,0.0,259.0,sin_datos,1,9.737908874694124,3,1
76,VALLE DEL CAUCA,76364,JAMUNDÍ,0.05398671096345515,,,sin_datos,BAJA,,,sin_datos,,sin_datos,NORMAL,0.08181818181818182,0.0,5.0,sin_datos,1,5.105896069462051,0,1
76,VALLE DEL CAUCA,76377,LA CUMBRE,0.055232558139534885,0.05060964002515317,0.9264375771271094,estable,BAJA,0.6076532964499769,0.0,DEFICIT,0.0,DEFICIT,ALTA,0.09230769230769231,0.0,192.0,estable,2,6.112775590440985,3,1
76,VALLE DEL CAUCA,76400,LA UNIÓN,0.0959409594095941,0.08448763002764803,0.8806210668266391,estable,ALTA,0.7352377912543887,0.6514423076923077,DEFICIT,1.911043676394021,EXCESO,MODERADA,0.09923664122137404,0.1111111111111111,0.0,estable,1,14.681384604466064,2,1
76,VALLE DEL CAUCA,76403,LA VICTORIA,0.2248062015503876,0.28927090361422153,1.2867567781460199,estable,CRÍTICA,1.5319788238660752,1.1120689655172413,NORMAL,3.7098049168644867,EXCESO,MODERADA,0.10071942446043165,0.0,0.0,estable,1,12.987461691512792,2,1
76,VALLE DEL CAUCA,76497,OBANDO,0.1059322033898305,0.10684251970889902,2.477410925750096,estable,MODERADA,3.271265560165975,2.173828125,EXCESO,0.9035720317567885,NORMAL,SEVERA,0.08906882591093117,0.2,26.0,estable,2,10.542182018175666,4,1
76,VALLE DEL CAUCA,76520,PALMIRA,0.013086150490730643,0.10833650952437325,8.27871493615419,decreciente,MODERADA,0.642156862745098,0.9734607218683653,NORMAL,0.12898580093541948,DEFICIT,NORMAL,0.095,0.0,2.0,estable,1,17.374597221998616,0,1
76,VALLE DEL CAUCA,76563,PRADERA,0.07627118644067797,0.08362634733576191,1.8246994803917886,estable,BAJA,1.9012992313448065,1.2273565573770493,EXCESO,0.1002346278762407,DEFICIT,SEVERA,0.08921933085501858,0.3333333333333333,40.0,estable,2,11.82123966914129,4,0
76,VALLE DEL CAUCA,76606,RESTREPO,0.053314121037463975,,,sin_datos,BAJA,,,sin_datos,,sin_datos,NORMAL,0.08372093023255814,0.0,2.0,sin_datos,1,0.3595041509164999,0,0
76,VALLE DEL CAUCA,76616,RIOFRÍO,0.06227106227106227,0.07402708402708404,1.702622932622933,estable,MODERADA,2.6809815950920246,0.8414634146341463,DEFICIT,0.4901378060549618,DEFICIT,MODERADA,0.09411764705882353,0.25,0.0,estable,2,10.162760944053943,2,1
76,VALLE DEL CAUCA,76622,ROLDANILLO,0.0959409594095941,0.08448763002764803,0.8806210668266391,estable,ALTA,0.7352377912543887,0.6514423076923077,DEFICIT,1.911043676394021,EXCESO,MODERADA,0.09923664122137404,0.1111111111111111,0.0,estable,1,8.610262228030786,2,1
76,VALLE DEL CAUCA,76670,SAN PEDRO,0.04716981132075472,0.050166325026072565,1.0635260905527384,decreciente,BAJA,0.0,0.0,DEFICIT,0.0,DEFICIT,ALTA,0.11428571428571428,0.0,364.0,estable,1,10.93655868489699,3,1
76,VALLE DEL CAUCA,76736,SEVILLA,0.05532503457814661,,,sin_datos,BAJA,,,sin_datos,,sin_datos,NORMAL,0.09836065573770492,0.0,1.0,sin_datos,1,10.256994529737325,0,1
76,VALLE DEL CAUCA,76823,TORO,0.053998632946001365,,,sin_datos,BAJA,,,sin_datos,,sin_datos,NORMAL,0.0942622950819672,0.0,4.0,sin_datos,1,10.416333805464744,0,1
76,VALLE DEL CAUCA,76828,TRUJILLO,0.053555750658472345,,,sin_datos,BAJA,,,sin_datos,,sin_datos,MODERADA,0.08176100628930817,0.0,7.0,sin_datos,1,3.7919529640690617,2,1
76,VALLE DEL CAUCA,76834,TULUÁ,0.06382978723404255,,,sin_datos,BAJA,,,sin_datos,,sin_datos,MODERADA,0.10526315789473684,0.0,3.0,sin_datos,1,15.000944611428004,2,1
76,VALLE DEL CAUCA,76845,ULLOA,0.05540540540540541,,,sin_datos,BAJA,,,sin_datos,,sin_datos,ALTA,0.10526315789473684,0.0,18.0,sin_datos,1,4.021199029352696,3,1
76,VALLE DEL CAUCA,76863,VERSALLES,0.053998632946001365,,,sin_datos,BAJA,,,sin_datos,,sin_datos,NORMAL,0.0942622950819672,0.0,4.0,sin_datos,1,18.46600062713137,0,1
76,VALLE DEL CAUCA,76869,VIJES,0.053314121037463975,,,sin_datos,BAJA,,,sin_datos,,sin_datos,NORMAL,0.08372093023255814,0.0,2.0,sin_datos,1,10.035200253523975,0,1
76,VALLE DEL CAUCA,76890,YOTOCO,0.03317535545023697,0.08448763002764803,2.546698562261962,estable,ALTA,2.126259632483699,1.8839285714285712,EXCESO,1.911043676394021,EXCESO,MODERADA,0.09923664122137404,0.1111111111111111,0.0,estable,1,4.9801942254900355,2,1
76,VALLE DEL CAUCA,76892,YUMBO,0.05673758865248227,0.050166325026072565,0.884181478584529,decreciente,BAJA,0.0,0.0,DEFICIT,0.0,DEFICIT,ALTA,0.11428571428571428,0.0,364.0,estable,1,7.2377613476605065,3,1
76,VALLE DEL CAUCA,76895,ZARZAL,0.0959409594095941,0.08448763002764803,0.8806210668266391,estable,ALTA,0.7352377912543887,0.6514423076923077,DEFICIT,1.911043676394021,EXCESO,MODERADA,0.09923664122137404,0.1111111111111111,0.0,estable,1,7.978719459651905,2,1
81,ARAUCA,81001,ARAUCA,0.08823529411764706,0.008823421841855021,0.5999926852461415,estable,BAJA,0.0,0.0,DEFICIT,0.00019775882230415874,DEFICIT,ALTA,0.06944444444444445,0.0,136.0,estable,2,38.63424752786729,3,1
81,ARAUCA,81065,ARAUQUITA,0.02403846153846154,0.0,0.0,insuficiente,BAJA,0.0,0.0,DEFICIT,0.0,DEFICIT,NORMAL,0.1,0.0,2.0,sin_datos,1,29.180757390209347,0,1
81,ARAUCA,81220,CRAVO NORTE,0.07234042553191489,,,sin_datos,BAJA,,,sin_datos,,sin_datos,NORMAL,0.1,0.0,0.0,sin_datos,1,12.03944880889159,0,0
81,ARAUCA,81300,FORTUL,0.16666666666666666,,,sin_datos,ALTA,,,sin_datos,,sin_datos,MODERADA,0.0,0.0,1.0,sin_datos,1,14.572805609865796,2,1
81,ARAUCA,81736,SARAVENA,0.02586206896551724,0.14253624507923038,5.511401476396908,estable,ALTA,9.098039215686274,5.6645435244161355,EXCESO,1.8808148139560508,EXCESO,LEVE,0.09345794392523364,0.0,0.0,estable,1,6.102635647244873,1,1
81,ARAUCA,81794,TAME,0.07051282051282051,,,sin_datos,BAJA,,,sin_datos,,sin_datos,NORMAL,0.08108108108108109,0.0,1.0,sin_datos,1,13.537802647558495,0,1
85,CASANARE,85001,YOPAL,0.0703125,0.07145795048505577,1.0162908513430153,estable,BAJA,0.8533333333333333,1.0491803278688525,NORMAL,1.113067936543261,NORMAL,ALTA,0.1,0.0625,8.0,estable,1,16.735214725300267,3,1
85,CASANARE,85010,AGUAZUL,0.013422818791946308,0.04289044289044289,3.195337995337995,estable,MODERADA,3.9910714285714284,6.2517482517482525,EXCESO,0.49019089007321814,DEFICIT,ALTA,0.1016949152542373,0.0,4.0,estable,1,6.334823703038719,3,1
85,CASANARE,85015,CHÁMEZA,0.027777777777777776,,,sin_datos,BAJA,,,sin_datos,,sin_datos,MODERADA,0.16666666666666666,0.0,2.0,sin_datos,1,19.073450553548792,2,1
85,CASANARE,85125,HATO COROZAL,0.0594855305466238,0.005210467771207775,0.3491013406709209,estable,BAJA,0.0,0.0,DEFICIT,0.048522245025660916,DEFICIT,ALTA,0.10377358490566038,0.6666666666666666,0.0,estable,2,23.291750730175213,3,1
85,CASANARE,85136,LA SALINA,0.12432432432432433,0.17935623563092085,1.442647982248711,estable,CRÍTICA,2.044384057971014,2.9846869018321023,EXCESO,13.63349600411387,EXCESO,NORMAL,0.09876543209876543,0.0,0.0,estable,1,13.176628624326638,0,1
85,CASANARE,85139,MANÍ,0.06313645621181263,0.04382365687704953,1.163318891645315,estable,ALTA,1.0834879406307978,0.6924901185770751,DEFICIT,1.1721662227441874,EXCESO,NORMAL,0.0915032679738562,0.0,0.0,estable,2,18.8502265927913,0,1
85,CASANARE,85162,MONTERREY,0.05689277899343545,0.09910327767470625,1.7419306883592598,estable,ALTA,2.1827551533433884,0.9764957264957265,NORMAL,1.2098842862589652,EXCESO,NORMAL,0.1,0.058823529411764705,0.0,estable,1,7.703565150267121,0,1
85,CASANARE,85225,NUNCHÍA,0.09772423025435073,0.12970135178651887,1.3272179422538302,decreciente,ALTA,0.7309197651663405,1.0428409388360529,NORMAL,2.826553662242554,EXCESO,LEVE,0.08602150537634409,0.0,0.0,estable,1,15.483559580700486,1,1
85,CASANARE,85230,OROCUÉ,0.05825242718446602,0.062161570846099544,1.0671069661913755,estable,ALTA,1.1444444444444444,1.7274633123689729,EXCESO,1.2129355977765068,EXCESO,NORMAL,0.1,0.0,0.0,decreciente,1,18.398970151321226,0,1
85,CASANARE,85263,PORE,0.1,0.2927857977046618,2.9278579770466178,estable,ALTA,5.352112676056337,5.352112676056337,EXCESO,16.993371819542443,EXCESO,NORMAL,0.0,0.0,0.0,estable,1,27.05609297779489,0,1
85,CASANARE,85279,RECETOR,0.027777777777777776,,,sin_datos,BAJA,,,sin_datos,,sin_datos,MODERADA,0.16666666666666666,0.0,2.0,sin_datos,1,7.963377132765967,2,1
85,CASANARE,85300,SABANALARGA,0.05689277899343545,0.09910327767470625,1.7419306883592598,estable,ALTA,2.1827551533433884,0.9764957264957265,NORMAL,1.2098842862589652,EXCESO,NORMAL,0.1,0.058823529411764705,0.0,estable,1,13.36858939906333,0,1
85,CASANARE,85315,SÁCAMA,0.05244507441530829,,,sin_datos,BAJA,,,sin_datos,,sin_datos,NORMAL,0.0860655737704918,0.0,0.0,sin_datos,1,22.11082350783644,0,1
85,CASANARE,85325,SAN LUIS DE PALENQUE,0.10112359550561797,0.17288956618324192,1.7096857100342813,estable,CRÍTICA,2.297833102812356,3.2756944444444445,EXCESO,8.113739583390135,EXCESO,NORMAL,0.09202453987730061,0.0,0.0,estable,1,22.62348113755578,0,1
85,CASANARE,85400,TÁMARA,0.02689486552567237,0.16032170683266103,5.96105255405076,decreciente,ALTA,3.556521739130435,4.491763270286761,EXCESO,2.2519805291229917,EXCESO,NORMAL,0.09876543209876543,0.0,0.0,estable,1,7.6086826868397965,0,1
85,CASANARE,85410,TAURAMENA,0.3333333333333333,0.11363636363636363,0.34090909090909094,estable,ALTA,0.24418604651162792,0.24418604651162792,DEFICIT,1.0933950892223718,NORMAL,MODERADA,0.07142857142857142,0.058823529411764705,3.0,estable,1,32.17169712972103,2,1
85,CASANARE,85430,TRINIDAD,0.05660377358490566,0.0,0.0,estable,BAJA,0.0,0.0,DEFICIT,0.0,DEFICIT,MODERADA,0.102803738317757,0.0,160.0,insuficiente,2,46.176765903665334,2,1
85,CASANARE,85440,VILLANUEVA,0.05631067961165048,,,sin_datos,BAJA,,,sin_datos,,sin_datos,NORMAL,0.09722222222222222,0.0,3.0,sin_datos,1,15.91113050507013,0,1
86,PUTUMAYO,86001,MOCOA,0.10315186246418338,0.08533104658768785,5.745623803570982,decreciente,MODERADA,3.404494382022472,4.164948453608248,EXCESO,0.4604685706569442,DEFICIT,MODERADA,0.10126582278481013,0.0,5.0,estable,2,5.2407321439474295,2,0
86,PUTUMAYO,86219,COLÓN,0.08266666666666667,0.06635047184429751,1.6919370320295866,estable,ALTA,1.587136929460581,1.7531250000000003,EXCESO,1.3204188429991606,EXCESO,NORMAL,0.06224066390041494,0.0,0.0,estable,2,10.978415370755938,0,0
86,PUTUMAYO,86320,ORITO,0.011320754716981131,0.6092284500781233,53.815179756900896,estable,MODERADA,54.627192982456144,60.090702947845806,EXCESO,,sin_datos,NORMAL,0.08163265306122448,0.1,0.0,estable,1,23.664647263697077,0,0
86,PUTUMAYO,86568,PUERTO ASÍS,0.011320754716981131,0.6092284500781233,53.815179756900896,estable,MODERADA,54.627192982456144,60.090702947845806,EXCESO,,sin_datos,NORMAL,0.08163265306122448,0.1,0.0,estable,1,35.56446351833449,0,0
86,PUTUMAYO,86569,PUERTO CAICEDO,0.07171314741035857,0.18949976389704742,4.155459108313826,creciente,ALTA,7.734143449911086,9.045535714285714,EXCESO,2.747876425074768,EXCESO,NORMAL,0.08527131782945736,0.0,0.0,estable,2,38.782804126264864,0,0
86,PUTUMAYO,86749,SIBUNDOY,0.08266666666666667,0.06635047184429751,1.6919370320295866,estable,ALTA,1.587136929460581,1.7531250000000003,EXCESO,1.3204188429991606,EXCESO,NORMAL,0.06224066390041494,0.0,0.0,estable,2,15.748248402676483,0,0
86,PUTUMAYO,86755,SAN FRANCISCO,0.08266666666666667,0.06635047184429751,1.6919370320295866,estable,ALTA,1.587136929460581,1.7531250000000003,EXCESO,1.3204188429991606,EXCESO,NORMAL,0.06224066390041494,0.0,0.0,estable,2,15.698232999614605,0,0
86,PUTUMAYO,86757,SAN MIGUEL,0.011320754716981131,0.6092284500781233,53.815179756900896,estable,MODERADA,54.627192982456144,60.090702947845806,EXCESO,,sin_datos,NORMAL,0.08163265306122448,0.1,0.0,estable,1,24.019206095506934,0,0
86,PUTUMAYO,86760,SANTIAGO,0.08266666666666667,0.06635047184429751,1.6919370320295866,estable,ALTA,1.587136929460581,1.7531250000000003,EXCESO,1.3204188429991606,EXCESO,NORMAL,0.06224066390041494,0.0,0.0,estable,2,7.8262524301576795,0,0
86,PUTUMAYO,86865,VALLE DEL GUAMUEZ,0.011320754716981131,0.6092284500781233,53.815179756900896,estable,MODERADA,54.627192982456144,60.090702947845806,EXCESO,,sin_datos,NORMAL,0.08163265306122448,0.1,0.0,estable,1,10.557854376071525,0,0
86,PUTUMAYO,86885,VILLAGARZÓN,0.2,,,sin_datos,ALTA,,,sin_datos,,sin_datos,MODERADA,0.05263157894736842,0.0,3.0,sin_datos,1,19.687876430881893,2,0
88,"ARCHIPIÉLAGO DE SAN ANDRÉS, PROVIDENCIA Y SANTA CATALINA",88001,SAN ANDRÉS,0.022406639004149378,0.11743171291280301,5.240933854071393,decreciente,ALTA,1.5193065405831363,2.303464755077658,EXCESO,1.4037043596734218,EXCESO,NORMAL,0.09656652360515021,0.0,1.0,estable,1,1.471494375766114,0,0
88,"ARCHIPIÉLAGO DE SAN ANDRÉS, PROVIDENCIA Y SANTA CATALINA",88564,PROVIDENCIA,0.09166666666666666,0.09441070750138998,1.0299349909242543,decreciente,BAJA,0.5431912485854394,0.20454545454545456,DEFICIT,0.3184598647887132,DEFICIT,NORMAL,0.08727272727272728,0.05555555555555555,0.0,estable,1,1.9971778741317674,0,0
91,AMAZONAS,91001,LETICIA,0.042735042735042736,0.04030853405853406,0.943219696969697,creciente,ALTA,1.7477178423236515,1.1700000000000002,EXCESO,1.1731641221339526,EXCESO,MODERADA,0.08936170212765958,0.2,0.0,estable,1,44.90761681490114,2,0
91,AMAZONAS,91407,LA PEDRERA,0.06415094339622641,0.0,0.0,insuficiente,BAJA,,,sin_datos,,sin_datos,ALTA,0.08823529411764706,0.0,15.0,sin_datos,1,45.185972473688246,3,0
91,AMAZONAS,91540,PUERTO NARIÑO,0.060498220640569395,0.04030853405853406,0.6662763570851806,creciente,ALTA,1.2345618745423481,0.8264705882352942,DEFICIT,1.1731641221339526,EXCESO,MODERADA,0.08936170212765958,0.2,0.0,estable,1,20.45956060926634,2,0
94,GUAINÍA,94001,INÍRIDA,0.03580146460537022,0.09688770483948678,2.7062497556302105,estable,ALTA,2.676799242424243,2.1080617495711835,EXCESO,1.27919943111888,EXCESO,NORMAL,0.09859154929577464,0.0,0.0,estable,1,40.02561483765042,0,0
97,VAUPÉS,97001,MITÚ,0.11191335740072202,0.15121158598029033,1.3511486876303362,estable,CRÍTICA,1.483067862401285,1.5637096774193548,EXCESO,2.0999135107541016,EXCESO,NORMAL,0.08888888888888889,0.0,0.0,estable,1,33.52996202961088,0,0
