CodigoEstacion,COD_MPIO,NombreEstacion,Departamento,Municipio,Latitud,Longitud,fecha_corte,precip_acumulada_anual_mm,alerta_cana_azucar,alerta_arroz,alerta_cafe,alerta_palma_aceite,alerta_cacao
11027030,27245,EL SIETE,CHOCO,EL CARMEN,5.862,-76.15205556,2026-09-16,395.40000000000003,SEQUIA_CRITICA,SEQUIA_CRITICA,SEQUIA_CRITICA,SEQUIA_CRITICA,SEQUIA_CRITICA
11030010,27160,CERTEGUI,CHOCO,CÉRTEGUI,5.38,-76.61,2026-09-16,6094.95,ALERTA_EXCESO,ALERTA_EXCESO,ALERTA_EXCESO,ALERTA_EXCESO,ALERTA_EXCESO
11035010,27160,LLORO,CHOCO,LLORÓ,5.499,-76.539,2026-09-16,7449.400000000001,ALERTA_EXCESO,ALERTA_EXCESO,ALERTA_EXCESO,ALERTA_EXCESO,ALERTA_EXCESO
11035030,27810,PR CHOCO: UNION PANAMERICANA,CHOCÓ,UNIÓN PANAMERICANA,5.285,-76.628,2026-09-16,4685.3,ALERTA_EXCESO,ALERTA_EXCESO,ALERTA_EXCESO,ALERTA_EXCESO,ALERTA_EXCESO
11045010,27001,AEROPUERTO EL CARAÑO,CHOCO,QUIBDÓ,5.690555556,-76.64377778,2026-09-16,4637.4,ALERTA_EXCESO,ALERTA_EXCESO,ALERTA_EXCESO,ALERTA_EXCESO,ALERTA_EXCESO
11047020,27001,QUIBDO,CHOCO,QUIBDÓ,5.697778056,-76.662222222,2026-07-04,4434.6,ALERTA_EXCESO,ALERTA_EXCESO,ALERTA_EXCESO,ALERTA_EXCESO,ALERTA_EXCESO
11057020,5873,SAN ANTONIO PADUA,ANTIOQUIA,VIGIA DEL FUERTE,6.286666667,-76.76180556,2026-09-16,1189.3,ALERTA_SEQUIA,ALERTA_SEQUIA,ALERTA_SEQUIA,SEQUIA_CRITICA,SEQUIA_CRITICA
11080010,5873,PR CHOCO: BELLAVISTA,CHOCÓ,BOJAYÁ (BELLAVISTA),6.559,-76.885,2026-09-16,125.2,SEQUIA_CRITICA,SEQUIA_CRITICA,SEQUIA_CRITICA,SEQUIA_CRITICA,SEQUIA_CRITICA
11110010,5138,NORMAL SANTA TERESA,ANTIOQUIA,FRONTINO,6.763333333,-76.13361111,2026-09-16,6332.8,ALERTA_EXCESO,ALERTA_EXCESO,ALERTA_EXCESO,ALERTA_EXCESO,ALERTA_EXCESO
11110110,5306,BOQUERON DE TOYO,ANTIOQUIA,GIRALDO,6.699444444,-75.9775,2026-09-16,1086.8999999999999,ALERTA_SEQUIA,ALERTA_SEQUIA,ALERTA_SEQUIA,SEQUIA_CRITICA,SEQUIA_CRITICA
11115020,5138,CAÑASGORDAS,ANTIOQUIA,CAÑASGORDAS,6.758027778,-76.02966667,2026-02-19,818.6,ALERTA_SEQUIA,ALERTA_SEQUIA,SEQUIA_CRITICA,SEQUIA_CRITICA,SEQUIA_CRITICA
11115040,5842,MUSINGA,ANTIOQUIA,FRONTINO,6.777972222,-76.20333333,2026-09-16,1791.3999999999999,NORMAL,NORMAL,NORMAL,NORMAL,SEQUIA_CRITICA
11117010,5842,EL AÑIL,ANTIOQUIA,URAMITA,6.873888889,-76.14958333,2026-09-16,915.0,ALERTA_SEQUIA,ALERTA_SEQUIA,ALERTA_SEQUIA,SEQUIA_CRITICA,SEQUIA_CRITICA
11117050,5234,DABEIBA 2,ANTIOQUIA,DABEIBA,7.010278056,-76.288333333,2026-09-16,1194.2,ALERTA_SEQUIA,ALERTA_SEQUIA,ALERTA_SEQUIA,SEQUIA_CRITICA,SEQUIA_CRITICA
11135030,27800,UNGUIA,CHOCO,UNGUÍA,8.036722222,-77.08786111,2026-09-16,496.2,SEQUIA_CRITICA,SEQUIA_CRITICA,SEQUIA_CRITICA,SEQUIA_CRITICA,SEQUIA_CRITICA
12015060,5147,TULENAPA,ANTIOQUIA,CAREPA,7.77,-76.67,2026-09-16,2059.6,ALERTA_EXCESO,ALERTA_EXCESO,NORMAL,NORMAL,NORMAL
12015100,5045,PISTA INDIRA,ANTIOQUIA,TURBO,7.94075,-76.69616667,2026-09-16,1332.4,ALERTA_SEQUIA,ALERTA_SEQUIA,ALERTA_SEQUIA,SEQUIA_CRITICA,SEQUIA_CRITICA
12017020,5172,BARRANQUILLITA,ANTIOQUIA,CHIGORODÓ,7.57,-76.71,2026-04-02,1165.6,ALERTA_SEQUIA,ALERTA_SEQUIA,ALERTA_SEQUIA,SEQUIA_CRITICA,SEQUIA_CRITICA
12025040,5837,TURBO,ANTIOQUIA,TURBO,8.091805556,-76.71633333,2026-09-16,460.7,SEQUIA_CRITICA,SEQUIA_CRITICA,SEQUIA_CRITICA,SEQUIA_CRITICA,SEQUIA_CRITICA
12045020,23574,CRISTO REY,CORDOBA,PUERTO ESCONDIDO,9.071111111,-76.22444444,2026-09-16,1101.1999999999998,ALERTA_SEQUIA,ALERTA_SEQUIA,ALERTA_SEQUIA,SEQUIA_CRITICA,SEQUIA_CRITICA
13015040,23807,REPRESA URRA,CORDOBA,TIERRALTA,8.014166667,-76.20305556,2026-09-16,2349.3,ALERTA_EXCESO,ALERTA_EXCESO,ALERTA_EXCESO,NORMAL,NORMAL
13027040,23068,CANO BARRO,CORDOBA,AYAPEL,8.236777,-74.962588,2026-09-16,2116.1000000000004,ALERTA_EXCESO,ALERTA_EXCESO,NORMAL,NORMAL,NORMAL
13035501,23162,AEROPUERTO LOS GARZONES,CORDOBA,MONTERÍA,8.825833333,-75.82513889,2026-09-16,2826.9,ALERTA_EXCESO,ALERTA_EXCESO,ALERTA_EXCESO,NORMAL,NORMAL
13067020,23162,MONTERIA,CORDOBA,MONTERÍA,8.751611111,-75.89241667,2026-02-20,164.1,SEQUIA_CRITICA,SEQUIA_CRITICA,SEQUIA_CRITICA,SEQUIA_CRITICA,SEQUIA_CRITICA
13075010,23168,CHIMA,CORDOBA,CHIMA,9.15075,-75.62208333,2026-09-16,1405.8000000000002,ALERTA_SEQUIA,ALERTA_SEQUIA,NORMAL,SEQUIA_CRITICA,SEQUIA_CRITICA
13077060,23417,COTOCA ABAJO,CORDOBA,LORICA,9.223685,-75.836095,2026-09-16,528.5999999999999,ALERTA_SEQUIA,ALERTA_SEQUIA,SEQUIA_CRITICA,SEQUIA_CRITICA,SEQUIA_CRITICA
14015080,13001,AEROPUERTO RAFAEL NUNEZ,BOLIVAR,CARTAGENA DE INDIAS,10.44725,-75.51602778,2026-09-16,1187.3,ALERTA_SEQUIA,ALERTA_SEQUIA,ALERTA_SEQUIA,SEQUIA_CRITICA,SEQUIA_CRITICA
14019030,13001,CC DIQUE: CIOH,BOLÍVAR,CARTAGENA DE INDIAS,10.391,-75.534,2026-04-10,565.87,ALERTA_SEQUIA,ALERTA_SEQUIA,SEQUIA_CRITICA,SEQUIA_CRITICA,SEQUIA_CRITICA
15015050,47570,AEROPUERTO SIMON BOLIVAR,MAGDALENA,SANTA MARTA,11.1146944,-74.23102778,2026-09-16,652.2,ALERTA_SEQUIA,ALERTA_SEQUIA,SEQUIA_CRITICA,SEQUIA_CRITICA,SEQUIA_CRITICA
15015060,47001,SAN LORENZO,MAGDALENA,SANTA MARTA,11.11108333,-74.05469444,2026-09-15,311.8,SEQUIA_CRITICA,SEQUIA_CRITICA,SEQUIA_CRITICA,SEQUIA_CRITICA,SEQUIA_CRITICA
15015100,47001,PARQUE TAYRONA,MAGDALENA,SANTA MARTA,11.301674,-73.928809,2026-09-16,1509.0,NORMAL,NORMAL,NORMAL,NORMAL,SEQUIA_CRITICA
15015120,47001,UNIVERSIDAD TECNOLOGICA,MAGDALENA,SANTA MARTA,11.22305556,-74.18591667,2026-09-16,734.6999999999999,ALERTA_SEQUIA,ALERTA_SEQUIA,SEQUIA_CRITICA,SEQUIA_CRITICA,SEQUIA_CRITICA
15017030,47001,MINCA,MAGDALENA,SANTA MARTA,11.142548,-74.111813,2026-09-16,1627.3000000000002,NORMAL,NORMAL,NORMAL,NORMAL,SEQUIA_CRITICA
15035020,44090,TERMOGUAJIRA,LA GUAJIRA,DIBULLA,11.2525,-73.41138889,2026-09-16,1115.5,ALERTA_SEQUIA,ALERTA_SEQUIA,ALERTA_SEQUIA,SEQUIA_CRITICA,SEQUIA_CRITICA
15065040,44279,LA PAULINA,LA GUAJIRA,FONSECA,10.89813889,-72.82847222,2026-09-16,305.0,SEQUIA_CRITICA,SEQUIA_CRITICA,SEQUIA_CRITICA,SEQUIA_CRITICA,SEQUIA_CRITICA
15065180,44001,AEROPUERTO ALM. PADILLA -,LA GUAJIRA,RIOHACHA,11.5284444,-72.917722222,2026-09-16,1578.7,NORMAL,NORMAL,NORMAL,NORMAL,SEQUIA_CRITICA
15065190,44001,MONGUI,LA GUAJIRA,RIOHACHA,11.22677778,-72.82063889,2026-09-16,546.1,ALERTA_SEQUIA,ALERTA_SEQUIA,SEQUIA_CRITICA,SEQUIA_CRITICA,SEQUIA_CRITICA
15065501,44035,LA MINA CERREJON,LA GUAJIRA,ALBANIA,11.13758333,-72.61594444,2026-09-16,445.5,SEQUIA_CRITICA,SEQUIA_CRITICA,SEQUIA_CRITICA,SEQUIA_CRITICA,SEQUIA_CRITICA
15067020,44098,CERCADO EL-AUTOMAT,LA GUAJIRA,FONSECA,10.9075,-73.00833333,2026-09-16,26.700000000000003,SEQUIA_CRITICA,SEQUIA_CRITICA,SEQUIA_CRITICA,SEQUIA_CRITICA,SEQUIA_CRITICA
15070080,44847,KAURAQUIMANA,LA GUAJIRA,URIBIA,12.21836111,-71.45869444,2026-09-16,145.79999999999998,SEQUIA_CRITICA,SEQUIA_CRITICA,SEQUIA_CRITICA,SEQUIA_CRITICA,SEQUIA_CRITICA
15075501,44847,AEROPUERTO PUERTO BOLIVAR,LA GUAJIRA,URIBIA,12.22430556,-71.98288889,2026-09-16,61.8,SEQUIA_CRITICA,SEQUIA_CRITICA,SEQUIA_CRITICA,SEQUIA_CRITICA,SEQUIA_CRITICA
15080070,44847,SILLAMANA,LA GUAJIRA,URIBIA,11.89941667,-71.51588889,2026-09-16,177.7,SEQUIA_CRITICA,SEQUIA_CRITICA,SEQUIA_CRITICA,SEQUIA_CRITICA,SEQUIA_CRITICA
15085030,44035,ESCUELA AGRICOLA CARRAIPIA,LA GUAJIRA,MAICAO,11.21675,-72.35994444,2026-04-03,291.7,SEQUIA_CRITICA,SEQUIA_CRITICA,SEQUIA_CRITICA,SEQUIA_CRITICA,SEQUIA_CRITICA
15085050,44847,TOROMANA,LA GUAJIRA,URIBIA,12.08352778,-71.21094444,2025-11-24,12.2,SEQUIA_CRITICA,SEQUIA_CRITICA,SEQUIA_CRITICA,SEQUIA_CRITICA,SEQUIA_CRITICA
16015110,54673,UNIVERSIDAD FRANCISO DE PAULA SANTANDER,NORTE DE SANTANDER,CÚCUTA,7.898777778,-72.48716667,2026-09-16,1.8000000000000003,SEQUIA_CRITICA,SEQUIA_CRITICA,SEQUIA_CRITICA,SEQUIA_CRITICA,SEQUIA_CRITICA
16015120,54518,UNIVERSIDAD DE PAMPLONA,NORTE DE SANTANDER,PAMPLONA,7.360944444,-72.66605556,2026-09-16,262.8,SEQUIA_CRITICA,SEQUIA_CRITICA,SEQUIA_CRITICA,SEQUIA_CRITICA,SEQUIA_CRITICA
16015130,54347,ALCALDIA DE HERRAN  - AUT,NORTE DE SANTANDER,HERRÁN,7.506722222,-72.48536111,2026-09-16,552.3,ALERTA_SEQUIA,ALERTA_SEQUIA,SEQUIA_CRITICA,SEQUIA_CRITICA,SEQUIA_CRITICA
16015501,54673,AEROPUERTO CAMILO DAZA,NORTE DE SANTANDER,CÚCUTA,7.93028,-72.50917,2026-09-16,666.9399999999999,ALERTA_SEQUIA,ALERTA_SEQUIA,SEQUIA_CRITICA,SEQUIA_CRITICA,SEQUIA_CRITICA
16017020,54239,LA DON JUANA - RIO PAMPLONITA,NORTE DE SANTANDER,CHINÁCOTA,7.688,-72.605,2026-09-16,940.7,ALERTA_SEQUIA,ALERTA_SEQUIA,ALERTA_SEQUIA,SEQUIA_CRITICA,SEQUIA_CRITICA
16025040,54001,CINERA-VILLA OLGA,NORTE DE SANTANDER,CÚCUTA,8.16728,-72.47878,2026-09-16,725.4,ALERTA_SEQUIA,ALERTA_SEQUIA,SEQUIA_CRITICA,SEQUIA_CRITICA,SEQUIA_CRITICA
16027120,54673,SAN JAVIER - RIO ZULIA,<nil>,<nil>,7.834,-72.65,2026-02-21,0.0,SEQUIA_CRITICA,SEQUIA_CRITICA,SEQUIA_CRITICA,SEQUIA_CRITICA,SEQUIA_CRITICA
16027280,54261,ASTILLEROS,NORTE DE SANTANDER,CÚCUTA,8.105277778,-72.58138889,2026-04-03,1770.1,NORMAL,NORMAL,NORMAL,NORMAL,SEQUIA_CRITICA
16027300,54223,PUENTE CAPIRA,NORTE DE SANTANDER,CUCUTILLA,7.537194444,-72.77113889,2026-08-22,441.8,SEQUIA_CRITICA,SEQUIA_CRITICA,SEQUIA_CRITICA,SEQUIA_CRITICA,SEQUIA_CRITICA
16035030,54418,SARDINATA,NORTE DE SANTANDER,SARDINATA,8.076666667,-72.80305556,2026-01-08,38.8,SEQUIA_CRITICA,SEQUIA_CRITICA,SEQUIA_CRITICA,SEQUIA_CRITICA,SEQUIA_CRITICA
16055120,54498,AGUAS DE LA VIRGEN,NORTE DE SANTANDER,OCAÑA,8.22769,-73.3975,2026-09-16,803.9,ALERTA_SEQUIA,ALERTA_SEQUIA,SEQUIA_CRITICA,SEQUIA_CRITICA,SEQUIA_CRITICA
17015010,88001,AEROPUERTO SESQUICENTENARIO,ARCHIPIELAGO DE SAN ANDRES PROVIDENCIA Y SANTA CATALINA,SAN ANDRÉS,12.587849,-81.701117,2026-09-16,1528.3,NORMAL,NORMAL,NORMAL,NORMAL,SEQUIA_CRITICA
17019010,88001,SAN ANDRES,ARCHIPIELAGO DE SAN ANDRES PROVIDENCIA Y SANTA CATALINA,SAN ANDRÉS,12.556111111,-81.703388889,2026-09-16,346.4,SEQUIA_CRITICA,SEQUIA_CRITICA,SEQUIA_CRITICA,SEQUIA_CRITICA,SEQUIA_CRITICA
17025020,88564,AEROPUERTO EL EMBRUJO,ARCHIPIELAGO DE SAN ANDRES PROVIDENCIA Y SANTA CATALINA,SAN ANDRES Y  PROVIDENCIA,13.3595,-81.357721944,2026-09-16,1092.4,ALERTA_SEQUIA,ALERTA_SEQUIA,ALERTA_SEQUIA,SEQUIA_CRITICA,SEQUIA_CRITICA
21015020,41551,SEVILLA,HUILA,PITALITO,1.824833333,-76.13027778,2026-08-20,1021.3000000000001,ALERTA_SEQUIA,ALERTA_SEQUIA,ALERTA_SEQUIA,SEQUIA_CRITICA,SEQUIA_CRITICA
21015030,41359,PARQUE ARQUEOLOGICO,HUILA,SAN AGUSTÍN,1.888472222,-76.29497222,2026-09-16,1189.34,ALERTA_SEQUIA,ALERTA_SEQUIA,ALERTA_SEQUIA,SEQUIA_CRITICA,SEQUIA_CRITICA
21015040,41503,LA PRIMAVERA,HUILA,SALADOBLANCO,2.021583333,-76.11433333,2026-09-16,1311.0,ALERTA_SEQUIA,ALERTA_SEQUIA,ALERTA_SEQUIA,SEQUIA_CRITICA,SEQUIA_CRITICA
21015050,41668,PURACE,HUILA,SAN AGUSTÍN,1.925916667,-76.42755556,2026-04-02,0.0,SEQUIA_CRITICA,SEQUIA_CRITICA,SEQUIA_CRITICA,SEQUIA_CRITICA,SEQUIA_CRITICA
21015070,41530,LOS GUACHAROS,HUILA,PALESTINA,1.675833,-76.106841,2026-09-10,99.3,SEQUIA_CRITICA,SEQUIA_CRITICA,SEQUIA_CRITICA,SEQUIA_CRITICA,SEQUIA_CRITICA
21017030,41359,CASCADA SIMON BOLIVAR,HUILA,ISNOS,1.8735,-76.23172222,2026-09-16,821.6,ALERTA_SEQUIA,ALERTA_SEQUIA,SEQUIA_CRITICA,SEQUIA_CRITICA,SEQUIA_CRITICA
21017040,41244,SALADO BLANCO,HUILA,ELÍAS,1.988,-76.012,2026-09-16,1313.0,ALERTA_SEQUIA,ALERTA_SEQUIA,ALERTA_SEQUIA,SEQUIA_CRITICA,SEQUIA_CRITICA
21025030,41026,ALTAMIRA EL GRIFO,HUILA,ALTAMIRA,2.079,-75.736,2026-09-16,96.69999999999999,SEQUIA_CRITICA,SEQUIA_CRITICA,SEQUIA_CRITICA,SEQUIA_CRITICA,SEQUIA_CRITICA
21035040,41770,LIBANO EL,HUILA,SUAZA,1.868,-75.828,2026-09-16,1001.9,ALERTA_SEQUIA,ALERTA_SEQUIA,ALERTA_SEQUIA,SEQUIA_CRITICA,SEQUIA_CRITICA
21037020,41006,SAN MARCOS,HUILA,ACEVEDO,1.752277778,-75.94541667,2026-04-03,949.8000000000001,ALERTA_SEQUIA,ALERTA_SEQUIA,ALERTA_SEQUIA,SEQUIA_CRITICA,SEQUIA_CRITICA
21045010,41013,BETULIA LA,HUILA,AGRADO,2.281583333,-75.70508333,2026-09-16,854.1999999999999,ALERTA_SEQUIA,ALERTA_SEQUIA,SEQUIA_CRITICA,SEQUIA_CRITICA,SEQUIA_CRITICA
21050060,41378,ARGENTINA LA,HUILA,LA ARGENTINA,2.199,-75.972,2026-09-16,983.8,ALERTA_SEQUIA,ALERTA_SEQUIA,ALERTA_SEQUIA,SEQUIA_CRITICA,SEQUIA_CRITICA
21055020,41396,ESCUELA AGRICOLA LA PLATA,HUILA,LA PLATA,2.38,-75.89,2025-10-22,2254.8,ALERTA_EXCESO,ALERTA_EXCESO,NORMAL,NORMAL,NORMAL
21057050,41396,VEGA EL SALADO,HUILA,LA PLATA,2.331444444,-75.94216667,2026-09-16,798.0,ALERTA_SEQUIA,ALERTA_SEQUIA,SEQUIA_CRITICA,SEQUIA_CRITICA,SEQUIA_CRITICA
21057060,41518,PAICOL,HUILA,TESALIA,2.46,-75.76,2026-09-16,1635.6,NORMAL,NORMAL,NORMAL,NORMAL,SEQUIA_CRITICA
21065040,41298,ZULUAGA,HUILA,GARZÓN,2.252,-75.529,2026-09-16,563.7,ALERTA_SEQUIA,ALERTA_SEQUIA,SEQUIA_CRITICA,SEQUIA_CRITICA,SEQUIA_CRITICA
21085030,41357,SAN RAFAEL,HUILA,TERUEL,2.76,-75.58,2026-09-16,1847.6,NORMAL,NORMAL,NORMAL,NORMAL,NORMAL
21095010,41615,JUNCAL EL,HUILA,PALERMO,2.828805556,-75.33116667,2026-09-16,1256.3,ALERTA_SEQUIA,ALERTA_SEQUIA,ALERTA_SEQUIA,SEQUIA_CRITICA,SEQUIA_CRITICA
21097070,41001,PTE SANTANDER - TX GPRS,HUILA,NEIVA,2.943,-75.309,2026-09-16,1397.0,ALERTA_SEQUIA,ALERTA_SEQUIA,ALERTA_SEQUIA,SEQUIA_CRITICA,SEQUIA_CRITICA
21097120,41132,LA ESPERANZA,HUILA,PALERMO,2.728416667,-75.39638889,2026-07-24,443.8,SEQUIA_CRITICA,SEQUIA_CRITICA,SEQUIA_CRITICA,SEQUIA_CRITICA,SEQUIA_CRITICA
21105030,41020,ALGECIRAS,HUILA,ALGECIRAS,2.52,-75.319997222,2026-09-16,551.6,ALERTA_SEQUIA,ALERTA_SEQUIA,SEQUIA_CRITICA,SEQUIA_CRITICA,SEQUIA_CRITICA
21115100,41799,PALACIO-VEGALARGA,HUILA,NEIVA,2.942638889,-75.06638889,2026-09-16,1022.9,ALERTA_SEQUIA,ALERTA_SEQUIA,ALERTA_SEQUIA,SEQUIA_CRITICA,SEQUIA_CRITICA
21115170,41615,LA PLATA,HUILA,NEIVA,2.759138889,-75.07455556,2026-04-02,761.0,ALERTA_SEQUIA,ALERTA_SEQUIA,SEQUIA_CRITICA,SEQUIA_CRITICA,SEQUIA_CRITICA
21115180,41799,HACIENDA MANILA,HUILA,BARAYA,3.133055556,-75.08152778,2025-10-16,980.8,ALERTA_SEQUIA,ALERTA_SEQUIA,ALERTA_SEQUIA,SEQUIA_CRITICA,SEQUIA_CRITICA
21117100,41615,PUEBLO NUEVO,HUILA,NEIVA,2.827444444,-75.08883333,2026-02-05,68.0,SEQUIA_CRITICA,SEQUIA_CRITICA,SEQUIA_CRITICA,SEQUIA_CRITICA,SEQUIA_CRITICA
21125010,41676,SANTA MARIA,HUILA,SANTA MARÍA,2.93569444,-75.58905556,2026-09-16,1227.1000000000001,ALERTA_SEQUIA,ALERTA_SEQUIA,ALERTA_SEQUIA,SEQUIA_CRITICA,SEQUIA_CRITICA
21127030,41676,SANTA MARIA,HUILA,SANTA MARÍA,2.971777778,-75.59244444,2026-09-16,1253.3999999999999,ALERTA_SEQUIA,ALERTA_SEQUIA,ALERTA_SEQUIA,SEQUIA_CRITICA,SEQUIA_CRITICA
21130050,41016,PEREZ HACIENDA,HUILA,AIPE,3.243555556,-75.25594444,2026-09-16,1225.7,ALERTA_SEQUIA,ALERTA_SEQUIA,ALERTA_SEQUIA,SEQUIA_CRITICA,SEQUIA_CRITICA
21135020,73671,JABALCON,TOLIMA,SALDAÑA,3.85575,-75.01575,2026-09-16,1127.5,ALERTA_SEQUIA,ALERTA_SEQUIA,ALERTA_SEQUIA,SEQUIA_CRITICA,SEQUIA_CRITICA
21137010,73585,PURIFICACION,TOLIMA,PURIFICACIÓN,3.84952778,-74.93577778,2026-07-24,947.8,ALERTA_SEQUIA,ALERTA_SEQUIA,ALERTA_SEQUIA,SEQUIA_CRITICA,SEQUIA_CRITICA
21137050,73483,ANGOSTURA,TOLIMA,NATAGAIMA,3.44,-75.12,2026-04-02,308.8,SEQUIA_CRITICA,SEQUIA_CRITICA,SEQUIA_CRITICA,SEQUIA_CRITICA,SEQUIA_CRITICA
21140120,73024,CRUCES LAS,TOLIMA,ALPUJARRA,3.42586111,-74.92025,2026-04-18,1077.0,ALERTA_SEQUIA,ALERTA_SEQUIA,ALERTA_SEQUIA,SEQUIA_CRITICA,SEQUIA_CRITICA
21147010,41872,SAN ALFONSO,HUILA,VILLAVIEJA,3.3705,-75.11416667,2026-09-16,981.5,ALERTA_SEQUIA,ALERTA_SEQUIA,ALERTA_SEQUIA,SEQUIA_CRITICA,SEQUIA_CRITICA
21147030,73024,CARRASPOSO,HUILA,COLOMBIA,3.327527778,-74.86691667,2026-04-02,482.8,SEQUIA_CRITICA,SEQUIA_CRITICA,SEQUIA_CRITICA,SEQUIA_CRITICA,SEQUIA_CRITICA
21160260,73873,PUERTO LLERAS TOLIMA,TOLIMA,VILLARRICA,3.839777778,-74.68830556,2026-04-03,255.0,SEQUIA_CRITICA,SEQUIA_CRITICA,SEQUIA_CRITICA,SEQUIA_CRITICA,SEQUIA_CRITICA
21167060,73226,SAN PABLO TOLIMA,TOLIMA,CUNDAY,3.92648,-74.657784,2026-04-03,0.0,SEQUIA_CRITICA,SEQUIA_CRITICA,SEQUIA_CRITICA,SEQUIA_CRITICA,SEQUIA_CRITICA
21167080,73563,LA MORA,TOLIMA,PRADO,3.725194444,-74.82644444,2026-04-02,1258.1,ALERTA_SEQUIA,ALERTA_SEQUIA,ALERTA_SEQUIA,SEQUIA_CRITICA,SEQUIA_CRITICA
21185030,73319,GUAMO,TOLIMA,GUAMO,4.00883333,-74.98138889,2026-09-16,859.5,ALERTA_SEQUIA,ALERTA_SEQUIA,SEQUIA_CRITICA,SEQUIA_CRITICA,SEQUIA_CRITICA
21185080,73854,VALLE DE SAN JUAN,TOLIMA,VALLE DE SAN JUAN,4.216,-75.105,2026-09-16,756.8,ALERTA_SEQUIA,ALERTA_SEQUIA,SEQUIA_CRITICA,SEQUIA_CRITICA,SEQUIA_CRITICA
21185090,73268,NATAIMA,TOLIMA,ESPINAL,4.188138889,-74.96047222,2026-09-16,1438.2,ALERTA_SEQUIA,ALERTA_SEQUIA,NORMAL,SEQUIA_CRITICA,SEQUIA_CRITICA
21187030,73854,CUCUNUBA,TOLIMA,VALLE DE SAN JUAN,4.231946,-75.092981,2026-04-02,1016.5,ALERTA_SEQUIA,ALERTA_SEQUIA,ALERTA_SEQUIA,SEQUIA_CRITICA,SEQUIA_CRITICA
21195120,25743,ITA VALSALICE,CUNDINAMARCA,SILVANIA,4.39292,-74.39272,2026-09-16,1357.1999999999998,ALERTA_SEQUIA,ALERTA_SEQUIA,ALERTA_SEQUIA,SEQUIA_CRITICA,SEQUIA_CRITICA
21195170,25506,PAQUILO,CUNDINAMARCA,CABRERA,3.993611,-74.398056,2026-09-16,872.4,ALERTA_SEQUIA,ALERTA_SEQUIA,SEQUIA_CRITICA,SEQUIA_CRITICA,SEQUIA_CRITICA
21195190,25535,PASCA,CUNDINAMARCA,PASCA,4.307189,-74.308399,2026-09-16,385.7,SEQUIA_CRITICA,SEQUIA_CRITICA,SEQUIA_CRITICA,SEQUIA_CRITICA,SEQUIA_CRITICA
21197010,25506,EL PROFUNDO,CUNDINAMARCA,CABRERA,4.011694,-74.504444,2026-09-04,109.2,SEQUIA_CRITICA,SEQUIA_CRITICA,SEQUIA_CRITICA,SEQUIA_CRITICA,SEQUIA_CRITICA
21197030,25524,LA PLAYA,TOLIMA,ICONONZO,4.19225,-74.500722222,2026-09-16,1171.9,ALERTA_SEQUIA,ALERTA_SEQUIA,ALERTA_SEQUIA,SEQUIA_CRITICA,SEQUIA_CRITICA
21197080,25743,BONANZA LA HACIENDA  - AUT,CUNDINAMARCA,SILVANIA,4.400027778,-74.36358333,2026-04-03,503.8,ALERTA_SEQUIA,ALERTA_SEQUIA,SEQUIA_CRITICA,SEQUIA_CRITICA,SEQUIA_CRITICA
21201200,11001,ESC LA UNION - FOPAE,BOGOTA D.C.,"BOGOTA, D.C",4.343,-74.184,2026-09-16,481.70000000000005,SEQUIA_CRITICA,SEQUIA_CRITICA,SEQUIA_CRITICA,SEQUIA_CRITICA,SEQUIA_CRITICA
21201580,25178,PASQUILLA,BOGOTÁ,BOGOTA D.C,4.44647201,-74.154839,2026-09-16,539.7,ALERTA_SEQUIA,ALERTA_SEQUIA,SEQUIA_CRITICA,SEQUIA_CRITICA,SEQUIA_CRITICA
21201980,25181,CERRO GUADALUPE - FOPAE,BOGOTA D.C.,"BOGOTA, D.C",4.567,-74.05,2026-07-22,644.9,ALERTA_SEQUIA,ALERTA_SEQUIA,SEQUIA_CRITICA,SEQUIA_CRITICA,SEQUIA_CRITICA
21202180,25754,QUIBA,BOGOTÁ,BOGOTA D.C,4.54311,-74.15601,2026-07-22,315.8,SEQUIA_CRITICA,SEQUIA_CRITICA,SEQUIA_CRITICA,SEQUIA_CRITICA,SEQUIA_CRITICA
21202190,25178,JUAN REY,BOGOTÁ,BOGOTA D.C,4.51872,-74.08867,2026-07-22,664.2,ALERTA_SEQUIA,ALERTA_SEQUIA,SEQUIA_CRITICA,SEQUIA_CRITICA,SEQUIA_CRITICA
21202220,25181,PARAISO,BOGOTÁ,BOGOTA D.C,4.62789,-74.0587,2026-07-22,616.9000000000001,ALERTA_SEQUIA,ALERTA_SEQUIA,SEQUIA_CRITICA,SEQUIA_CRITICA,SEQUIA_CRITICA
21202230,25178,UAN SEDE USME,BOGOTÁ,BOGOTA D.C,4.48152,-74.12708,2026-07-22,384.90000000000003,SEQUIA_CRITICA,SEQUIA_CRITICA,SEQUIA_CRITICA,SEQUIA_CRITICA,SEQUIA_CRITICA
21202240,25181,UAN SEDE CIRCUNVALAR,BOGOTÁ,BOGOTA D.C,4.63546,-74.05746,2026-07-22,680.6,ALERTA_SEQUIA,ALERTA_SEQUIA,SEQUIA_CRITICA,SEQUIA_CRITICA,SEQUIA_CRITICA
21202250,25178,DOÑA JUANA,BOGOTÁ,BOGOTA D.C,4.50082,-74.13739,2026-07-22,435.1,SEQUIA_CRITICA,SEQUIA_CRITICA,SEQUIA_CRITICA,SEQUIA_CRITICA,SEQUIA_CRITICA
21205012,25214,UNIVERSIDAD NACIONAL,BOGOTÁ,BOGOTA D.C,4.63723,-74.08892,2026-09-16,785.6,ALERTA_SEQUIA,ALERTA_SEQUIA,SEQUIA_CRITICA,SEQUIA_CRITICA,SEQUIA_CRITICA
21205420,25473,TIBAITATA,CUNDINAMARCA,MOSQUERA,4.688662,-74.205626,2026-09-16,594.7,ALERTA_SEQUIA,ALERTA_SEQUIA,SEQUIA_CRITICA,SEQUIA_CRITICA,SEQUIA_CRITICA
21205660,25035,MERCEDES,CUNDINAMARCA,ANAPOIMA,4.5791,-74.52318,2026-09-16,1449.8,ALERTA_SEQUIA,ALERTA_SEQUIA,NORMAL,SEQUIA_CRITICA,SEQUIA_CRITICA
21205670,25040,FLORIDA LA,CUNDINAMARCA,ANOLAIMA,4.770888889,-74.43763889,2026-09-16,978.6,ALERTA_SEQUIA,ALERTA_SEQUIA,ALERTA_SEQUIA,SEQUIA_CRITICA,SEQUIA_CRITICA
21205700,25322,GUASCA,CUNDINAMARCA,GUASCA,4.877953,-73.864453,2026-09-16,596.1999999999999,ALERTA_SEQUIA,ALERTA_SEQUIA,SEQUIA_CRITICA,SEQUIA_CRITICA,SEQUIA_CRITICA
21205710,25214,JARDIN BOTANICO,BOGOTÁ,BOGOTA D.C,4.66933333,-74.10266667,2026-07-04,795.4,ALERTA_SEQUIA,ALERTA_SEQUIA,SEQUIA_CRITICA,SEQUIA_CRITICA,SEQUIA_CRITICA
21205791,25286,APTO EL DORADO - TX GPRS,BOGOTA D.C.,"BOGOTA, D.C",4.706,-74.151,2026-09-16,1361.311,ALERTA_SEQUIA,ALERTA_SEQUIA,ALERTA_SEQUIA,SEQUIA_CRITICA,SEQUIA_CRITICA
21205910,25126,LA COSECHA,CUNDINAMARCA,ZIPAQUIRÁ,4.98922,-74.00119,2026-09-16,901.4000000000001,ALERTA_SEQUIA,ALERTA_SEQUIA,ALERTA_SEQUIA,SEQUIA_CRITICA,SEQUIA_CRITICA
21205940,25269,VILLA INES,CUNDINAMARCA,FACATATIVÁ,4.83211,-74.38056,2026-09-16,635.1999999999999,ALERTA_SEQUIA,ALERTA_SEQUIA,SEQUIA_CRITICA,SEQUIA_CRITICA,SEQUIA_CRITICA
21205970,25486,HACIENDA SANTA ANA,CUNDINAMARCA,NEMOCÓN,5.09,-73.881,2026-09-16,429.4,SEQUIA_CRITICA,SEQUIA_CRITICA,SEQUIA_CRITICA,SEQUIA_CRITICA,SEQUIA_CRITICA
21206280,25797,ACAPULCO,CUNDINAMARCA,BOJACÁ,4.64823,-74.32035,2026-09-16,609.8000000000001,ALERTA_SEQUIA,ALERTA_SEQUIA,SEQUIA_CRITICA,SEQUIA_CRITICA,SEQUIA_CRITICA
21206560,25473,INEM KENNEDY,BOGOTÁ,BOGOTA D.C,4.66111111,-74.13477778,2026-09-16,516.1,ALERTA_SEQUIA,ALERTA_SEQUIA,SEQUIA_CRITICA,SEQUIA_CRITICA,SEQUIA_CRITICA
21206600,25214,NUEVA GENERACION,BOGOTÁ,BOGOTÁ D.C,4.782222222,-74.09433333,2026-09-16,8.0,SEQUIA_CRITICA,SEQUIA_CRITICA,SEQUIA_CRITICA,SEQUIA_CRITICA,SEQUIA_CRITICA
21206780,25754,LA INDEPENDENCI,BOGOTÁ,BOGOTA D.C,4.619272,-74.194594,2026-07-22,387.4,SEQUIA_CRITICA,SEQUIA_CRITICA,SEQUIA_CRITICA,SEQUIA_CRITICA,SEQUIA_CRITICA
21206810,25754,SAN BENITO,BOGOTÁ,BOGOTA D.C,4.56365303,-74.13845,2026-07-22,403.8,SEQUIA_CRITICA,SEQUIA_CRITICA,SEQUIA_CRITICA,SEQUIA_CRITICA,SEQUIA_CRITICA
21206890,25377,CERRO CAZADORES,BOGOTÁ,BOGOTA D.C,4.66577,-74.02861,2026-07-22,648.7,ALERTA_SEQUIA,ALERTA_SEQUIA,SEQUIA_CRITICA,SEQUIA_CRITICA,SEQUIA_CRITICA
21206900,25178,LA ESPERANZA USME,BOGOTÁ,BOGOTA D.C,4.44914,-74.10792,2026-07-22,673.0000000000001,ALERTA_SEQUIA,ALERTA_SEQUIA,SEQUIA_CRITICA,SEQUIA_CRITICA,SEQUIA_CRITICA
21206920,11001,VILLA TERESA,BOGOTÁ,BOGOTÁ D.C,4.356239,-74.159168,2026-09-16,341.9,SEQUIA_CRITICA,SEQUIA_CRITICA,SEQUIA_CRITICA,SEQUIA_CRITICA,SEQUIA_CRITICA
21206930,25899,PARAMO GUERRERO,CUNDINAMARCA,ZIPAQUIRÁ,5.08644,-74.02217,2026-04-03,712.9,ALERTA_SEQUIA,ALERTA_SEQUIA,SEQUIA_CRITICA,SEQUIA_CRITICA,SEQUIA_CRITICA
21206950,25873,PARAMO GUACHENEQUE,CUNDINAMARCA,VILLAPINZÓN,5.234558,-73.527321,2026-04-02,542.2,ALERTA_SEQUIA,ALERTA_SEQUIA,SEQUIA_CRITICA,SEQUIA_CRITICA,SEQUIA_CRITICA
21206980,25322,SANTA CRUZ DE SIECHA,CUNDINAMARCA,GUASCA,4.784277778,-73.87080556,2026-09-16,421.90000000000003,SEQUIA_CRITICA,SEQUIA_CRITICA,SEQUIA_CRITICA,SEQUIA_CRITICA,SEQUIA_CRITICA
21208480,25754,KENNEDY,BOGOTÁ,BOGOTA D.C,4.61104201,-74.178333,2026-07-22,432.5,SEQUIA_CRITICA,SEQUIA_CRITICA,SEQUIA_CRITICA,SEQUIA_CRITICA,SEQUIA_CRITICA
21209920,25772,SANTA ROSITA,CUNDINAMARCA,SUESCA,5.105878,-73.753646,2026-09-16,685.9000000000001,ALERTA_SEQUIA,ALERTA_SEQUIA,SEQUIA_CRITICA,SEQUIA_CRITICA,SEQUIA_CRITICA
21215150,73043,NEVADO DEL TOLIMA,TOLIMA,ANZOÁTEGUI,4.670777778,-75.32777778,2026-04-02,149.29999999999998,SEQUIA_CRITICA,SEQUIA_CRITICA,SEQUIA_CRITICA,SEQUIA_CRITICA,SEQUIA_CRITICA
21215160,73001,CERROS NOROCCIDENTALES,TOLIMA,IBAGUÉ,4.470361111,-75.24386111,2026-08-20,0.0,SEQUIA_CRITICA,SEQUIA_CRITICA,SEQUIA_CRITICA,SEQUIA_CRITICA,SEQUIA_CRITICA
21215180,73001,BATALLON ROOKE,TOLIMA,IBAGUÉ,4.4180556,-75.248055556,2026-09-16,962.3,ALERTA_SEQUIA,ALERTA_SEQUIA,ALERTA_SEQUIA,SEQUIA_CRITICA,SEQUIA_CRITICA
21215190,73124,CAJAMARCA,TOLIMA,CAJAMARCA,4.435666667,-75.50036111,2026-07-24,1066.5,ALERTA_SEQUIA,ALERTA_SEQUIA,ALERTA_SEQUIA,SEQUIA_CRITICA,SEQUIA_CRITICA
21217180,73001,MONTEZUMA,TOLIMA,IBAGUÉ,4.4819444,-75.28611111,2026-09-16,1789.0,NORMAL,NORMAL,NORMAL,NORMAL,SEQUIA_CRITICA
21227010,25324,PIEDRAS,TOLIMA,PIEDRAS,4.535225,-74.88053056,2026-09-16,1098.0,ALERTA_SEQUIA,ALERTA_SEQUIA,ALERTA_SEQUIA,SEQUIA_CRITICA,SEQUIA_CRITICA
21235030,25307,UNIVERSIDAD DE CUNDINAMARCA,CUNDINAMARCA,GIRARDOT,4.30533333,-74.80811111,2026-07-04,648.8,ALERTA_SEQUIA,ALERTA_SEQUIA,SEQUIA_CRITICA,SEQUIA_CRITICA,SEQUIA_CRITICA
21237010,25483,NARINO,CUNDINAMARCA,NARIÑO,4.387777778,-74.838375,2026-09-16,1170.4,ALERTA_SEQUIA,ALERTA_SEQUIA,ALERTA_SEQUIA,SEQUIA_CRITICA,SEQUIA_CRITICA
21245140,73686,SANTA ISABEL,TOLIMA,SANTA ISABEL,4.711861111,-75.09445556,2026-09-16,1448.2,ALERTA_SEQUIA,ALERTA_SEQUIA,NORMAL,SEQUIA_CRITICA,SEQUIA_CRITICA
21255090,73055,ARMERO GRANJA,TOLIMA,ARMERO,5.0,-74.89999167,2026-09-16,1535.1,NORMAL,NORMAL,NORMAL,NORMAL,SEQUIA_CRITICA
21255160,73030,HACIENDA PAJONALES,TOLIMA,AMBALEMA,4.75786,-74.83091,2026-04-02,301.0,SEQUIA_CRITICA,SEQUIA_CRITICA,SEQUIA_CRITICA,SEQUIA_CRITICA,SEQUIA_CRITICA
21255170,73461,MURILLO,TOLIMA,MURILLO,4.870555556,-75.173277778,2026-07-04,347.2,SEQUIA_CRITICA,SEQUIA_CRITICA,SEQUIA_CRITICA,SEQUIA_CRITICA,SEQUIA_CRITICA
21257090,73408,LA ESMERALDA,TOLIMA,LÉRIDA,4.890777778,-74.85313889,2026-09-16,736.0,ALERTA_SEQUIA,ALERTA_SEQUIA,SEQUIA_CRITICA,SEQUIA_CRITICA,SEQUIA_CRITICA
21257100,73408,LA NUEVA,TOLIMA,VENADILLO,4.795083333,-74.97194444,2026-09-16,31.3,SEQUIA_CRITICA,SEQUIA_CRITICA,SEQUIA_CRITICA,SEQUIA_CRITICA,SEQUIA_CRITICA
21257120,73870,PUENTE GATO NEGRO,TOLIMA,VILLAHERMOSA,4.940194444,-75.08980556,2026-04-02,777.6,ALERTA_SEQUIA,ALERTA_SEQUIA,SEQUIA_CRITICA,SEQUIA_CRITICA,SEQUIA_CRITICA
22017020,73067,SARDINAS LAS,TOLIMA,RIOBLANCO,3.438472222,-75.68658333,2026-09-16,1668.2,NORMAL,NORMAL,NORMAL,NORMAL,SEQUIA_CRITICA
22020020,73555,PENA RICA,TOLIMA,PLANADAS,3.045,-75.762,2026-09-16,970.1,ALERTA_SEQUIA,ALERTA_SEQUIA,ALERTA_SEQUIA,SEQUIA_CRITICA,SEQUIA_CRITICA
22045010,73168,DEMOSTRACION GRANJA,TOLIMA,CHAPARRAL,3.722444444,-75.50344444,2026-02-27,2887.2000000000003,ALERTA_EXCESO,ALERTA_EXCESO,ALERTA_EXCESO,NORMAL,NORMAL
22055020,73067,MESA DE POLE,TOLIMA,ATACO,3.455777778,-75.53636111,2026-09-16,1829.9,NORMAL,NORMAL,NORMAL,NORMAL,NORMAL
22057010,73671,PIEDRAS DE COBRE,TOLIMA,COYAIMA,3.90865,-75.104,2026-04-02,1069.2,ALERTA_SEQUIA,ALERTA_SEQUIA,ALERTA_SEQUIA,SEQUIA_CRITICA,SEQUIA_CRITICA
22065040,73675,SAN ANTONIO QUINTA,TOLIMA,SAN ANTONIO,3.906916667,-75.48808333,2026-09-16,1600.4,NORMAL,NORMAL,NORMAL,NORMAL,SEQUIA_CRITICA
22070030,73622,SANTA HELENA,TOLIMA,RONCESVALLES,4.124555556,-75.49952778,2026-09-16,913.7,ALERTA_SEQUIA,ALERTA_SEQUIA,ALERTA_SEQUIA,SEQUIA_CRITICA,SEQUIA_CRITICA
22075050,73622,PARAMO DE YERBABUENA,TOLIMA,RONCESVALLES,4.075805556,-75.70083333,2026-04-02,818.8,ALERTA_SEQUIA,ALERTA_SEQUIA,SEQUIA_CRITICA,SEQUIA_CRITICA,SEQUIA_CRITICA
22077030,73622,DIAMANTE EL,TOLIMA,RONCESVALLES,4.024166667,-75.6085,2026-09-16,861.4000000000001,ALERTA_SEQUIA,ALERTA_SEQUIA,SEQUIA_CRITICA,SEQUIA_CRITICA,SEQUIA_CRITICA
22077050,73624,PIJAITO,TOLIMA,ROVIRA,4.150388889,-75.306,2026-04-02,1161.2,ALERTA_SEQUIA,ALERTA_SEQUIA,ALERTA_SEQUIA,SEQUIA_CRITICA,SEQUIA_CRITICA
23017040,73443,ESPERANZA LA,TOLIMA,MARIQUITA,5.203718,-74.908378,2026-09-16,938.4,ALERTA_SEQUIA,ALERTA_SEQUIA,ALERTA_SEQUIA,SEQUIA_CRITICA,SEQUIA_CRITICA
23025040,73443,ALBANIA,TOLIMA,MARIQUITA,5.286,-74.903,2026-09-16,908.3,ALERTA_SEQUIA,ALERTA_SEQUIA,ALERTA_SEQUIA,SEQUIA_CRITICA,SEQUIA_CRITICA
23035030,17380,BASE PALANQUERO,CUNDINAMARCA,PUERTO SALGAR,5.492861111,-74.658,2026-09-16,2021.1000000000001,ALERTA_EXCESO,ALERTA_EXCESO,NORMAL,NORMAL,NORMAL
23037010,17380,PUERTO SALGAR,CUNDINAMARCA,PUERTO SALGAR,5.469666667,-74.66216667,2026-08-21,262.7,SEQUIA_CRITICA,SEQUIA_CRITICA,SEQUIA_CRITICA,SEQUIA_CRITICA,SEQUIA_CRITICA
23050420,5055,ARGELIA ANTIOQUIA,ANTIOQUIA,ARGELIA,5.73,-75.14,2026-09-16,4307.3,ALERTA_EXCESO,ALERTA_EXCESO,ALERTA_EXCESO,ALERTA_EXCESO,ALERTA_EXCESO
23057140,5756,SAN MIGUEL,ANTIOQUIA,SONSÓN,5.731,-74.726,2026-07-21,236.3,SEQUIA_CRITICA,SEQUIA_CRITICA,SEQUIA_CRITICA,SEQUIA_CRITICA,SEQUIA_CRITICA
23065110,25885,YACOPI,CUNDINAMARCA,YACOPÍ,5.48121,-74.35125,2026-09-16,1594.2,NORMAL,NORMAL,NORMAL,NORMAL,SEQUIA_CRITICA
23065120,25513,CABRERA LA,CUNDINAMARCA,PACHO,5.14155556,-74.13936111,2026-09-16,1283.2,ALERTA_SEQUIA,ALERTA_SEQUIA,ALERTA_SEQUIA,SEQUIA_CRITICA,SEQUIA_CRITICA
23065180,25875,VILLETA,CUNDINAMARCA,VILLETA,5.016861,-74.470972,2026-09-16,2220.4,ALERTA_EXCESO,ALERTA_EXCESO,NORMAL,NORMAL,NORMAL
23065190,25592,QUEBRADA NEGRA,CUNDINAMARCA,QUEBRADANEGRA,5.137207,-74.480954,2026-09-16,1317.6999999999998,ALERTA_SEQUIA,ALERTA_SEQUIA,ALERTA_SEQUIA,SEQUIA_CRITICA,SEQUIA_CRITICA
23067040,25572,PUERTO LIBRE,CUNDINAMARCA,PUERTO SALGAR,5.759222222,-74.63175,2026-07-04,0.0,SEQUIA_CRITICA,SEQUIA_CRITICA,SEQUIA_CRITICA,SEQUIA_CRITICA,SEQUIA_CRITICA
23067050,25320,GUADUERO,CUNDINAMARCA,GUADUAS,5.192111111,-74.57291667,2026-07-15,541.4,ALERTA_SEQUIA,ALERTA_SEQUIA,SEQUIA_CRITICA,SEQUIA_CRITICA,SEQUIA_CRITICA
23067060,25489,TOBIA,CUNDINAMARCA,LA PEÑA,5.125561,-74.447149,2026-09-16,338.2,SEQUIA_CRITICA,SEQUIA_CRITICA,SEQUIA_CRITICA,SEQUIA_CRITICA,SEQUIA_CRITICA
23067070,25875,VILLETA,CUNDINAMARCA,VILLETA,5.005664,-74.471465,2026-09-16,1186.8,ALERTA_SEQUIA,ALERTA_SEQUIA,ALERTA_SEQUIA,SEQUIA_CRITICA,SEQUIA_CRITICA
23067080,25258,CHARCO LARGO,CUNDINAMARCA,LA PALMA,5.254551,-74.34217,2026-04-02,1199.2,ALERTA_SEQUIA,ALERTA_SEQUIA,ALERTA_SEQUIA,SEQUIA_CRITICA,SEQUIA_CRITICA
23085080,5670,GRANJA EXPERIMENTAL EL NUS,ANTIOQUIA,SAN ROQUE,6.483583333,-74.83669444,2026-09-16,2407.4,ALERTA_EXCESO,ALERTA_EXCESO,ALERTA_EXCESO,NORMAL,NORMAL
23085160,5206,CORRIENTES,ANTIOQUIA,SAN VICENTE,6.311944444,-75.25355556,2026-09-16,2563.6000000000004,ALERTA_EXCESO,ALERTA_EXCESO,ALERTA_EXCESO,NORMAL,NORMAL
23085220,5313,SAN CARLOS,ANTIOQUIA,SAN CARLOS,6.157666667,-75.03891667,2026-09-16,6126.0,ALERTA_EXCESO,ALERTA_EXCESO,ALERTA_EXCESO,ALERTA_EXCESO,ALERTA_EXCESO
23085260,5615,LA SELVA,ANTIOQUIA,RIONEGRO,6.131916667,-75.41455556,2026-09-16,940.6,ALERTA_SEQUIA,ALERTA_SEQUIA,ALERTA_SEQUIA,SEQUIA_CRITICA,SEQUIA_CRITICA
23085270,5615,AEROPUERTO J.M. CORDOVA,ANTIOQUIA,RIONEGRO,6.1686111,-75.426111111,2026-09-16,3699.8,ALERTA_EXCESO,ALERTA_EXCESO,ALERTA_EXCESO,ALERTA_EXCESO,ALERTA_EXCESO
23087150,5615,PUENTE REAL,ANTIOQUIA,RIONEGRO,6.143472222,-75.37994444,2026-07-04,1662.8,NORMAL,NORMAL,NORMAL,NORMAL,SEQUIA_CRITICA
23087160,5670,CARAMANTA,ANTIOQUIA,YOLOMBÓ,6.507683056,-74.865311111,2026-09-16,506.0,ALERTA_SEQUIA,ALERTA_SEQUIA,SEQUIA_CRITICA,SEQUIA_CRITICA,SEQUIA_CRITICA
23087190,5660,LA GARRUCHA,ANTIOQUIA,SAN LUIS,5.998361111,-74.93825,2026-04-03,2348.0,ALERTA_EXCESO,ALERTA_EXCESO,ALERTA_EXCESO,NORMAL,NORMAL
23087210,5142,CANTERAS,ANTIOQUIA,PUERTO NARE,6.276083333,-74.67330556,2026-04-02,1035.9,ALERTA_SEQUIA,ALERTA_SEQUIA,ALERTA_SEQUIA,SEQUIA_CRITICA,SEQUIA_CRITICA
23087670,5615,RIOTEX,ANTIOQUIA,RIONEGRO,6.18125,-75.36638889,2026-09-16,1785.2,NORMAL,NORMAL,NORMAL,NORMAL,SEQUIA_CRITICA
23097030,5579,PTO BERRIO TX GPRS,ANTIOQUIA,PUERTO BERRÍO,6.485,-74.401,2026-04-22,732.0,ALERTA_SEQUIA,ALERTA_SEQUIA,SEQUIA_CRITICA,SEQUIA_CRITICA,SEQUIA_CRITICA
23105030,5885,VEGACHI,ANTIOQUIA,VEGACHÍ,6.774111111,-74.79652778,2026-09-16,729.6,ALERTA_SEQUIA,ALERTA_SEQUIA,SEQUIA_CRITICA,SEQUIA_CRITICA,SEQUIA_CRITICA
23105070,5425,MACEO,ANTIOQUIA,YOLOMBÓ,6.571638889,-74.79472222,2026-09-16,1911.3,NORMAL,NORMAL,NORMAL,NORMAL,NORMAL
23120250,,,,,,,2026-09-16,47.5,SEQUIA_CRITICA,SEQUIA_CRITICA,SEQUIA_CRITICA,SEQUIA_CRITICA,SEQUIA_CRITICA
23125080,15681,OTANCHE,BOYACÁ,OTANCHE,5.661722222,-74.18461111,2026-09-16,3127.4,ALERTA_EXCESO,ALERTA_EXCESO,ALERTA_EXCESO,ALERTA_EXCESO,ALERTA_EXCESO
23125100,15109,BUENAVISTA,BOYACÁ,BUENAVISTA,5.514916667,-73.94311111,2026-09-16,2902.0,ALERTA_EXCESO,ALERTA_EXCESO,ALERTA_EXCESO,NORMAL,NORMAL
23125120,68101,CIMITARRA,SANTANDER,CIMITARRA,6.308611111,-73.95222222,2026-09-16,3487.6,ALERTA_EXCESO,ALERTA_EXCESO,ALERTA_EXCESO,ALERTA_EXCESO,ALERTA_EXCESO
23125140,15401,AEROPUERTO FURATENA,BOYACÁ,QUÍPAMA,5.520833333,-74.18241667,2026-07-04,765.8,ALERTA_SEQUIA,ALERTA_SEQUIA,SEQUIA_CRITICA,SEQUIA_CRITICA,SEQUIA_CRITICA
23125160,15681,SAN PABLO DE BORBUR  - AUT,BOYACÁ,SAN PABLO DE BORBUR,5.647027778,-74.07130556,2026-04-03,556.1,ALERTA_SEQUIA,ALERTA_SEQUIA,SEQUIA_CRITICA,SEQUIA_CRITICA,SEQUIA_CRITICA
23125170,25653,SAN CAYETANO,CUNDINAMARCA,SAN CAYETANO,5.332411,-74.024004,2026-09-16,643.2,ALERTA_SEQUIA,ALERTA_SEQUIA,SEQUIA_CRITICA,SEQUIA_CRITICA,SEQUIA_CRITICA
23127020,68190,PTO ARAUJO - RIO CARARE,SANTANDER,CIMITARRA,6.526,-74.086,2026-05-12,605.3000000000001,ALERTA_SEQUIA,ALERTA_SEQUIA,SEQUIA_CRITICA,SEQUIA_CRITICA,SEQUIA_CRITICA
23127050,68573,BARREDERO FINCA,SANTANDER,PUERTO PARRA,6.645555556,-74.06527778,2026-09-16,1852.8999999999999,NORMAL,NORMAL,NORMAL,NORMAL,NORMAL
23127060,68190,SANTA ROSA,SANTANDER,CIMITARRA,6.291944444,-74.09833333,2026-09-16,3542.4,ALERTA_EXCESO,ALERTA_EXCESO,ALERTA_EXCESO,ALERTA_EXCESO,ALERTA_EXCESO
23145501,68235,EL CARMEN - ISAGEN - Estacion en Pruebas,SANTANDER,EL CARMEN,6.699,-73.513,2026-07-24,2442.3,ALERTA_EXCESO,ALERTA_EXCESO,ALERTA_EXCESO,NORMAL,NORMAL
23147020,68573,PUENTE FERROCARRIL OPÓN,SANTANDER,SIMACOTA,6.773611111,-73.935,2026-09-16,1755.3,NORMAL,NORMAL,NORMAL,NORMAL,SEQUIA_CRITICA
23147040,68081,AYACUCHO,SANTANDER,SIMACOTA,6.855805556,-73.76933333,2026-04-02,1100.2,ALERTA_SEQUIA,ALERTA_SEQUIA,ALERTA_SEQUIA,SEQUIA_CRITICA,SEQUIA_CRITICA
23155030,68081,AEROPUERTO YARIGUIES,SANTANDER,BARRANCABERMEJA,7.026,-73.809,2026-09-16,2619.8,ALERTA_EXCESO,ALERTA_EXCESO,ALERTA_EXCESO,NORMAL,NORMAL
23175020,5604,AEROPUERTO OTU,ANTIOQUIA,REMEDIOS,7.01175,-74.71630556,2026-09-16,2840.6,ALERTA_EXCESO,ALERTA_EXCESO,ALERTA_EXCESO,NORMAL,NORMAL
23180070,68655,SABANA DE TORRES,SANTANDER,SABANA DE TORRES,7.39,-73.48944444,2026-09-16,2185.6,ALERTA_EXCESO,ALERTA_EXCESO,NORMAL,NORMAL,NORMAL
23187010,,,,,,,2026-09-16,218.2,SEQUIA_CRITICA,SEQUIA_CRITICA,SEQUIA_CRITICA,SEQUIA_CRITICA,SEQUIA_CRITICA
23190130,68820,TONA,SANTANDER,TONA,7.19611111,-72.97055556,2026-09-16,1059.8,ALERTA_SEQUIA,ALERTA_SEQUIA,ALERTA_SEQUIA,SEQUIA_CRITICA,SEQUIA_CRITICA
23190380,68406,PALMAS,SANTANDER,LEBRIJA,7.211083333,-73.21788889,2026-07-04,744.9,ALERTA_SEQUIA,ALERTA_SEQUIA,SEQUIA_CRITICA,SEQUIA_CRITICA,SEQUIA_CRITICA
23190440,68406,NARANJO EL,SANTANDER,LEBRIJA,7.205,-73.29972222,2026-09-16,3030.7000000000003,ALERTA_EXCESO,ALERTA_EXCESO,ALERTA_EXCESO,ALERTA_EXCESO,ALERTA_EXCESO
23190700,68547,PIEDECUESTA GRANJA,SANTANDER,PIEDECUESTA,6.99333,-73.06778,2026-08-13,1174.6,ALERTA_SEQUIA,ALERTA_SEQUIA,ALERTA_SEQUIA,SEQUIA_CRITICA,SEQUIA_CRITICA
23195040,68001,UNIV IND SANTANDER,SANTANDER,BUCARAMANGA,7.145,-73.122,2026-07-04,1209.7,ALERTA_SEQUIA,ALERTA_SEQUIA,ALERTA_SEQUIA,SEQUIA_CRITICA,SEQUIA_CRITICA
23195090,68132,VIVERO SURATA,SANTANDER,SURATÁ,7.36583,-72.9875,2026-09-16,6.0,SEQUIA_CRITICA,SEQUIA_CRITICA,SEQUIA_CRITICA,SEQUIA_CRITICA,SEQUIA_CRITICA
23195110,68307,LLANO GRANDE,SANTANDER,GIRÓN,7.025555556,-73.16722222,2026-09-16,732.1999999999999,ALERTA_SEQUIA,ALERTA_SEQUIA,SEQUIA_CRITICA,SEQUIA_CRITICA,SEQUIA_CRITICA
23195200,68780,CACHIRI,SANTANDER,SURATÁ,7.47389,-72.99111,2026-09-16,863.0,ALERTA_SEQUIA,ALERTA_SEQUIA,SEQUIA_CRITICA,SEQUIA_CRITICA,SEQUIA_CRITICA
23195240,20614,AGUACHICA,CESAR,AGUACHICA,8.123416667,-73.57986111,2026-09-16,978.0,ALERTA_SEQUIA,ALERTA_SEQUIA,ALERTA_SEQUIA,SEQUIA_CRITICA,SEQUIA_CRITICA
23195502,68001,AEROPUERTO PALONEGRO,SANTANDER,LEBRIJA,7.12147222,-73.18452778,2026-09-16,2031.7,ALERTA_EXCESO,ALERTA_EXCESO,NORMAL,NORMAL,NORMAL
23197690,68307,PALOGORDO,SANTANDER,GIRÓN,6.969166667,-73.13055556,2026-09-16,590.1,ALERTA_SEQUIA,ALERTA_SEQUIA,SEQUIA_CRITICA,SEQUIA_CRITICA,SEQUIA_CRITICA
23205020,68575,COLEGIO COOPERATIVO,BOLIVAR,SAN PABLO,7.475,-73.92555556,2026-09-16,2422.6,ALERTA_EXCESO,ALERTA_EXCESO,ALERTA_EXCESO,NORMAL,NORMAL
23217080,20295,GAMARRA,CESAR,GAMARRA,8.284286111,-73.75338889,2026-09-16,1183.9,ALERTA_SEQUIA,ALERTA_SEQUIA,ALERTA_SEQUIA,SEQUIA_CRITICA,SEQUIA_CRITICA
24010840,,,,,,,2026-09-16,152.0,SEQUIA_CRITICA,SEQUIA_CRITICA,SEQUIA_CRITICA,SEQUIA_CRITICA,SEQUIA_CRITICA
24015110,25843,LA BOYERA,CUNDINAMARCA,UBATÉ,5.303806,-73.85175,2026-09-16,417.5,SEQUIA_CRITICA,SEQUIA_CRITICA,SEQUIA_CRITICA,SEQUIA_CRITICA,SEQUIA_CRITICA
24015220,15646,VILLA CARMEN,BOYACÁ,SAMACÁ,5.509388889,-73.49577778,2026-09-16,291.4,SEQUIA_CRITICA,SEQUIA_CRITICA,SEQUIA_CRITICA,SEQUIA_CRITICA,SEQUIA_CRITICA
24015300,15407,VILLA DE LEIVA,BOYACÁ,VILLA DE LEIVA,5.64326,-73.51774,2026-09-16,14.0,SEQUIA_CRITICA,SEQUIA_CRITICA,SEQUIA_CRITICA,SEQUIA_CRITICA,SEQUIA_CRITICA
24015380,25154,CARMEN DE CARUPA,CUNDINAMARCA,CARMEN DE CARUPA,5.34819,-73.89817,2026-09-16,498.8,SEQUIA_CRITICA,SEQUIA_CRITICA,SEQUIA_CRITICA,SEQUIA_CRITICA,SEQUIA_CRITICA
24015509,15051,ARCABUCO - ISAGEN - Estacion en Pruebas,BOYACÁ,ARCABUCO,5.762,-73.445,2026-07-24,1342.5,ALERTA_SEQUIA,ALERTA_SEQUIA,ALERTA_SEQUIA,SEQUIA_CRITICA,SEQUIA_CRITICA
24015510,68209,CONFINES - ISAGEN Estacion en Pruebas,SANTANDER,CONFINES,6.355,-73.239,2026-07-24,1779.7,NORMAL,NORMAL,NORMAL,NORMAL,SEQUIA_CRITICA
24015511,68770,EL OLIVAL-24015511,SANTANDER,SUAITA,6.1515,-73.34172222,2026-07-24,2400.0,ALERTA_EXCESO,ALERTA_EXCESO,ALERTA_EXCESO,NORMAL,NORMAL
24015512,68298,GAMBITA-24015512,SANTANDER,GÁMBITA,5.944802778,-73.34374167,2026-07-24,545.7,ALERTA_SEQUIA,ALERTA_SEQUIA,SEQUIA_CRITICA,SEQUIA_CRITICA,SEQUIA_CRITICA
24015514,68320,LA LAJA-24015514,SANTANDER,GUADALUPE,6.237166667,-73.41533333,2026-07-24,3042.8,ALERTA_EXCESO,ALERTA_EXCESO,ALERTA_EXCESO,ALERTA_EXCESO,ALERTA_EXCESO
24015515,68500,OIBA-24015515,SANTANDER,OIBA,6.262666667,-73.31266667,2026-07-24,2465.7999999999997,ALERTA_EXCESO,ALERTA_EXCESO,ALERTA_EXCESO,NORMAL,NORMAL
24015517,68176,CHIMA-24015517,SANTANDER,CHIMA,6.354969444,-73.3683,2026-07-24,2372.8999999999996,ALERTA_EXCESO,ALERTA_EXCESO,ALERTA_EXCESO,NORMAL,NORMAL
24015518,25745,SIMIJACA-24015518,CUNDINAMARCA,SIMIJACA,5.511925,-73.86016111,2026-07-24,749.4,ALERTA_SEQUIA,ALERTA_SEQUIA,SEQUIA_CRITICA,SEQUIA_CRITICA,SEQUIA_CRITICA
24015519,15686,SUAITA1-24015519,SANTANDER,SUAITA,6.099022222,-73.44255278,2026-07-24,2226.2999999999997,ALERTA_EXCESO,ALERTA_EXCESO,NORMAL,NORMAL,NORMAL
24017590,68572,PUENTE NACIONAL,SANTANDER,PUENTE NACIONAL,5.872777778,-73.67777778,2026-09-16,1947.8000000000002,NORMAL,NORMAL,NORMAL,NORMAL,NORMAL
24017600,15469,MONIQUIRA,BOYACÁ,MONIQUIRÁ,5.878138889,-73.57025,2026-09-16,2306.6,ALERTA_EXCESO,ALERTA_EXCESO,ALERTA_EXCESO,NORMAL,NORMAL
24017640,68524,LA CEIBA,SANTANDER,SOCORRO,6.448888889,-73.30694444,2026-09-16,1278.9999999999998,ALERTA_SEQUIA,ALERTA_SEQUIA,ALERTA_SEQUIA,SEQUIA_CRITICA,SEQUIA_CRITICA
24017707,15686,SAN BENITO-24017707,SANTANDER,SAN BENITO,6.118138889,-73.49328056,2026-07-24,0.0,SEQUIA_CRITICA,SEQUIA_CRITICA,SEQUIA_CRITICA,SEQUIA_CRITICA,SEQUIA_CRITICA
24017740,15407,PUENTE CHACON,BOYACÁ,VILLA DE LEIVA,5.677888889,-73.54213889,2026-09-04,1081.6,ALERTA_SEQUIA,ALERTA_SEQUIA,ALERTA_SEQUIA,SEQUIA_CRITICA,SEQUIA_CRITICA
24025030,15238,LA SIERRA,BOYACÁ,PAIPA,5.96708,-73.16202,2026-09-16,798.0,ALERTA_SEQUIA,ALERTA_SEQUIA,SEQUIA_CRITICA,SEQUIA_CRITICA,SEQUIA_CRITICA
24025090,68464,MOGOTES,SANTANDER,MOGOTES,6.47,-72.96888889,2026-09-16,1882.5,NORMAL,NORMAL,NORMAL,NORMAL,NORMAL
24025502,68498,CHARALA-24025502,SANTANDER,CHARALÁ,6.281416667,-73.13586944,2026-07-24,2630.8999999999996,ALERTA_EXCESO,ALERTA_EXCESO,ALERTA_EXCESO,NORMAL,NORMAL
24025503,68229,CURITI NO. 1,SANTANDER,CURITÍ,6.598361111,-73.05297222,2026-07-24,1229.1,ALERTA_SEQUIA,ALERTA_SEQUIA,ALERTA_SEQUIA,SEQUIA_CRITICA,SEQUIA_CRITICA
24025504,68264,ENCINO - ISAGEN,SANTANDER,ENCINO,6.14,-73.099,2026-07-24,2533.0,ALERTA_EXCESO,ALERTA_EXCESO,ALERTA_EXCESO,NORMAL,NORMAL
24025505,68464,ESC AGR MOGOTES,SANTANDER,MOGOTES,6.470027778,-72.97002778,2026-07-24,2183.8999999999996,ALERTA_EXCESO,ALERTA_EXCESO,NORMAL,NORMAL,NORMAL
24027070,68533,MERIDA,SANTANDER,PÁRAMO,6.44472222,-73.15833333,2026-09-16,2822.4,ALERTA_EXCESO,ALERTA_EXCESO,ALERTA_EXCESO,NORMAL,NORMAL
24030120,,,,,,,2026-09-16,72.8,SEQUIA_CRITICA,SEQUIA_CRITICA,SEQUIA_CRITICA,SEQUIA_CRITICA,SEQUIA_CRITICA
24030140,15740,SIACHOQUE,BOYACÁ,SIACHOQUE,5.5135,-73.243883333,2026-09-16,300.8,SEQUIA_CRITICA,SEQUIA_CRITICA,SEQUIA_CRITICA,SEQUIA_CRITICA,SEQUIA_CRITICA
24030560,,,,,,,2026-09-16,86.2,SEQUIA_CRITICA,SEQUIA_CRITICA,SEQUIA_CRITICA,SEQUIA_CRITICA,SEQUIA_CRITICA
24030680,68207,EL PARAMO,SANTANDER,CARCASÍ,6.81078,-72.55605,2026-04-02,384.2,SEQUIA_CRITICA,SEQUIA_CRITICA,SEQUIA_CRITICA,SEQUIA_CRITICA,SEQUIA_CRITICA
24030950,68432,MALAGA 2,SANTANDER,MÁLAGA,6.706388889,-72.72972222,2026-04-02,1011.8,ALERTA_SEQUIA,ALERTA_SEQUIA,ALERTA_SEQUIA,SEQUIA_CRITICA,SEQUIA_CRITICA
24035250,15183,CHITA,BOYACÁ,CHITA,6.18778,-72.46556,2026-09-16,641.3000000000001,ALERTA_SEQUIA,ALERTA_SEQUIA,SEQUIA_CRITICA,SEQUIA_CRITICA,SEQUIA_CRITICA
24035340,15272,AEROPUERTO A LLERAS C,BOYACÁ,SOGAMOSO,5.67694444,-72.96791667,2026-09-16,358.8,SEQUIA_CRITICA,SEQUIA_CRITICA,SEQUIA_CRITICA,SEQUIA_CRITICA,SEQUIA_CRITICA
24035360,15162,SOCHA,BOYACÁ,SOCHA,5.985416667,-72.99702778,2026-07-04,568.2,ALERTA_SEQUIA,ALERTA_SEQUIA,SEQUIA_CRITICA,SEQUIA_CRITICA,SEQUIA_CRITICA
24035370,15248,EL ESPINO,BOYACÁ,EL ESPINO,6.50675,-72.45275,2026-09-16,1377.7,ALERTA_SEQUIA,ALERTA_SEQUIA,ALERTA_SEQUIA,SEQUIA_CRITICA,SEQUIA_CRITICA
24035380,,,,,,,2026-04-02,46.300000000000004,SEQUIA_CRITICA,SEQUIA_CRITICA,SEQUIA_CRITICA,SEQUIA_CRITICA,SEQUIA_CRITICA
24035390,68162,PARAMO ALMORZADERO,SANTANDER,CERRITO,6.94539,-72.69633,2026-04-02,513.2,ALERTA_SEQUIA,ALERTA_SEQUIA,SEQUIA_CRITICA,SEQUIA_CRITICA,SEQUIA_CRITICA
24035410,15491,SOGAMOSO,BOYACÁ,SOGAMOSO,5.72647,-72.92067,2026-07-04,543.0,ALERTA_SEQUIA,ALERTA_SEQUIA,SEQUIA_CRITICA,SEQUIA_CRITICA,SEQUIA_CRITICA
24035430,15516,TUNGUAVITA,BOYACÁ,PAIPA,5.74583,-73.11636,2026-09-16,534.5,ALERTA_SEQUIA,ALERTA_SEQUIA,SEQUIA_CRITICA,SEQUIA_CRITICA,SEQUIA_CRITICA
24035502,68147,CAPITANEJO 1 COLTABACO,BOYACÁ,COVARACHÍA,6.517833333,-72.69319444,2026-07-24,666.8,ALERTA_SEQUIA,ALERTA_SEQUIA,SEQUIA_CRITICA,SEQUIA_CRITICA,SEQUIA_CRITICA
24035503,15215,CORRALES ACUEDUCTO,BOYACÁ,CORRALES,5.818416667,-72.84411111,2026-07-24,478.1,SEQUIA_CRITICA,SEQUIA_CRITICA,SEQUIA_CRITICA,SEQUIA_CRITICA,SEQUIA_CRITICA
24035505,15368,JERICÓ-24035505,BOYACÁ,JERICÓ,6.140444444,-72.59033333,2026-07-24,730.8000000000001,ALERTA_SEQUIA,ALERTA_SEQUIA,SEQUIA_CRITICA,SEQUIA_CRITICA,SEQUIA_CRITICA
24035506,15516,LA REFORMA-24035506,BOYACÁ,SOTAQUIRÁ,5.748722222,-73.18980556,2026-07-24,1496.7,ALERTA_SEQUIA,ALERTA_SEQUIA,NORMAL,SEQUIA_CRITICA,SEQUIA_CRITICA
24035507,15757,SOCHA,BOYACÁ,SOCHA,5.982444444,-72.71044444,2026-07-24,693.3,ALERTA_SEQUIA,ALERTA_SEQUIA,SEQUIA_CRITICA,SEQUIA_CRITICA,SEQUIA_CRITICA
24035508,15763,SAN ANTONIO-24035508,BOYACÁ,TUTA,5.698361111,-73.23536111,2026-07-24,702.9,ALERTA_SEQUIA,ALERTA_SEQUIA,SEQUIA_CRITICA,SEQUIA_CRITICA,SEQUIA_CRITICA
24035509,15839,SUSA-24035509,SANTANDER,ONZAGA,6.188611111,-72.83497222,2026-07-24,1423.3,ALERTA_SEQUIA,ALERTA_SEQUIA,NORMAL,SEQUIA_CRITICA,SEQUIA_CRITICA
24035510,15790,TASCO-24035510,BOYACÁ,TASCO,5.909277778,-72.78380556,2026-07-24,511.90000000000003,ALERTA_SEQUIA,ALERTA_SEQUIA,SEQUIA_CRITICA,SEQUIA_CRITICA,SEQUIA_CRITICA
24037030,15837,EL PALO,BOYACÁ,TUTA,5.681722222,-73.23113889,2026-09-16,387.6,SEQUIA_CRITICA,SEQUIA_CRITICA,SEQUIA_CRITICA,SEQUIA_CRITICA,SEQUIA_CRITICA
24037080,15542,LA GRUTA,BOYACÁ,PESCA,5.566972222,-73.04672222,2026-09-16,66.2,SEQUIA_CRITICA,SEQUIA_CRITICA,SEQUIA_CRITICA,SEQUIA_CRITICA,SEQUIA_CRITICA
24037190,15806,SAN RAFAEL,BOYACÁ,TIBASOSA,5.807611111,-73.01380556,2026-09-16,691.2,ALERTA_SEQUIA,ALERTA_SEQUIA,SEQUIA_CRITICA,SEQUIA_CRITICA,SEQUIA_CRITICA
24037290,15491,PUENTE CHAMEZA,BOYACÁ,SOGAMOSO,5.759888889,-72.90652778,2026-09-16,631.5999999999999,ALERTA_SEQUIA,ALERTA_SEQUIA,SEQUIA_CRITICA,SEQUIA_CRITICA,SEQUIA_CRITICA
24037490,15810,PUENTE TOTUMO  - AUT,BOYACÁ,BOAVITA,6.437972222,-72.63830556,2026-09-16,154.4,SEQUIA_CRITICA,SEQUIA_CRITICA,SEQUIA_CRITICA,SEQUIA_CRITICA,SEQUIA_CRITICA
24050070,68092,PUTANA LA,SANTANDER,SAN VICENTE DE CHUCURÍ,7.127166667,-73.52055556,2026-07-13,2512.2000000000003,ALERTA_EXCESO,ALERTA_EXCESO,ALERTA_EXCESO,NORMAL,NORMAL
24055070,68689,SAN  VICENTE DE CHUCURI  - AUT,SANTANDER,SAN VICENTE DE CHUCURÍ,6.823388889,-73.47205556,2026-09-16,719.4,ALERTA_SEQUIA,ALERTA_SEQUIA,SEQUIA_CRITICA,SEQUIA_CRITICA,SEQUIA_CRITICA
24055080,68081,VIZCAINA LA LIZAMA,SANTANDER,BARRANCABERMEJA,6.98297,-73.70489,2026-06-24,392.4,SEQUIA_CRITICA,SEQUIA_CRITICA,SEQUIA_CRITICA,SEQUIA_CRITICA,SEQUIA_CRITICA
24055503,68522,LA FUENTE,SANTANDER,PALMAR,6.5497,-73.291925,2026-07-24,1415.8000000000002,ALERTA_SEQUIA,ALERTA_SEQUIA,NORMAL,SEQUIA_CRITICA,SEQUIA_CRITICA
24055504,68895,ZAPATOCA-24055504,SANTANDER,ZAPATOCA,6.792763889,-73.27675,2026-07-24,1022.6,ALERTA_SEQUIA,ALERTA_SEQUIA,ALERTA_SEQUIA,SEQUIA_CRITICA,SEQUIA_CRITICA
24057070,68081,PUENTE FERROCARRIL CIENEGA,SANTANDER,BARRANCABERMEJA,7.109444444,-73.85472222,2026-09-16,309.59999999999997,SEQUIA_CRITICA,SEQUIA_CRITICA,SEQUIA_CRITICA,SEQUIA_CRITICA,SEQUIA_CRITICA
24065010,68575,HACIENDA LAS BRISAS,SANTANDER,PUERTO WILCHES,7.246111111,-73.79,2026-09-16,713.4,ALERTA_SEQUIA,ALERTA_SEQUIA,SEQUIA_CRITICA,SEQUIA_CRITICA,SEQUIA_CRITICA
25010010,23682,PUERTO LIBERTADOR,CORDOBA,PUERTO LIBERTADOR,7.89,-75.68,2026-08-25,1930.9,NORMAL,NORMAL,NORMAL,NORMAL,NORMAL
25017010,23350,MONTELIBANO,CORDOBA,MONTELÍBANO,7.987972222,-75.41733333,2026-09-16,665.0,ALERTA_SEQUIA,ALERTA_SEQUIA,SEQUIA_CRITICA,SEQUIA_CRITICA,SEQUIA_CRITICA
25017020,23580,SAN PEDRO,CORDOBA,PUERTO LIBERTADOR,7.851131,-75.706359,2026-09-16,1757.3999999999999,NORMAL,NORMAL,NORMAL,NORMAL,SEQUIA_CRITICA
25017030,23555,PICA PICA,CORDOBA,MONTELÍBANO,8.03,-75.68,2026-09-16,126.2,SEQUIA_CRITICA,SEQUIA_CRITICA,SEQUIA_CRITICA,SEQUIA_CRITICA,SEQUIA_CRITICA
25020140,23182,SAHAGUN,CORDOBA,SAHAGÚN,8.942184,-75.450724,2026-07-04,116.4,SEQUIA_CRITICA,SEQUIA_CRITICA,SEQUIA_CRITICA,SEQUIA_CRITICA,SEQUIA_CRITICA
25020430,23678,TREMENTINO,CORDOBA,MONTERÍA,8.716666667,-75.76666667,2026-05-27,1069.6000000000001,ALERTA_SEQUIA,ALERTA_SEQUIA,ALERTA_SEQUIA,SEQUIA_CRITICA,SEQUIA_CRITICA
25020440,70717,SAN PEDRO,SUCRE,SAN PEDRO,9.4,-75.02,2026-09-16,505.3,ALERTA_SEQUIA,ALERTA_SEQUIA,SEQUIA_CRITICA,SEQUIA_CRITICA,SEQUIA_CRITICA
25020470,70670,CHINU,CORDOBA,CHINÚ,9.117777778,-75.39333333,2026-07-24,1021.7,ALERTA_SEQUIA,ALERTA_SEQUIA,ALERTA_SEQUIA,SEQUIA_CRITICA,SEQUIA_CRITICA
25020600,23570,HDA SAJONIA - LA MOJANA TX GPRS/GOES,CÓRDOBA,PUEBLO NUEVO,8.49,-75.601,2026-09-16,1080.1,ALERTA_SEQUIA,ALERTA_SEQUIA,ALERTA_SEQUIA,SEQUIA_CRITICA,SEQUIA_CRITICA
25021210,,,,,,,2026-09-16,55.2,SEQUIA_CRITICA,SEQUIA_CRITICA,SEQUIA_CRITICA,SEQUIA_CRITICA,SEQUIA_CRITICA
25021480,5495,LA ESPERANZA RADIO,ANTIOQUIA,NECHÍ,8.03,-74.79,2026-07-18,1894.0,NORMAL,NORMAL,NORMAL,NORMAL,NORMAL
25025002,47703,LOS ALAMOS,MAGDALENA,SAN SEBASTIÁN DE BUENAVISTA,9.304,-74.274,2026-09-16,708.9,ALERTA_SEQUIA,ALERTA_SEQUIA,SEQUIA_CRITICA,SEQUIA_CRITICA,SEQUIA_CRITICA
25025030,23068,AYAPEL,CORDOBA,AYAPEL,8.295063889,-75.16455556,2026-07-04,2231.6,ALERTA_EXCESO,ALERTA_EXCESO,NORMAL,NORMAL,NORMAL
25025100,70110,AEROPUERTO BARACOA,BOLIVAR,MAGANGUÉ,9.281944444,-74.84527778,2026-09-16,1130.4,ALERTA_SEQUIA,ALERTA_SEQUIA,ALERTA_SEQUIA,SEQUIA_CRITICA,SEQUIA_CRITICA
25025190,23570,PLANETA RICA,CORDOBA,PLANETA RICA,8.399333333,-75.58372222,2026-09-16,929.3,ALERTA_SEQUIA,ALERTA_SEQUIA,ALERTA_SEQUIA,SEQUIA_CRITICA,SEQUIA_CRITICA
25025240,13006,MAJAGUAL,BOLIVAR,ACHÍ,8.544,-74.543,2026-09-16,2585.5,ALERTA_EXCESO,ALERTA_EXCESO,ALERTA_EXCESO,NORMAL,NORMAL
25025250,,,,,,,2026-09-16,349.2,SEQUIA_CRITICA,SEQUIA_CRITICA,SEQUIA_CRITICA,SEQUIA_CRITICA,SEQUIA_CRITICA
25025270,70001,UNISUCRE,SUCRE,SAMPUÉS,9.316388889,-75.3875,2026-09-16,1062.2,ALERTA_SEQUIA,ALERTA_SEQUIA,ALERTA_SEQUIA,SEQUIA_CRITICA,SEQUIA_CRITICA
25025280,70473,EL TESORO IDEAM,SUCRE,MORROA,9.357083333,-75.28925,2026-09-16,1043.5,ALERTA_SEQUIA,ALERTA_SEQUIA,ALERTA_SEQUIA,SEQUIA_CRITICA,SEQUIA_CRITICA
25025330,20517,COLEGIO AGROPECUARIO PAILITAS,CESAR,PAILITAS,8.95422222,-73.63008333,2026-09-16,14.2,SEQUIA_CRITICA,SEQUIA_CRITICA,SEQUIA_CRITICA,SEQUIA_CRITICA,SEQUIA_CRITICA
25025340,70708,SAN MARCOS,SUCRE,SAN MARCOS,8.596833333,-75.14269444,2026-04-02,524.3,ALERTA_SEQUIA,ALERTA_SEQUIA,SEQUIA_CRITICA,SEQUIA_CRITICA,SEQUIA_CRITICA
25025380,70235,SAN BENITO,SUCRE,SAN BENITO ABAD,9.163888889,-75.04472222,2026-09-16,1247.2,ALERTA_SEQUIA,ALERTA_SEQUIA,ALERTA_SEQUIA,SEQUIA_CRITICA,SEQUIA_CRITICA
25027020,13300,EL BANCO,MAGDALENA,EL BANCO,8.992527778,-73.96944444,2026-09-16,847.4,ALERTA_SEQUIA,ALERTA_SEQUIA,SEQUIA_CRITICA,SEQUIA_CRITICA,SEQUIA_CRITICA
25027050,5154,MARGENTO,ANTIOQUIA,CAUCASIA,8.036666944,-74.952719444,2026-09-16,1489.8,ALERTA_SEQUIA,ALERTA_SEQUIA,NORMAL,SEQUIA_CRITICA,SEQUIA_CRITICA
25027180,13430,SAN ANTONIO,BOLIVAR,MAGANGUÉ,9.039,-74.768,2026-09-16,1076.5,ALERTA_SEQUIA,ALERTA_SEQUIA,ALERTA_SEQUIA,SEQUIA_CRITICA,SEQUIA_CRITICA
25027200,70265,LAS VARAS,BOLÍVAR,SAN JACINTO DEL CAUCA,8.387,-74.563,2026-09-16,2277.1,ALERTA_EXCESO,ALERTA_EXCESO,NORMAL,NORMAL,NORMAL
25027240,70678,JEGUA,SUCRE,SAN BENITO ABAD,8.906,-74.966,2026-09-16,1189.0,ALERTA_SEQUIA,ALERTA_SEQUIA,ALERTA_SEQUIA,SEQUIA_CRITICA,SEQUIA_CRITICA
25027270,13655,LAS FLORES,ANTIOQUIA,NECHÍ,8.101236111,-74.777633333,2026-09-16,2348.2,ALERTA_EXCESO,ALERTA_EXCESO,ALERTA_EXCESO,NORMAL,NORMAL
25027450,13894,PLATO MAGDALENA,MAGDALENA,PLATO,9.787777778,-74.80583333,2026-06-19,2297.7,ALERTA_EXCESO,ALERTA_EXCESO,NORMAL,NORMAL,NORMAL
25027760,23068,BEIRUT,CORDOBA,AYAPEL,8.302222222,-75.13388889,2026-09-16,995.1,ALERTA_SEQUIA,ALERTA_SEQUIA,ALERTA_SEQUIA,SEQUIA_CRITICA,SEQUIA_CRITICA
25027770,23068,MARRALU,CORDOBA,AYAPEL,8.31,-75.24,2026-09-16,1164.0,ALERTA_SEQUIA,ALERTA_SEQUIA,ALERTA_SEQUIA,SEQUIA_CRITICA,SEQUIA_CRITICA
25027910,70265,LA RAYA,BOLIVAR,SAN JACINTO DEL CAUCA,8.340939,-74.557072,2026-09-16,2477.5,ALERTA_EXCESO,ALERTA_EXCESO,ALERTA_EXCESO,NORMAL,NORMAL
26015010,19001,EL TABLAZO,CAUCA,POPAYÁN,2.474833056,-76.58129361,2026-04-03,724.6,ALERTA_SEQUIA,ALERTA_SEQUIA,SEQUIA_CRITICA,SEQUIA_CRITICA,SEQUIA_CRITICA
26015030,19585,PNN PURACE,CAUCA,PURACÉ,2.356848889,-76.403544444,2026-04-03,519.6,ALERTA_SEQUIA,ALERTA_SEQUIA,SEQUIA_CRITICA,SEQUIA_CRITICA,SEQUIA_CRITICA
26015040,19824,ARRAYANALES,CAUCA,POPAYÁN,2.448041111,-76.43574694,2026-09-16,132.0,SEQUIA_CRITICA,SEQUIA_CRITICA,SEQUIA_CRITICA,SEQUIA_CRITICA,SEQUIA_CRITICA
26015050,19585,PALETARA,CAUCA,PURACÉ,2.191722222,-76.482027778,2026-04-03,588.8,ALERTA_SEQUIA,ALERTA_SEQUIA,SEQUIA_CRITICA,SEQUIA_CRITICA,SEQUIA_CRITICA
26017060,19585,PUENTE ARAGON,CAUCA,PURACÉ,2.2,-76.5,2026-02-11,107.2,SEQUIA_CRITICA,SEQUIA_CRITICA,SEQUIA_CRITICA,SEQUIA_CRITICA,SEQUIA_CRITICA
26027200,19001,PUENTE CARRETERA,CAUCA,POPAYÁN,2.53675,-76.558444444,2026-04-03,14.0,SEQUIA_CRITICA,SEQUIA_CRITICA,SEQUIA_CRITICA,SEQUIA_CRITICA,SEQUIA_CRITICA
26055100,76001,FARALLONES,VALLE DEL CAUCA,CALI,3.416055556,-76.6515,2026-09-16,3621.0,ALERTA_EXCESO,ALERTA_EXCESO,ALERTA_EXCESO,ALERTA_EXCESO,ALERTA_EXCESO
26055110,76364,LA INDEPENDENCIA,VALLE DEL CAUCA,JAMUNDÍ,3.185361111,-76.569305556,2026-09-16,816.4,ALERTA_SEQUIA,ALERTA_SEQUIA,SEQUIA_CRITICA,SEQUIA_CRITICA,SEQUIA_CRITICA
26055120,76001,UNIVERSIDAD DEL VALLE,VALLE DEL CAUCA,CALI,3.378,-76.53388889,2026-09-16,1074.1000000000001,ALERTA_SEQUIA,ALERTA_SEQUIA,ALERTA_SEQUIA,SEQUIA_CRITICA,SEQUIA_CRITICA
26075120,76275,LA DIANA,VALLE DEL CAUCA,FLORIDA,3.314055556,-76.18569444,2026-09-16,874.8,ALERTA_SEQUIA,ALERTA_SEQUIA,SEQUIA_CRITICA,SEQUIA_CRITICA,SEQUIA_CRITICA
26075150,76892,AEROPUERTO A. BONILLA,VALLE DEL CAUCA,PALMIRA,3.532991667,-76.3825,2026-09-16,1876.9,NORMAL,NORMAL,NORMAL,NORMAL,NORMAL
26085160,76001,SILOE,VALLE DEL CAUCA,CALI,3.4255,-76.56061111,2026-09-16,870.3000000000001,ALERTA_SEQUIA,ALERTA_SEQUIA,SEQUIA_CRITICA,SEQUIA_CRITICA,SEQUIA_CRITICA
26085170,76001,BASE AEREA MARCO FIDEL SUAREZ,VALLE DEL CAUCA,CALI,3.454414,-76.499948,2026-09-16,71.7,SEQUIA_CRITICA,SEQUIA_CRITICA,SEQUIA_CRITICA,SEQUIA_CRITICA,SEQUIA_CRITICA
26105240,76111,EL PLACER,VALLE DEL CAUCA,BUGA,3.879111111,-76.100555556,2026-09-16,296.6,SEQUIA_CRITICA,SEQUIA_CRITICA,SEQUIA_CRITICA,SEQUIA_CRITICA,SEQUIA_CRITICA
26105250,76147,ZARAGOZA,VALLE DEL CAUCA,CARTAGO,4.689777778,-75.92519444,2026-09-16,897.9,ALERTA_SEQUIA,ALERTA_SEQUIA,SEQUIA_CRITICA,SEQUIA_CRITICA,SEQUIA_CRITICA
26115090,76054,LAS BRISAS,VALLE DEL CAUCA,ARGELIA,4.775583333,-76.144277778,2026-07-03,453.40000000000003,SEQUIA_CRITICA,SEQUIA_CRITICA,SEQUIA_CRITICA,SEQUIA_CRITICA,SEQUIA_CRITICA
26125061,63401,AEROPUERTO EL EDEN -,QUINDÍO,ARMENIA,4.45472222,-75.76638889,2026-09-16,3296.319,ALERTA_EXCESO,ALERTA_EXCESO,ALERTA_EXCESO,ALERTA_EXCESO,ALERTA_EXCESO
26125300,63130,CALARCA,QUINDÍO,CALARCÁ,4.528305556,-75.59638889,2026-09-16,1162.3,ALERTA_SEQUIA,ALERTA_SEQUIA,ALERTA_SEQUIA,SEQUIA_CRITICA,SEQUIA_CRITICA
26125710,66001,AEROPUERTO MATECANA,RISARALDA,PEREIRA,4.812675,-75.739519444,2026-09-16,5771.2,ALERTA_EXCESO,ALERTA_EXCESO,ALERTA_EXCESO,ALERTA_EXCESO,ALERTA_EXCESO
26127010,63401,EL ALAMBRADO,QUINDÍO,LA TEBAIDA,4.41025,-75.875388889,2026-09-16,2521.6,ALERTA_EXCESO,ALERTA_EXCESO,ALERTA_EXCESO,NORMAL,NORMAL
26127040,76147,CARTAGO,RISARALDA,PEREIRA,4.757611111,-75.89925,2026-09-16,0.0,SEQUIA_CRITICA,SEQUIA_CRITICA,SEQUIA_CRITICA,SEQUIA_CRITICA,SEQUIA_CRITICA
26135300,66682,PNN QUIMBAYA,RISARALDA,PEREIRA,4.728583056,-75.578222222,2026-09-16,1125.4,ALERTA_SEQUIA,ALERTA_SEQUIA,ALERTA_SEQUIA,SEQUIA_CRITICA,SEQUIA_CRITICA
26135320,17873,NEVADO SANTA ISABEL,CALDAS,VILLAMARIA,4.802611111,-75.380472222,2026-04-03,654.4,ALERTA_SEQUIA,ALERTA_SEQUIA,SEQUIA_CRITICA,SEQUIA_CRITICA,SEQUIA_CRITICA
26135330,66682,LA LAGUNA DEL OTUN,RISARALDA,PEREIRA,4.776361111,-75.4125,2026-04-03,819.5,ALERTA_SEQUIA,ALERTA_SEQUIA,SEQUIA_CRITICA,SEQUIA_CRITICA,SEQUIA_CRITICA
26137220,63272,EL RETEN,RISARALDA,PEREIRA,4.728194444,-75.603444444,2026-09-16,1407.1,ALERTA_SEQUIA,ALERTA_SEQUIA,NORMAL,SEQUIA_CRITICA,SEQUIA_CRITICA
26145090,66088,SANTA EMILIA,RISARALDA,BELÉN DE UMBRÍA,5.207472222,-75.90294444,2026-04-02,1139.3,ALERTA_SEQUIA,ALERTA_SEQUIA,ALERTA_SEQUIA,SEQUIA_CRITICA,SEQUIA_CRITICA
26147140,17088,PUENTE NEGRO,CALDAS,BELALCAZAR,4.987944444,-75.85891667,2026-09-16,1787.0,NORMAL,NORMAL,NORMAL,NORMAL,SEQUIA_CRITICA
26155110,17001,AEROPUERTO LA NUBIA,CALDAS,MANIZALES,5.029777778,-75.469916667,2026-09-16,395.0,SEQUIA_CRITICA,SEQUIA_CRITICA,SEQUIA_CRITICA,SEQUIA_CRITICA,SEQUIA_CRITICA
26155150,17873,LAS BRISAS,CALDAS,VILLAMARIA,4.934527778,-75.35038889,2026-09-16,663.0,ALERTA_SEQUIA,ALERTA_SEQUIA,SEQUIA_CRITICA,SEQUIA_CRITICA,SEQUIA_CRITICA
26155170,17001,TESORITO FINCA,CALDAS,MANIZALES,5.032222222,-75.43833333,2026-09-16,1347.3,ALERTA_SEQUIA,ALERTA_SEQUIA,ALERTA_SEQUIA,SEQUIA_CRITICA,SEQUIA_CRITICA
26155240,17873,PNN NEVADOS,CALDAS,VILLAMARIA,4.859444444,-75.38241667,2026-04-03,336.5,SEQUIA_CRITICA,SEQUIA_CRITICA,SEQUIA_CRITICA,SEQUIA_CRITICA,SEQUIA_CRITICA
26155250,17873,PARAMO CONEJERAS,CALDAS,VILLAMARIA,4.829805556,-75.37583333,2026-04-02,1111.3,ALERTA_SEQUIA,ALERTA_SEQUIA,ALERTA_SEQUIA,SEQUIA_CRITICA,SEQUIA_CRITICA
26155260,17873,SENDERO LAGUNA VERDE,CALDAS,VILLAMARIA,4.840666667,-75.36161111,2026-04-02,865.8000000000001,ALERTA_SEQUIA,ALERTA_SEQUIA,SEQUIA_CRITICA,SEQUIA_CRITICA,SEQUIA_CRITICA
26155270,17873,SAN ANTONIO CALDAS,CALDAS,VILLAMARIA,4.886611111,-75.428972222,2026-04-03,1128.0,ALERTA_SEQUIA,ALERTA_SEQUIA,ALERTA_SEQUIA,SEQUIA_CRITICA,SEQUIA_CRITICA
26157190,17873,RIO CLARO,CALDAS,VILLAMARIA,4.900916667,-75.45111111,2026-03-25,186.4,SEQUIA_CRITICA,SEQUIA_CRITICA,SEQUIA_CRITICA,SEQUIA_CRITICA,SEQUIA_CRITICA
26167070,66594,IRRA,CALDAS,NEIRA,5.268305556,-75.66419444,2026-03-11,411.2,SEQUIA_CRITICA,SEQUIA_CRITICA,SEQUIA_CRITICA,SEQUIA_CRITICA,SEQUIA_CRITICA
26175040,5390,HACIENDA TUNEZ,ANTIOQUIA,FREDONIA,5.80025,-75.65097222,2026-09-16,1296.9,ALERTA_SEQUIA,ALERTA_SEQUIA,ALERTA_SEQUIA,SEQUIA_CRITICA,SEQUIA_CRITICA
26177030,66400,LA VIRGINIA,RISARALDA,LA VIRGINIA,4.8925,-75.882694444,2026-09-16,5425.771,ALERTA_EXCESO,ALERTA_EXCESO,ALERTA_EXCESO,ALERTA_EXCESO,ALERTA_EXCESO
26180180,5483,SONSON,ANTIOQUIA,SONSÓN,5.71525,-75.2945,2026-09-16,1243.0,ALERTA_SEQUIA,ALERTA_SEQUIA,ALERTA_SEQUIA,SEQUIA_CRITICA,SEQUIA_CRITICA
26180250,17653,VALLE ALTO,CALDAS,SALAMINA,5.35,-75.31777778,2026-09-16,241.4,SEQUIA_CRITICA,SEQUIA_CRITICA,SEQUIA_CRITICA,SEQUIA_CRITICA,SEQUIA_CRITICA
26185020,5400,MESOPOTAMIA,ANTIOQUIA,LA UNIÓN,5.88636111,-75.31863889,2026-09-16,4214.200000000001,ALERTA_EXCESO,ALERTA_EXCESO,ALERTA_EXCESO,ALERTA_EXCESO,ALERTA_EXCESO
26185050,5679,SANTA BARBARA,ANTIOQUIA,SANTA BÁRBARA,5.859583333,-75.55627778,2026-09-16,923.6,ALERTA_SEQUIA,ALERTA_SEQUIA,ALERTA_SEQUIA,SEQUIA_CRITICA,SEQUIA_CRITICA
26187040,5390,QUITASUENO  - AUT,CALDAS,AGUADAS,5.721138889,-75.55258333,2026-09-16,124.2,SEQUIA_CRITICA,SEQUIA_CRITICA,SEQUIA_CRITICA,SEQUIA_CRITICA,SEQUIA_CRITICA
26207030,5282,PUENTE IGLESIAS,ANTIOQUIA,FREDONIA,5.829944444,-75.7055,2026-09-16,958.2,ALERTA_SEQUIA,ALERTA_SEQUIA,ALERTA_SEQUIA,SEQUIA_CRITICA,SEQUIA_CRITICA
26207080,5861,BOLOMBOLO,ANTIOQUIA,VENECIA,5.97,-75.84,2026-09-16,5057.0,ALERTA_EXCESO,ALERTA_EXCESO,ALERTA_EXCESO,ALERTA_EXCESO,ALERTA_EXCESO
26217010,5042,LA GALERA,ANTIOQUIA,SANTA FE DE ANTIOQUIA,6.554972222,-75.86419444,2026-09-16,589.0,ALERTA_SEQUIA,ALERTA_SEQUIA,SEQUIA_CRITICA,SEQUIA_CRITICA,SEQUIA_CRITICA
26225060,5042,HACIENDA COTOVE,ANTIOQUIA,SANTA FE DE ANTIOQUIA,6.533916667,-75.82733333,2026-09-16,590.2,ALERTA_SEQUIA,ALERTA_SEQUIA,SEQUIA_CRITICA,SEQUIA_CRITICA,SEQUIA_CRITICA
26237040,5854,PTO VALDIVIA,ANTIOQUIA,VALDIVIA,7.287,-75.396,2026-09-16,1743.6999999999998,NORMAL,NORMAL,NORMAL,NORMAL,SEQUIA_CRITICA
26237100,5501,OLAYA,ANTIOQUIA,LIBORINA,6.64494444,-75.82616667,2026-09-16,809.8,ALERTA_SEQUIA,ALERTA_SEQUIA,SEQUIA_CRITICA,SEQUIA_CRITICA,SEQUIA_CRITICA
26247010,5120,HACIENDA PALMIRA,ANTIOQUIA,CÁCERES,7.796777778,-75.37252778,2026-09-16,2343.6,ALERTA_EXCESO,ALERTA_EXCESO,ALERTA_EXCESO,NORMAL,NORMAL
26247020,23350,LA COQUERA,ANTIOQUIA,CAUCASIA,7.96,-75.2,2026-09-16,1691.5,NORMAL,NORMAL,NORMAL,NORMAL,SEQUIA_CRITICA
26255030,5854,SANTA ISABEL VALDIVIA,ANTIOQUIA,VALDIVIA,7.157222222,-75.442275,2026-07-04,4486.3,ALERTA_EXCESO,ALERTA_EXCESO,ALERTA_EXCESO,ALERTA_EXCESO,ALERTA_EXCESO
27010810,5266,SANTA ELENA,ANTIOQUIA,MEDELLÍN,6.196888889,-75.51675,2026-09-16,2480.1,ALERTA_EXCESO,ALERTA_EXCESO,ALERTA_EXCESO,NORMAL,NORMAL
27011100,5736,LAS BRISAS,ANTIOQUIA,SEGOVIA,7.158805556,-74.82183333,2026-09-16,3802.1,ALERTA_EXCESO,ALERTA_EXCESO,ALERTA_EXCESO,ALERTA_EXCESO,ALERTA_EXCESO
27015190,5690,GUAYABITO,ANTIOQUIA,SANTO DOMINGO,6.540388889,-75.14675,2026-09-16,6202.700000000001,ALERTA_EXCESO,ALERTA_EXCESO,ALERTA_EXCESO,ALERTA_EXCESO,ALERTA_EXCESO
27015260,5129,LA SALADA,ANTIOQUIA,CALDAS,6.048361111,-75.62466667,2026-09-16,2641.7000000000003,ALERTA_EXCESO,ALERTA_EXCESO,ALERTA_EXCESO,NORMAL,NORMAL
27015280,5086,PARAMO BELMIRA,ANTIOQUIA,ENTRERRIOS,6.632027778,-75.64444444,2026-08-20,0.0,SEQUIA_CRITICA,SEQUIA_CRITICA,SEQUIA_CRITICA,SEQUIA_CRITICA,SEQUIA_CRITICA
27015310,5088,METROMEDELLIN,ANTIOQUIA,BELLO,6.32975,-75.55211111,2026-09-16,21.2,SEQUIA_CRITICA,SEQUIA_CRITICA,SEQUIA_CRITICA,SEQUIA_CRITICA,SEQUIA_CRITICA
27015320,5658,ARAGON,ANTIOQUIA,SANTA ROSA DE OSOS,6.78,-75.56,2026-09-16,1039.1,ALERTA_SEQUIA,ALERTA_SEQUIA,ALERTA_SEQUIA,SEQUIA_CRITICA,SEQUIA_CRITICA
27015330,5001,AEROPUERTO OLAYA HERRERA,ANTIOQUIA,MEDELLÍN,6.2246389,-75.5882,2026-09-16,2588.191,ALERTA_EXCESO,ALERTA_EXCESO,ALERTA_EXCESO,NORMAL,NORMAL
27025030,5040,ANORI,ANTIOQUIA,ANORÍ,7.0719,-75.1505,2026-09-16,1929.3,NORMAL,NORMAL,NORMAL,NORMAL,NORMAL
27027060,5038,BRISAS DEL NECHI,ANTIOQUIA,ANGOSTURA,6.939694444,-75.38083333,2026-09-16,362.0,SEQUIA_CRITICA,SEQUIA_CRITICA,SEQUIA_CRITICA,SEQUIA_CRITICA,SEQUIA_CRITICA
27030140,5736,LA PALMA DE COCO,ANTIOQUIA,SEGOVIA,7.236111111,-74.80794444,2026-09-16,2182.8,ALERTA_EXCESO,ALERTA_EXCESO,NORMAL,NORMAL,NORMAL
27035050,5895,SENA - EL BAGRE,ANTIOQUIA,EL BAGRE,7.584666667,-74.800694444,2026-09-16,3716.2000000000003,ALERTA_EXCESO,ALERTA_EXCESO,ALERTA_EXCESO,ALERTA_EXCESO,ALERTA_EXCESO
27037010,5495,LA ESPERANZA NECHI,ANTIOQUIA,NECHÍ,8.03,-74.786,2026-09-16,1095.0,ALERTA_SEQUIA,ALERTA_SEQUIA,ALERTA_SEQUIA,SEQUIA_CRITICA,SEQUIA_CRITICA
27037020,5895,RETIRO EL,ANTIOQUIA,EL BAGRE,7.56,-74.799,2026-07-23,3487.6,ALERTA_EXCESO,ALERTA_EXCESO,ALERTA_EXCESO,ALERTA_EXCESO,ALERTA_EXCESO
28010200,,,,,,,2026-07-04,22.200000000000003,SEQUIA_CRITICA,SEQUIA_CRITICA,SEQUIA_CRITICA,SEQUIA_CRITICA,SEQUIA_CRITICA
28015070,44874,URUMITA,LA GUAJIRA,URUMITA,10.566,-73.016,2026-09-16,538.4,ALERTA_SEQUIA,ALERTA_SEQUIA,SEQUIA_CRITICA,SEQUIA_CRITICA,SEQUIA_CRITICA
28017150,,,,,,,2026-09-16,5.5,SEQUIA_CRITICA,SEQUIA_CRITICA,SEQUIA_CRITICA,SEQUIA_CRITICA,SEQUIA_CRITICA
28025120,20013,SERRANIA DEL PERIJA,CESAR,AGUSTÍN CODAZZI,10.02908333,-73.04619444,2026-04-03,164.0,SEQUIA_CRITICA,SEQUIA_CRITICA,SEQUIA_CRITICA,SEQUIA_CRITICA,SEQUIA_CRITICA
28025502,44420,AEROPUERTO ALFONSO LOPEZ -,CESAR,VALLEDUPAR,10.43616667,-73.24766667,2026-09-16,402.82,SEQUIA_CRITICA,SEQUIA_CRITICA,SEQUIA_CRITICA,SEQUIA_CRITICA,SEQUIA_CRITICA
28030190,,,,,,,2026-09-16,483.8,SEQUIA_CRITICA,SEQUIA_CRITICA,SEQUIA_CRITICA,SEQUIA_CRITICA,SEQUIA_CRITICA
28035060,44420,FEDEARROZ,CESAR,VALLEDUPAR,10.46361111,-73.24805556,2026-09-16,412.00000000000006,SEQUIA_CRITICA,SEQUIA_CRITICA,SEQUIA_CRITICA,SEQUIA_CRITICA,SEQUIA_CRITICA
28035070,44650,GUATAPURI,CESAR,VALLEDUPAR,10.73213889,-73.39241667,2026-09-16,612.2,ALERTA_SEQUIA,ALERTA_SEQUIA,SEQUIA_CRITICA,SEQUIA_CRITICA,SEQUIA_CRITICA
28037030,44420,PUENTE SALGUERO,CESAR,VALLEDUPAR,10.38411111,-73.23247222,2026-09-16,9.2,SEQUIA_CRITICA,SEQUIA_CRITICA,SEQUIA_CRITICA,SEQUIA_CRITICA,SEQUIA_CRITICA
29004520,8001,ESCUELA NAVAL BARRANQUILLA,ATLANTICO,BARRANQUILLA,11.00638889,-74.785,2026-09-12,522.6999999999999,ALERTA_SEQUIA,ALERTA_SEQUIA,SEQUIA_CRITICA,SEQUIA_CRITICA,SEQUIA_CRITICA
29015000,13248,EL GUAMO,BOLIVAR,EL GUAMO,10.034607,-74.976638,2026-09-16,720.46,ALERTA_SEQUIA,ALERTA_SEQUIA,SEQUIA_CRITICA,SEQUIA_CRITICA,SEQUIA_CRITICA
29015040,13244,CARMEN DE BOLIVAR,BOLIVAR,EL CARMÉN DE BOLÍVAR,9.71569,-75.106448,2026-09-16,777.0,ALERTA_SEQUIA,ALERTA_SEQUIA,SEQUIA_CRITICA,SEQUIA_CRITICA,SEQUIA_CRITICA
29035000,13052,SINCERIN,BOLIVAR,ARJONA,10.14258333,-75.27827778,2026-09-16,871.9000000000001,ALERTA_SEQUIA,ALERTA_SEQUIA,SEQUIA_CRITICA,SEQUIA_CRITICA,SEQUIA_CRITICA
29035080,8436,NORMAL MANATI,ATLANTICO,MANATÍ,10.45358333,-74.95463889,2026-09-16,731.0,ALERTA_SEQUIA,ALERTA_SEQUIA,SEQUIA_CRITICA,SEQUIA_CRITICA,SEQUIA_CRITICA
29035200,8606,REPELON,ATLANTICO,REPELÓN,10.49,-75.12694444,2026-09-16,263.5,SEQUIA_CRITICA,SEQUIA_CRITICA,SEQUIA_CRITICA,SEQUIA_CRITICA,SEQUIA_CRITICA
29045000,8520,SABANALARGA,ATLANTICO,PONEDERA,10.677485,-74.850417,2026-09-16,665.16,ALERTA_SEQUIA,ALERTA_SEQUIA,SEQUIA_CRITICA,SEQUIA_CRITICA,SEQUIA_CRITICA
29045190,8758,AEROPUERTO E. CORTISSOZ,ATLANTICO,SOLEDAD,10.91777778,-74.77972222,2026-09-16,412.51,SEQUIA_CRITICA,SEQUIA_CRITICA,SEQUIA_CRITICA,SEQUIA_CRITICA,SEQUIA_CRITICA
29047000,8758,TEBSA BQUILLA,ATLANTICO,SOLEDAD,10.935994,-74.761809,2026-09-16,434.2,SEQUIA_CRITICA,SEQUIA_CRITICA,SEQUIA_CRITICA,SEQUIA_CRITICA,SEQUIA_CRITICA
29047070,8770,SAN PEDRITO,ATLANTICO,SUAN,10.26822222,-74.90786111,2026-09-16,1156.0,ALERTA_SEQUIA,ALERTA_SEQUIA,ALERTA_SEQUIA,SEQUIA_CRITICA,SEQUIA_CRITICA
29065000,47551,MEDIA LUNA,MAGDALENA,PIVIJAI,10.51002778,-74.50666667,2026-09-16,1052.2,ALERTA_SEQUIA,ALERTA_SEQUIA,ALERTA_SEQUIA,SEQUIA_CRITICA,SEQUIA_CRITICA
29065120,47288,BATALLON NO. 6,MAGDALENA,FUNDACIÓN,10.46536111,-73.92777778,2026-09-16,514.0,ALERTA_SEQUIA,ALERTA_SEQUIA,SEQUIA_CRITICA,SEQUIA_CRITICA,SEQUIA_CRITICA
29065130,47980,LA GRAN VIA,MAGDALENA,ZONA BANANERA,10.85,-74.13333333,2026-08-20,137.89999999999998,SEQUIA_CRITICA,SEQUIA_CRITICA,SEQUIA_CRITICA,SEQUIA_CRITICA,SEQUIA_CRITICA
29067060,47030,PUERTO RICO HACIENDA,MAGDALENA,ARACATACA,10.496596,-74.128263,2026-09-16,186.1,SEQUIA_CRITICA,SEQUIA_CRITICA,SEQUIA_CRITICA,SEQUIA_CRITICA,SEQUIA_CRITICA
29067150,47268,GANADERIA CARIBE,MAGDALENA,ARACATACA,10.572415,-74.122212,2026-09-16,1013.2,ALERTA_SEQUIA,ALERTA_SEQUIA,ALERTA_SEQUIA,SEQUIA_CRITICA,SEQUIA_CRITICA
31095030,94001,PTO INIRIDA,GUAINÍA,INÍRIDA,3.868,-67.932,2026-09-16,3038.8,ALERTA_EXCESO,ALERTA_EXCESO,ALERTA_EXCESO,ALERTA_EXCESO,ALERTA_EXCESO
32105080,50450,SAN JOSE DEL GUAVIARE,GUAVIARE,SAN JOSÉ DEL GUAVIARE,2.547925,-72.71803,2026-09-16,1106.7,ALERTA_SEQUIA,ALERTA_SEQUIA,ALERTA_SEQUIA,SEQUIA_CRITICA,SEQUIA_CRITICA
33035010,85230,CARIMAGUA,META,PUERTO GAITÁN,4.571298,-71.33571,2026-09-16,1326.2,ALERTA_SEQUIA,ALERTA_SEQUIA,ALERTA_SEQUIA,SEQUIA_CRITICA,SEQUIA_CRITICA
34015010,99624,LAS GAVIOTAS,VICHADA,CUMARIBO,4.553891,-70.930225,2026-09-16,2584.3,ALERTA_EXCESO,ALERTA_EXCESO,ALERTA_EXCESO,NORMAL,NORMAL
34035010,99001,TUPARRO BOCAS - TOMO,VICHADA,CUMARIBO,5.3526389,-67.856777,2026-09-16,998.2,ALERTA_SEQUIA,ALERTA_SEQUIA,ALERTA_SEQUIA,SEQUIA_CRITICA,SEQUIA_CRITICA
35010010,,,,,,,2026-09-16,1605.9,NORMAL,NORMAL,NORMAL,NORMAL,SEQUIA_CRITICA
35017020,50124,PUENTE LLERAS,META,PUERTO LÓPEZ,4.103019444,-72.936383333,2026-09-16,1855.5,NORMAL,NORMAL,NORMAL,NORMAL,NORMAL
35020300,25281,GUTIERREZ,CUNDINAMARCA,GUTIÉRREZ,4.253916667,-74.00269444,2026-09-16,1612.7,NORMAL,NORMAL,NORMAL,NORMAL,SEQUIA_CRITICA
35025060,25181,BOLSA LA,CUNDINAMARCA,CHOACHÍ,4.57541667,-73.98141667,2026-07-07,673.8,ALERTA_SEQUIA,ALERTA_SEQUIA,SEQUIA_CRITICA,SEQUIA_CRITICA,SEQUIA_CRITICA
35025080,25377,PNN CHINGAZA,CUNDINAMARCA,LA CALERA,4.661,-73.82733,2026-09-16,1202.3,ALERTA_SEQUIA,ALERTA_SEQUIA,ALERTA_SEQUIA,SEQUIA_CRITICA,SEQUIA_CRITICA
35025110,50001,LA LIBERTAD,META,VILLAVICENCIO,4.057361111,-73.46791667,2026-09-16,2552.4,ALERTA_EXCESO,ALERTA_EXCESO,ALERTA_EXCESO,NORMAL,NORMAL
35027001,25151,CAQUEZA PLAZA DE FERIAS - TXGPRS,CUNDINAMARCA,CÁQUEZA,4.403,-73.941,2026-09-16,474.9,SEQUIA_CRITICA,SEQUIA_CRITICA,SEQUIA_CRITICA,SEQUIA_CRITICA,SEQUIA_CRITICA
35027100,25178,CARAZA,CUNDINAMARCA,CHIPAQUE,4.429173,-74.010245,2026-09-16,523.1999999999999,ALERTA_SEQUIA,ALERTA_SEQUIA,SEQUIA_CRITICA,SEQUIA_CRITICA,SEQUIA_CRITICA
35027150,25845,ANIMAS LAS,BOGOTA,"BOGOTA, D.C",4.138,-74.174,2026-09-16,1046.1000000000001,ALERTA_SEQUIA,ALERTA_SEQUIA,ALERTA_SEQUIA,SEQUIA_CRITICA,SEQUIA_CRITICA
35027210,25335,CASETEJA-DELICIAS,META,ACACÍAS,4.195277778,-73.76888889,2026-09-16,3011.8,ALERTA_EXCESO,ALERTA_EXCESO,ALERTA_EXCESO,ALERTA_EXCESO,ALERTA_EXCESO
35035100,50001,ICA VILLAVICENCIO,META,VILLAVICENCIO,4.137225,-73.624998,2026-09-16,4096.0,ALERTA_EXCESO,ALERTA_EXCESO,ALERTA_EXCESO,ALERTA_EXCESO,ALERTA_EXCESO
35035110,50606,SALINAS DE UPIN,META,RESTREPO,4.27327,-73.58792,2026-07-04,5303.2,ALERTA_EXCESO,ALERTA_EXCESO,ALERTA_EXCESO,ALERTA_EXCESO,ALERTA_EXCESO
35035130,25322,PARAMO CHINGAZA,CUNDINAMARCA,GUASCA,4.713666667,-73.80325,2026-09-16,1535.6,NORMAL,NORMAL,NORMAL,NORMAL,SEQUIA_CRITICA
35045020,,,,,,,2026-09-16,2009.3,ALERTA_EXCESO,ALERTA_EXCESO,NORMAL,NORMAL,NORMAL
35060210,25372,CLARAVAL,CUNDINAMARCA,JUNÍN,4.6489,-73.64083,2026-09-16,486.5,SEQUIA_CRITICA,SEQUIA_CRITICA,SEQUIA_CRITICA,SEQUIA_CRITICA,SEQUIA_CRITICA
35075030,15104,VILLA LUISA,BOYACÁ,RAMIRIQUÍ,5.422222222,-73.34941667,2026-09-16,664.2,ALERTA_SEQUIA,ALERTA_SEQUIA,SEQUIA_CRITICA,SEQUIA_CRITICA,SEQUIA_CRITICA
35075040,15425,INSTITUCION AGRICOLA MACANAL,BOYACÁ,MACANAL,4.974,-73.317,2026-09-16,1815.1999999999998,NORMAL,NORMAL,NORMAL,NORMAL,NORMAL
35075070,15172,CHINAVITA,BOYACÁ,CHINAVITA,5.21639,-73.34697,2026-07-04,2121.7,ALERTA_EXCESO,ALERTA_EXCESO,NORMAL,NORMAL,NORMAL
35075080,15861,PARAMO RABANAL,BOYACÁ,VENTAQUEMADA,5.39239,-73.56278,2026-04-03,191.4,SEQUIA_CRITICA,SEQUIA_CRITICA,SEQUIA_CRITICA,SEQUIA_CRITICA,SEQUIA_CRITICA
35077090,,,,,,,2026-09-16,267.2,SEQUIA_CRITICA,SEQUIA_CRITICA,SEQUIA_CRITICA,SEQUIA_CRITICA,SEQUIA_CRITICA
35080050,15514,PAEZ,BOYACÁ,PÁEZ,5.096,-73.053,2026-09-16,0.372,SEQUIA_CRITICA,SEQUIA_CRITICA,SEQUIA_CRITICA,SEQUIA_CRITICA,SEQUIA_CRITICA
35085040,,,,,,,2026-08-27,512.3,ALERTA_SEQUIA,ALERTA_SEQUIA,SEQUIA_CRITICA,SEQUIA_CRITICA,SEQUIA_CRITICA
35085060,15897,ZETAQUIRA,BOYACÁ,ZETAQUIRÁ,5.294944444,-73.16994444,2026-09-16,291.8,SEQUIA_CRITICA,SEQUIA_CRITICA,SEQUIA_CRITICA,SEQUIA_CRITICA,SEQUIA_CRITICA
35085070,15690,SANTA MARIA,BOYACÁ,SANTA MARÍA,4.84125,-73.25669444,2026-09-16,838.4,ALERTA_SEQUIA,ALERTA_SEQUIA,SEQUIA_CRITICA,SEQUIA_CRITICA,SEQUIA_CRITICA
35085080,15380,LA CAPILLA,BOYACÁ,LA CAPILLA,5.099194444,-73.436,2026-09-16,234.4,SEQUIA_CRITICA,SEQUIA_CRITICA,SEQUIA_CRITICA,SEQUIA_CRITICA,SEQUIA_CRITICA
35087020,15514,PAEZ,BOYACÁ,CAMPOHERMOSO,5.08261111,-73.06841667,2026-09-16,2701.6000000000004,ALERTA_EXCESO,ALERTA_EXCESO,ALERTA_EXCESO,NORMAL,NORMAL
35090060,,,,,,,2026-09-16,1304.0,ALERTA_SEQUIA,ALERTA_SEQUIA,ALERTA_SEQUIA,SEQUIA_CRITICA,SEQUIA_CRITICA
35090070,,,,,,,2026-05-05,302.8,SEQUIA_CRITICA,SEQUIA_CRITICA,SEQUIA_CRITICA,SEQUIA_CRITICA,SEQUIA_CRITICA
35095110,85440,HUERTA LA GRANDE,CASANARE,VILLANUEVA,4.65144,-72.915458,2026-09-16,801.1,ALERTA_SEQUIA,ALERTA_SEQUIA,SEQUIA_CRITICA,SEQUIA_CRITICA,SEQUIA_CRITICA
35095120,15226,AQUITANIA,BOYACÁ,AQUITANIA,5.55663,-72.88175,2026-09-16,221.10000000000002,SEQUIA_CRITICA,SEQUIA_CRITICA,SEQUIA_CRITICA,SEQUIA_CRITICA,SEQUIA_CRITICA
35095130,15244,LAGUNA DE LA PLAZA,ARAUCA,SARAVENA,6.362,-72.282,2026-09-16,1869.6000000000001,NORMAL,NORMAL,NORMAL,NORMAL,NORMAL
35107030,,,,,,,2026-09-16,1413.3,ALERTA_SEQUIA,ALERTA_SEQUIA,NORMAL,SEQUIA_CRITICA,SEQUIA_CRITICA
35125010,,,,,,,2026-09-16,1630.0,NORMAL,NORMAL,NORMAL,NORMAL,SEQUIA_CRITICA
35160000,15759,LAS CINTAS,BOYACÁ,SOGAMOSO,5.614277778,-72.86747222,2026-04-02,906.7,ALERTA_SEQUIA,ALERTA_SEQUIA,ALERTA_SEQUIA,SEQUIA_CRITICA,SEQUIA_CRITICA
35160010,15822,POTRERITO,BOYACÁ,AQUITANIA,5.477583333,-72.94861111,2026-09-16,405.0,SEQUIA_CRITICA,SEQUIA_CRITICA,SEQUIA_CRITICA,SEQUIA_CRITICA,SEQUIA_CRITICA
35160020,15226,LLANO ALARCON,BOYACÁ,CUÍTIVA,5.59972222,-72.91347222,2026-09-16,366.316,SEQUIA_CRITICA,SEQUIA_CRITICA,SEQUIA_CRITICA,SEQUIA_CRITICA,SEQUIA_CRITICA
35167000,15226,CORPOBOYACA - SANTA INES -AUT,BOYACÁ,AQUITANIA,5.545,-72.88411111,2026-09-16,575.4,ALERTA_SEQUIA,ALERTA_SEQUIA,SEQUIA_CRITICA,SEQUIA_CRITICA,SEQUIA_CRITICA
35167010,15226,HATO LAGUNA,BOYACÁ,AQUITANIA,5.58444444,-72.90008333,2026-04-03,3634.1,ALERTA_EXCESO,ALERTA_EXCESO,ALERTA_EXCESO,ALERTA_EXCESO,ALERTA_EXCESO
35185010,50573,LA PALOMERA,META,PUERTO LÓPEZ,4.260321,-72.564525,2026-09-16,154.0,SEQUIA_CRITICA,SEQUIA_CRITICA,SEQUIA_CRITICA,SEQUIA_CRITICA,SEQUIA_CRITICA
35190070,85010,SAN JOSE,CASANARE,AGUAZUL,5.091916667,-72.45858333,2026-09-12,944.4,ALERTA_SEQUIA,ALERTA_SEQUIA,ALERTA_SEQUIA,SEQUIA_CRITICA,SEQUIA_CRITICA
35195020,15514,TAURAMENA,CASANARE,TAURAMENA,5.027,-72.87,2025-11-18,1485.993,ALERTA_SEQUIA,ALERTA_SEQUIA,NORMAL,SEQUIA_CRITICA,SEQUIA_CRITICA
35195050,15518,CORINTO,BOYACÁ,PAJARITO,5.407,-72.717,2026-09-16,1521.9,NORMAL,NORMAL,NORMAL,NORMAL,SEQUIA_CRITICA
35195060,15047,PERENCO: TOQUILLA,BOYACÁ,AQUITANIA,5.524,-72.791,2026-09-16,1024.28,ALERTA_SEQUIA,ALERTA_SEQUIA,ALERTA_SEQUIA,SEQUIA_CRITICA,SEQUIA_CRITICA
35197020,15047,VADO HONDO,BOYACÁ,AQUITANIA,5.506805556,-72.75480556,2026-09-16,60.7,SEQUIA_CRITICA,SEQUIA_CRITICA,SEQUIA_CRITICA,SEQUIA_CRITICA,SEQUIA_CRITICA
35197030,85010,LOS ESTEROS,CASANARE,AGUAZUL,5.179694444,-72.568388889,2026-09-10,117.4,SEQUIA_CRITICA,SEQUIA_CRITICA,SEQUIA_CRITICA,SEQUIA_CRITICA,SEQUIA_CRITICA
35197070,15759,PUENTE LAS CANAS,BOYACÁ,AQUITANIA,5.58669444,-72.81533333,2026-09-16,776.0,ALERTA_SEQUIA,ALERTA_SEQUIA,SEQUIA_CRITICA,SEQUIA_CRITICA,SEQUIA_CRITICA
35210060,,,,,,,2026-07-24,1646.1,NORMAL,NORMAL,NORMAL,NORMAL,SEQUIA_CRITICA
35215020,85001,AEROPUERTO YOPAL,CASANARE,YOPAL,5.32044444,-72.3875,2026-09-16,1391.6999999999998,ALERTA_SEQUIA,ALERTA_SEQUIA,ALERTA_SEQUIA,SEQUIA_CRITICA,SEQUIA_CRITICA
35215030,15550,PERENCO: PISBA,BOYACÁ,PISVA,5.721,-72.488,2026-09-16,4253.0,ALERTA_EXCESO,ALERTA_EXCESO,ALERTA_EXCESO,ALERTA_EXCESO,ALERTA_EXCESO
35217010,85001,PUENTE YOPAL,CASANARE,YOPAL,5.369,-72.41372222,2026-04-23,187.35999999999999,SEQUIA_CRITICA,SEQUIA_CRITICA,SEQUIA_CRITICA,SEQUIA_CRITICA,SEQUIA_CRITICA
35217030,15377,PUENTE LA CABANA,CASANARE,YOPAL,5.43794444,-72.45522222,2026-04-22,1006.0999999999999,ALERTA_SEQUIA,ALERTA_SEQUIA,ALERTA_SEQUIA,SEQUIA_CRITICA,SEQUIA_CRITICA
35217060,85225,PERENCO: EL PLAYON,CASANARE,NUNCHÍA,5.54,-72.232,2026-09-16,3398.6000000000004,ALERTA_EXCESO,ALERTA_EXCESO,ALERTA_EXCESO,ALERTA_EXCESO,ALERTA_EXCESO
35217090,15377,LABRANZA GRANDE,BOYACÁ,LABRANZAGRANDE,5.566916667,-72.58355556,2026-09-16,1575.7,NORMAL,NORMAL,NORMAL,NORMAL,SEQUIA_CRITICA
35225030,85230,MODULOS,CASANARE,OROCUÉ,4.91047222,-71.43305556,2026-09-16,2169.3999999999996,ALERTA_EXCESO,ALERTA_EXCESO,NORMAL,NORMAL,NORMAL
35227090,,,,,,,2026-09-10,1380.7,ALERTA_SEQUIA,ALERTA_SEQUIA,ALERTA_SEQUIA,SEQUIA_CRITICA,SEQUIA_CRITICA
35235010,15755,CARDON EL,BOYACÁ,SOCOTÁ,6.011666667,-72.52927778,2026-09-16,3834.2000000000003,ALERTA_EXCESO,ALERTA_EXCESO,ALERTA_EXCESO,ALERTA_EXCESO,ALERTA_EXCESO
35235040,85325,PERENCO - TRINIDAD METEO,CASANARE,TRINIDAD,5.419,-71.666,2026-09-16,0.0,SEQUIA_CRITICA,SEQUIA_CRITICA,SEQUIA_CRITICA,SEQUIA_CRITICA,SEQUIA_CRITICA
35235050,85400,PERENCO: TAMARA,CASANARE,TÁMARA,5.819,-72.167,2026-09-16,4962.7,ALERTA_EXCESO,ALERTA_EXCESO,ALERTA_EXCESO,ALERTA_EXCESO,ALERTA_EXCESO
35237030,85325,PERENCO: TRINIDAD PAUTO - PUENTE NONATO,CASANARE,TRINIDAD,5.414,-71.668,2026-09-16,5659.2,ALERTA_EXCESO,ALERTA_EXCESO,ALERTA_EXCESO,ALERTA_EXCESO,ALERTA_EXCESO
35250040,,,,,,,2026-09-16,64.10000000000001,SEQUIA_CRITICA,SEQUIA_CRITICA,SEQUIA_CRITICA,SEQUIA_CRITICA,SEQUIA_CRITICA
36015020,85125,EL DIAMANTE,CASANARE,PAZ DE ARIPORO,5.816194444,-71.41983333,2026-09-16,3056.2,ALERTA_EXCESO,ALERTA_EXCESO,ALERTA_EXCESO,ALERTA_EXCESO,ALERTA_EXCESO
36017010,85263,PAZ DE ARIPORO,CASANARE,HATO COROZAL,5.906555556,-71.90238889,2026-09-16,6842.099999999999,ALERTA_EXCESO,ALERTA_EXCESO,ALERTA_EXCESO,ALERTA_EXCESO,ALERTA_EXCESO
37015030,68820,BERLIN,SANTANDER,TONA,7.187,-72.8685,2026-09-16,711.5,ALERTA_SEQUIA,ALERTA_SEQUIA,SEQUIA_CRITICA,SEQUIA_CRITICA,SEQUIA_CRITICA
37017040,54125,PUENTE LOPEZ,NORTE DE SANTANDER,CHITAGÁ,7.203333333,-72.63388889,2026-04-02,576.6,ALERTA_SEQUIA,ALERTA_SEQUIA,SEQUIA_CRITICA,SEQUIA_CRITICA,SEQUIA_CRITICA
37027010,54377,PEÑA DE LOS MICOS,NORTE DE SANTANDER,TOLEDO,7.196972222,-72.42477778,2025-09-24,3.2,SEQUIA_CRITICA,SEQUIA_CRITICA,SEQUIA_CRITICA,SEQUIA_CRITICA,SEQUIA_CRITICA
37045010,81736,SARAVENA,ARAUCA,SARAVENA,6.946388889,-71.89055556,2026-09-16,5065.8,ALERTA_EXCESO,ALERTA_EXCESO,ALERTA_EXCESO,ALERTA_EXCESO,ALERTA_EXCESO
37057020,81065,ALCARAVAN  AUT,ARAUCA,ARAUQUITA,7.035,-71.41638889,2026-08-23,0.0,SEQUIA_CRITICA,SEQUIA_CRITICA,SEQUIA_CRITICA,SEQUIA_CRITICA,SEQUIA_CRITICA
38015030,,,,,,,2026-09-16,1796.2,NORMAL,NORMAL,NORMAL,NORMAL,SEQUIA_CRITICA
42077020,97001,MITU,VAUPES,MITÚ,1.259806,-70.239167,2026-09-16,2502.6,ALERTA_EXCESO,ALERTA_EXCESO,ALERTA_EXCESO,NORMAL,NORMAL
44015060,86001,ACUEDUCTO MOCOA,PUTUMAYO,MOCOA,1.15733333,-76.65183333,2026-09-16,3975.9,ALERTA_EXCESO,ALERTA_EXCESO,ALERTA_EXCESO,ALERTA_EXCESO,ALERTA_EXCESO
44015070,86001,EL PEPINO,PUTUMAYO,MOCOA,1.082888889,-76.66711111,2026-07-04,1295.3999999999999,ALERTA_SEQUIA,ALERTA_SEQUIA,ALERTA_SEQUIA,SEQUIA_CRITICA,SEQUIA_CRITICA
44017070,19701,SANTA ROSA,CAUCA,SANTA ROSA,1.705,-76.56222222,2026-04-03,142.20000000000002,SEQUIA_CRITICA,SEQUIA_CRITICA,SEQUIA_CRITICA,SEQUIA_CRITICA,SEQUIA_CRITICA
44017110,19533,ANDAQUI,PUTUMAYO,MOCOA,1.050916667,-76.54888889,2026-09-16,3929.2,ALERTA_EXCESO,ALERTA_EXCESO,ALERTA_EXCESO,ALERTA_EXCESO,ALERTA_EXCESO
44017120,86001,PIEDRA LISA II,PUTUMAYO,MOCOA,1.213611111,-76.66102778,2026-07-04,2537.2,ALERTA_EXCESO,ALERTA_EXCESO,ALERTA_EXCESO,NORMAL,NORMAL
44035030,18479,MACAGUAL,CAQUETA,FLORENCIA,1.5,-75.66,2025-11-26,0.1,SEQUIA_CRITICA,SEQUIA_CRITICA,SEQUIA_CRITICA,SEQUIA_CRITICA,SEQUIA_CRITICA
44035040,18001,FLORENCIA,CAQUETA,FLORENCIA,1.733,-75.64502778,2026-09-16,1621.0,NORMAL,NORMAL,NORMAL,NORMAL,SEQUIA_CRITICA
44035050,18479,MACAGUAL,CAQUETA,FLORENCIA,1.5,-75.66,2026-04-02,260.6,SEQUIA_CRITICA,SEQUIA_CRITICA,SEQUIA_CRITICA,SEQUIA_CRITICA,SEQUIA_CRITICA
44037040,18001,EL ROSARIO,CAQUETA,FLORENCIA,1.72525,-75.66638889,2026-04-02,704.0,ALERTA_SEQUIA,ALERTA_SEQUIA,SEQUIA_CRITICA,SEQUIA_CRITICA,SEQUIA_CRITICA
44037050,18001,VENECIA,CAQUETA,FLORENCIA,1.563111111,-75.52930556,2026-06-08,3195.2999999999997,ALERTA_EXCESO,ALERTA_EXCESO,ALERTA_EXCESO,ALERTA_EXCESO,ALERTA_EXCESO
44037080,18479,MORELIA,CAQUETA,MORELIA,1.497333333,-75.72497222,2026-05-10,326.0,SEQUIA_CRITICA,SEQUIA_CRITICA,SEQUIA_CRITICA,SEQUIA_CRITICA,SEQUIA_CRITICA
44045030,18029,MONO LA,CAQUETA,BELÉN DE LOS ANDAQUÍES,1.303361111,-75.807722222,2026-09-16,1480.9,ALERTA_SEQUIA,ALERTA_SEQUIA,NORMAL,SEQUIA_CRITICA,SEQUIA_CRITICA
44055010,18460,TRES ESQUINAS,CAQUETA,SOLANO,0.7375,-75.236111111,2026-09-16,2996.5,ALERTA_EXCESO,ALERTA_EXCESO,ALERTA_EXCESO,NORMAL,NORMAL
46015030,18592,SAN VICENTE DEL CAGUAN,CAQUETA,SAN VICENTE DEL CAGUÁN,2.063,-74.76269444,2026-04-02,455.8,SEQUIA_CRITICA,SEQUIA_CRITICA,SEQUIA_CRITICA,SEQUIA_CRITICA,SEQUIA_CRITICA
46035010,18247,MAGUARE,CAQUETA,EL DONCELLO,1.640222222,-75.16266667,2026-04-02,183.0,SEQUIA_CRITICA,SEQUIA_CRITICA,SEQUIA_CRITICA,SEQUIA_CRITICA,SEQUIA_CRITICA
47017070,86760,EL EDEN,PUTUMAYO,SANTIAGO,1.106305556,-76.985,2026-09-16,2305.0,ALERTA_EXCESO,ALERTA_EXCESO,ALERTA_EXCESO,NORMAL,NORMAL
47017110,52573,MONOPAMBA,NARIÑO,PUERRES,0.807777778,-77.30694444,2026-09-16,1266.3999999999999,ALERTA_SEQUIA,ALERTA_SEQUIA,ALERTA_SEQUIA,SEQUIA_CRITICA,SEQUIA_CRITICA
47017170,86865,PICUDO EL,PUTUMAYO,ORITO,0.489222222,-76.835972222,2026-09-16,2408.5,ALERTA_EXCESO,ALERTA_EXCESO,ALERTA_EXCESO,NORMAL,NORMAL
47075010,,,,,,,2026-06-26,0.0,SEQUIA_CRITICA,SEQUIA_CRITICA,SEQUIA_CRITICA,SEQUIA_CRITICA,SEQUIA_CRITICA
48015040,91540,PTO NARIÑO,AMAZONAS,PUERTO NARIÑO,-3.78,-70.363,2026-09-16,1369.1,ALERTA_SEQUIA,ALERTA_SEQUIA,ALERTA_SEQUIA,SEQUIA_CRITICA,SEQUIA_CRITICA
48015050,91001,AEROPUERTO VASQUEZ COBO,AMAZONAS,LETICIA,-4.199509,-69.943095,2026-09-16,5033.0,ALERTA_EXCESO,ALERTA_EXCESO,ALERTA_EXCESO,ALERTA_EXCESO,ALERTA_EXCESO
51020011,52435,PIEDRANCHA,NARINO,MALLAMA (PIEDRANCHA),1.142,-77.929,2026-09-16,1787.8000000000002,NORMAL,NORMAL,NORMAL,NORMAL,SEQUIA_CRITICA
51025080,52612,ALTAQUER,NARIÑO,BARBACOAS,1.24833333,-78.0925,2026-09-16,978.2,ALERTA_SEQUIA,ALERTA_SEQUIA,ALERTA_SEQUIA,SEQUIA_CRITICA,SEQUIA_CRITICA
51025090,52835,GRANJA EL MIRA -,NARIÑO,TUMACO,1.55019444,-78.69558333,2026-09-16,1601.8,NORMAL,NORMAL,NORMAL,NORMAL,SEQUIA_CRITICA
51027060,52835,SAN JUAN MIRA,NARIÑO,TUMACO,1.423888889,-78.67027778,2026-09-16,3436.4,ALERTA_EXCESO,ALERTA_EXCESO,ALERTA_EXCESO,ALERTA_EXCESO,ALERTA_EXCESO
51035020,52835,CCCP DL PACIFICO,NARIÑO,TUMACO,1.819166667,-78.73,2026-07-04,1580.4,NORMAL,NORMAL,NORMAL,NORMAL,SEQUIA_CRITICA
51039010,52835,TUMACO,NARIÑO,TUMACO,1.819305556,-78.73027778,2026-07-04,1715.6,NORMAL,NORMAL,NORMAL,NORMAL,SEQUIA_CRITICA
52010020,19075,BALBOA,CAUCA,BALBOA,2.032805556,-77.22169444,2026-09-16,1541.2,NORMAL,NORMAL,NORMAL,NORMAL,SEQUIA_CRITICA
52017030,19532,LA FONDA,CAUCA,PATÍA,2.147777778,-77.04666667,2026-07-10,1138.6,ALERTA_SEQUIA,ALERTA_SEQUIA,ALERTA_SEQUIA,SEQUIA_CRITICA,SEQUIA_CRITICA
52020070,19693,SANTIAGO,CAUCA,SAN SEBASTIÁN,1.814166667,-76.78288889,2026-04-02,742.2,ALERTA_SEQUIA,ALERTA_SEQUIA,SEQUIA_CRITICA,SEQUIA_CRITICA,SEQUIA_CRITICA
52025080,19075,ESTRECHO PATIA,CAUCA,PATÍA,1.96,-77.12,2026-08-20,774.8000000000001,ALERTA_SEQUIA,ALERTA_SEQUIA,SEQUIA_CRITICA,SEQUIA_CRITICA,SEQUIA_CRITICA
52025090,19392,LA SIERRA,CAUCA,LA SIERRA,2.193833333,-76.75033333,2026-07-21,1585.2,NORMAL,NORMAL,NORMAL,NORMAL,SEQUIA_CRITICA
52035040,52786,VIENTO LIBRE,NARIÑO,TAMINANGO,1.62,-77.34,2026-07-04,684.4,ALERTA_SEQUIA,ALERTA_SEQUIA,SEQUIA_CRITICA,SEQUIA_CRITICA,SEQUIA_CRITICA
52040050,52258,APONTE,NARIÑO,EL TABLÓN,1.397,-77.031,2026-09-16,901.0,ALERTA_SEQUIA,ALERTA_SEQUIA,ALERTA_SEQUIA,SEQUIA_CRITICA,SEQUIA_CRITICA
52045080,52480,UNIVERSIDAD DE NARINO,NARIÑO,PASTO,1.23,-77.28,2026-09-16,655.3,ALERTA_SEQUIA,ALERTA_SEQUIA,SEQUIA_CRITICA,SEQUIA_CRITICA,SEQUIA_CRITICA
52050060,52788,RIO BOBO,NARIÑO,PASTO,1.099,-77.3,2026-09-16,963.4,ALERTA_SEQUIA,ALERTA_SEQUIA,ALERTA_SEQUIA,SEQUIA_CRITICA,SEQUIA_CRITICA
52050080,52885,TANGUA,NARIÑO,TANGUA,1.094,-77.392,2026-09-16,1078.6000000000001,ALERTA_SEQUIA,ALERTA_SEQUIA,ALERTA_SEQUIA,SEQUIA_CRITICA,SEQUIA_CRITICA
52050090,52354,IMUES,NARIÑO,IMUÉS,1.055,-77.5,2026-09-16,744.0,ALERTA_SEQUIA,ALERTA_SEQUIA,SEQUIA_CRITICA,SEQUIA_CRITICA,SEQUIA_CRITICA
52055090,52885,SINDAGUA,NARIÑO,TANGUA,1.10758333,-77.38936111,2026-09-16,877.3,ALERTA_SEQUIA,ALERTA_SEQUIA,SEQUIA_CRITICA,SEQUIA_CRITICA,SEQUIA_CRITICA
52055150,52573,CERRO PARAMO,NARIÑO,PUERRES,0.843111111,-77.38880556,2026-09-16,1700.2,NORMAL,NORMAL,NORMAL,NORMAL,SEQUIA_CRITICA
52055160,52227,VOLCAN CHILES  - AUT,NARIÑO,CUMBAL,0.846583333,-77.92122222,2026-07-04,332.6,SEQUIA_CRITICA,SEQUIA_CRITICA,SEQUIA_CRITICA,SEQUIA_CRITICA,SEQUIA_CRITICA
52055170,52210,LA JOSEFINA,NARIÑO,CONTADERO,0.930305556,-77.49119444,2026-07-04,640.9,ALERTA_SEQUIA,ALERTA_SEQUIA,SEQUIA_CRITICA,SEQUIA_CRITICA,SEQUIA_CRITICA
52055210,52001,BOTANA,NARIÑO,PASTO,1.16,-77.27880556,2026-09-16,585.5000000000001,ALERTA_SEQUIA,ALERTA_SEQUIA,SEQUIA_CRITICA,SEQUIA_CRITICA,SEQUIA_CRITICA
52055220,52838,EL PARAISO,NARIÑO,TÚQUERRES,1.070707855,-77.636935689,2026-08-20,534.9,ALERTA_SEQUIA,ALERTA_SEQUIA,SEQUIA_CRITICA,SEQUIA_CRITICA,SEQUIA_CRITICA
52055230,52022,AEROPUERTO SAN LUIS,NARIÑO,ALDANA,0.85708333,-77.67775,2026-09-16,1489.893,ALERTA_SEQUIA,ALERTA_SEQUIA,NORMAL,SEQUIA_CRITICA,SEQUIA_CRITICA
52057050,52411,SAN PEDRO,NARIÑO,LINARES,1.383,-77.48227778,2026-09-16,389.9,SEQUIA_CRITICA,SEQUIA_CRITICA,SEQUIA_CRITICA,SEQUIA_CRITICA,SEQUIA_CRITICA
52057100,52224,RUMICHACA,NARIÑO,IPIALES,0.81378611,-77.66197778,2026-09-16,523.6999999999999,ALERTA_SEQUIA,ALERTA_SEQUIA,SEQUIA_CRITICA,SEQUIA_CRITICA,SEQUIA_CRITICA
52065020,52079,BARBACOAS,NARIÑO,BARBACOAS,1.67,-78.14,2026-09-16,4954.7,ALERTA_EXCESO,ALERTA_EXCESO,ALERTA_EXCESO,ALERTA_EXCESO,ALERTA_EXCESO
52077010,52540,PUENTE PUSMEO,NARIÑO,CUMBITARA,1.624055556,-77.47891667,2026-08-20,147.5,SEQUIA_CRITICA,SEQUIA_CRITICA,SEQUIA_CRITICA,SEQUIA_CRITICA,SEQUIA_CRITICA
53045040,52696,AEROPUERTO GUAPI - AUT,CAUCA,GUAPI,2.574416667,-77.89475,2026-09-16,2461.8,ALERTA_EXCESO,ALERTA_EXCESO,ALERTA_EXCESO,NORMAL,NORMAL
53075020,19050,EL DIVISO,CAUCA,ARGELIA,2.311416667,-77.25877778,2025-09-20,118.6,SEQUIA_CRITICA,SEQUIA_CRITICA,SEQUIA_CRITICA,SEQUIA_CRITICA,SEQUIA_CRITICA
53119010,27250,BUENAVENTURA IDEAM,VALLE DEL CAUCA,BUENAVENTURA,3.890175,-77.06190833,2026-09-16,2151.2,ALERTA_EXCESO,ALERTA_EXCESO,NORMAL,NORMAL,NORMAL
54010010,27810,ISTMINA,CHOCO,ISTMINA,5.15875,-76.689222222,2026-09-13,321.706,SEQUIA_CRITICA,SEQUIA_CRITICA,SEQUIA_CRITICA,SEQUIA_CRITICA,SEQUIA_CRITICA
54015010,66572,PUEBLO RICO,RISARALDA,PUEBLO RICO,5.233444444,-76.03163889,2026-04-03,690.6,ALERTA_SEQUIA,ALERTA_SEQUIA,SEQUIA_CRITICA,SEQUIA_CRITICA,SEQUIA_CRITICA
54015020,27810,PR CHOCO: TADO,CHOCÓ,TADÓ,5.27,-76.552,2026-09-16,5137.1,ALERTA_EXCESO,ALERTA_EXCESO,ALERTA_EXCESO,ALERTA_EXCESO,ALERTA_EXCESO
54017040,27810,TADO,CHOCO,TADÓ,5.265111111,-76.56275,2026-09-16,2855.4,ALERTA_EXCESO,ALERTA_EXCESO,ALERTA_EXCESO,NORMAL,NORMAL
54020090,27205,PR CHOCO: APTO CONDOTO,CHOCÓ,CONDOTO,5.074,-76.677,2026-09-16,0.0,SEQUIA_CRITICA,SEQUIA_CRITICA,SEQUIA_CRITICA,SEQUIA_CRITICA,SEQUIA_CRITICA
54037050,27450,PR CHOCO: SIPI,CHOCÓ,SIPÍ,4.693,-76.74,2026-06-19,6.2,SEQUIA_CRITICA,SEQUIA_CRITICA,SEQUIA_CRITICA,SEQUIA_CRITICA,SEQUIA_CRITICA
54050010,27450,NOANAMA,CHOCO,ISTMINA,4.716666667,-76.916666667,2026-09-04,0.0,SEQUIA_CRITICA,SEQUIA_CRITICA,SEQUIA_CRITICA,SEQUIA_CRITICA,SEQUIA_CRITICA
54077210,76109,JUANCHACO,VALLE DEL CAUCA,BUENAVENTURA,3.925147222,-77.34900556,2026-09-16,104.7,SEQUIA_CRITICA,SEQUIA_CRITICA,SEQUIA_CRITICA,SEQUIA_CRITICA,SEQUIA_CRITICA
55015010,27025,PIE DE PATO,CHOCO,ALTO BAUDÓ,5.521083333,-76.97316667,2026-07-04,1957.8,NORMAL,NORMAL,NORMAL,NORMAL,NORMAL
57025020,52390,GORGONA GUAPI,CAUCA,GUAPI,2.96294444,-78.17436111,2026-08-31,3057.7000000000003,ALERTA_EXCESO,ALERTA_EXCESO,ALERTA_EXCESO,ALERTA_EXCESO,ALERTA_EXCESO
1111500036,5004,ABRIAQUI,ANTIOQUIA,ABRIAQUÍ,6.6363,-76.070733333,2026-09-16,371.40000000000003,SEQUIA_CRITICA,SEQUIA_CRITICA,SEQUIA_CRITICA,SEQUIA_CRITICA,SEQUIA_CRITICA
1111500203,5234,CAMPO ALEGRE,ANTIOQUIA,DABEIBA,7.026813889,-76.252825,2026-09-16,5447.7,ALERTA_EXCESO,ALERTA_EXCESO,ALERTA_EXCESO,ALERTA_EXCESO,ALERTA_EXCESO
1111700230,27150,CURVARADO,CHOCO,CARMEN DEL DARIÉN,7.159725,-76.964783333,2026-05-04,2294.7,ALERTA_EXCESO,ALERTA_EXCESO,NORMAL,NORMAL,NORMAL
1111700231,5480,MUTATA,ANTIOQUIA,MUTATÁ,7.239491667,-76.433458333,2026-09-16,4597.2,ALERTA_EXCESO,ALERTA_EXCESO,ALERTA_EXCESO,ALERTA_EXCESO,ALERTA_EXCESO
1206500136,13001,UNIVERSIDAD UNAD CARTAGENA,BOLIVAR,CARTAGENA DE INDIAS,10.400311111,-75.513280556,2026-09-16,388.0,SEQUIA_CRITICA,SEQUIA_CRITICA,SEQUIA_CRITICA,SEQUIA_CRITICA,SEQUIA_CRITICA
1303500074,5665,LOMA VERDE,CORDOBA,MONTERÍA,8.508777778,-76.175416667,2026-04-02,1099.6,ALERTA_SEQUIA,ALERTA_SEQUIA,ALERTA_SEQUIA,SEQUIA_CRITICA,SEQUIA_CRITICA
1501700160,47001,RIO MANZANARES ALERTAS,MAGDALENA,SANTA MARTA,11.208274,-74.096506,2026-04-03,394.6,SEQUIA_CRITICA,SEQUIA_CRITICA,SEQUIA_CRITICA,SEQUIA_CRITICA,SEQUIA_CRITICA
1507500207,44430,IPICHIRRAIN,LA GUAJIRA,URIBIA,11.715555556,-72.214444444,2026-09-16,272.20000000000005,SEQUIA_CRITICA,SEQUIA_CRITICA,SEQUIA_CRITICA,SEQUIA_CRITICA,SEQUIA_CRITICA
1508500053,44847,PUERTO ESTRELLA,LA GUAJIRA,URIBIA,12.33919444,-71.34508056,2026-04-03,247.0,SEQUIA_CRITICA,SEQUIA_CRITICA,SEQUIA_CRITICA,SEQUIA_CRITICA,SEQUIA_CRITICA
1509500118,47001,GUACHACA,MAGDALENA,SANTA MARTA,11.21015,-73.84445,2026-09-10,1285.3,ALERTA_SEQUIA,ALERTA_SEQUIA,ALERTA_SEQUIA,SEQUIA_CRITICA,SEQUIA_CRITICA
1602500044,54313,GRAMALOTE,NORTE DE SANTANDER,GRAMALOTE,7.913166667,-72.803027778,2026-07-04,1384.6000000000001,ALERTA_SEQUIA,ALERTA_SEQUIA,ALERTA_SEQUIA,SEQUIA_CRITICA,SEQUIA_CRITICA
1602500063,54480,MUTISCUA,NORTE DE SANTANDER,MUTISCUA,7.299088889,-72.745761111,2026-09-16,465.0,SEQUIA_CRITICA,SEQUIA_CRITICA,SEQUIA_CRITICA,SEQUIA_CRITICA,SEQUIA_CRITICA
1602500110,54051,ARBOLEDAS,NORTE DE SANTANDER,ARBOLEDAS,7.645111111,-72.799169444,2026-09-16,12.1,SEQUIA_CRITICA,SEQUIA_CRITICA,SEQUIA_CRITICA,SEQUIA_CRITICA,SEQUIA_CRITICA
2119500111,73449,BASE AEREA MELGAR,TOLIMA,MELGAR,4.21,-74.64,2026-09-16,904.1,ALERTA_SEQUIA,ALERTA_SEQUIA,ALERTA_SEQUIA,SEQUIA_CRITICA,SEQUIA_CRITICA
2120000099,25214,COLEGIO VEINTIUN ANGELES,BOGOTÁ,BOGOTA D.C,4.749234,-74.08073,2026-07-22,449.70000000000005,SEQUIA_CRITICA,SEQUIA_CRITICA,SEQUIA_CRITICA,SEQUIA_CRITICA,SEQUIA_CRITICA
2120000100,25214,COLEGIO ALEMANIA SOLIDARIA,BOGOTÁ,BOGOTA D.C,4.652389,-74.075434,2026-07-22,484.4,SEQUIA_CRITICA,SEQUIA_CRITICA,SEQUIA_CRITICA,SEQUIA_CRITICA,SEQUIA_CRITICA
2120000101,25754,ALTOS DE LA ESTANCIA,BOGOTÁ,BOGOTA D.C,4.58074,-74.17828,2026-07-22,239.79999999999998,SEQUIA_CRITICA,SEQUIA_CRITICA,SEQUIA_CRITICA,SEQUIA_CRITICA,SEQUIA_CRITICA
2120000103,25377,CERRO NORTE,BOGOTÁ,BOGOTA D.C,4.73254,-74.01871,2026-07-22,482.09999999999997,SEQUIA_CRITICA,SEQUIA_CRITICA,SEQUIA_CRITICA,SEQUIA_CRITICA,SEQUIA_CRITICA
2120000104,25175,COLEGIO MIGUEL ANTONIO CARO,BOGOTÁ,BOGOTA D.C,4.81326,-74.03146,2026-07-22,391.0,SEQUIA_CRITICA,SEQUIA_CRITICA,SEQUIA_CRITICA,SEQUIA_CRITICA,SEQUIA_CRITICA
2120000105,25175,EL CODITO,BOGOTÁ,BOGOTA D.C,4.763457,-74.021772,2026-07-22,666.5,ALERTA_SEQUIA,ALERTA_SEQUIA,SEQUIA_CRITICA,SEQUIA_CRITICA,SEQUIA_CRITICA
2120000106,25754,GRAN BRETAÑA,BOGOTÁ,BOGOTA D.C,4.5117,-74.16352222,2026-07-22,308.0,SEQUIA_CRITICA,SEQUIA_CRITICA,SEQUIA_CRITICA,SEQUIA_CRITICA,SEQUIA_CRITICA
2120000107,25178,LA FISCALA,BOGOTÁ,BOGOTA D.C,4.53602,-74.10654,2026-07-22,533.3000000000001,ALERTA_SEQUIA,ALERTA_SEQUIA,SEQUIA_CRITICA,SEQUIA_CRITICA,SEQUIA_CRITICA
2120000108,25214,IDIGER,BOGOTÁ,BOGOTA D.C,4.674932,-74.113609,2026-07-22,733.8000000000001,ALERTA_SEQUIA,ALERTA_SEQUIA,SEQUIA_CRITICA,SEQUIA_CRITICA,SEQUIA_CRITICA
2120000109,25214,COLEGIO RODOLFO LLINAS,BOGOTÁ,BOGOTA D.C,4.720124,-74.108288,2026-07-22,682.9,ALERTA_SEQUIA,ALERTA_SEQUIA,SEQUIA_CRITICA,SEQUIA_CRITICA,SEQUIA_CRITICA
2120000117,25178,COLEGIO MORALBA SURORIENTAL,BOGOTÁ,BOGOTA D.C,4.54294,-74.08031,2026-07-22,716.1,ALERTA_SEQUIA,ALERTA_SEQUIA,SEQUIA_CRITICA,SEQUIA_CRITICA,SEQUIA_CRITICA
2120000118,25214,COL. ALBERTO LLERAS CAMARGO,BOGOTÁ,BOGOTA D.C,4.743304,-74.102293,2026-07-22,587.6,ALERTA_SEQUIA,ALERTA_SEQUIA,SEQUIA_CRITICA,SEQUIA_CRITICA,SEQUIA_CRITICA
2120000119,25178,COL. ALEMANIA UNIFICADA,BOGOTÁ,BOGOTA D.C,4.555765,-74.09667,2026-07-22,639.5999999999999,ALERTA_SEQUIA,ALERTA_SEQUIA,SEQUIA_CRITICA,SEQUIA_CRITICA,SEQUIA_CRITICA
2120000120,25214,COL. GUSTAVO MORALES,BOGOTÁ,BOGOTA D.C,4.716619,-74.064401,2026-07-22,717.6,ALERTA_SEQUIA,ALERTA_SEQUIA,SEQUIA_CRITICA,SEQUIA_CRITICA,SEQUIA_CRITICA
2120000121,25178,COL. GUSTAVO RESTREPO,BOGOTÁ,BOGOTA D.C,4.575873,-74.106178,2026-07-22,607.7,ALERTA_SEQUIA,ALERTA_SEQUIA,SEQUIA_CRITICA,SEQUIA_CRITICA,SEQUIA_CRITICA
2120000122,25473,COLEGIO INEM FRANCISCO DE PAULA SANTANDER,BOGOTÁ,BOGOTA D.C,4.624567,-74.154993,2026-07-22,465.0,SEQUIA_CRITICA,SEQUIA_CRITICA,SEQUIA_CRITICA,SEQUIA_CRITICA,SEQUIA_CRITICA
2120000123,25754,COL. LA CHUCUA,BOGOTÁ,BOGOTA D.C,4.60356,-74.148507,2026-07-22,473.00000000000006,SEQUIA_CRITICA,SEQUIA_CRITICA,SEQUIA_CRITICA,SEQUIA_CRITICA,SEQUIA_CRITICA
2120000124,25754,COL RAFAEL URIBE,BOGOTÁ,BOGOTA D.C,4.583176,-74.132461,2026-07-22,525.2,ALERTA_SEQUIA,ALERTA_SEQUIA,SEQUIA_CRITICA,SEQUIA_CRITICA,SEQUIA_CRITICA
2120000125,25754,COLEGIO SORRENTO,BOGOTÁ,BOGOTA D.C,4.619586,-74.11322,2026-07-22,321.5,SEQUIA_CRITICA,SEQUIA_CRITICA,SEQUIA_CRITICA,SEQUIA_CRITICA,SEQUIA_CRITICA
2120000126,25178,COL. CIUDAD DE VILLAVICENCIO,BOGOTÁ,BOGOTA D.C,4.48706,-74.10213,2026-07-22,585.5000000000001,ALERTA_SEQUIA,ALERTA_SEQUIA,SEQUIA_CRITICA,SEQUIA_CRITICA,SEQUIA_CRITICA
2120000127,25178,COL. EDUARDO UMAÑA,BOGOTÁ,BOGOTA D.C,4.48997,-74.11308,2026-07-22,482.2,SEQUIA_CRITICA,SEQUIA_CRITICA,SEQUIA_CRITICA,SEQUIA_CRITICA,SEQUIA_CRITICA
2120000128,25178,COL. GABRIEL GARCIA MARQUEZ,BOGOTÁ,BOGOTA D.C,4.50499,-74.09235,2026-07-22,547.7,ALERTA_SEQUIA,ALERTA_SEQUIA,SEQUIA_CRITICA,SEQUIA_CRITICA,SEQUIA_CRITICA
2120000129,25178,COL. OFELIA URIBE ACOSTA,BOGOTÁ,BOGOTA D.C,4.50643,-74.10251,2026-07-22,395.3,SEQUIA_CRITICA,SEQUIA_CRITICA,SEQUIA_CRITICA,SEQUIA_CRITICA,SEQUIA_CRITICA
2120000130,25178,COL. PAULO FREIRE,BOGOTÁ,BOGOTA D.C,4.5328,-74.11684,2026-07-22,466.3,SEQUIA_CRITICA,SEQUIA_CRITICA,SEQUIA_CRITICA,SEQUIA_CRITICA,SEQUIA_CRITICA
2120000131,25754,COL. ANTONIO GARCIA,BOGOTÁ,BOGOTA D.C,4.545,-74.13944,2026-07-22,341.5,SEQUIA_CRITICA,SEQUIA_CRITICA,SEQUIA_CRITICA,SEQUIA_CRITICA,SEQUIA_CRITICA
2120000132,25754,COL. EL TESORO DE LA CUMBRE,BOGOTÁ,BOGOTA D.C,4.53531,-74.14909,2026-07-22,377.5,SEQUIA_CRITICA,SEQUIA_CRITICA,SEQUIA_CRITICA,SEQUIA_CRITICA,SEQUIA_CRITICA
2120000133,25178,COL. EL MANANTIAL,BOGOTÁ,BOGOTA D.C,4.56144,-74.07482,2026-07-22,518.0,ALERTA_SEQUIA,ALERTA_SEQUIA,SEQUIA_CRITICA,SEQUIA_CRITICA,SEQUIA_CRITICA
2120000134,25178,COL. LOS ALPES SEDE A,BOGOTÁ,BOGOTA D.C,4.55257,-74.08373,2026-07-22,684.6999999999999,ALERTA_SEQUIA,ALERTA_SEQUIA,SEQUIA_CRITICA,SEQUIA_CRITICA,SEQUIA_CRITICA
2120000135,25181,COL. MANUEL ELKIN PATARROYO,BOGOTÁ,BOGOTA D.C,4.61823,-74.06439,2026-07-22,746.2,ALERTA_SEQUIA,ALERTA_SEQUIA,SEQUIA_CRITICA,SEQUIA_CRITICA,SEQUIA_CRITICA
2120000136,25181,COL. LOS PINOS SEDE A,BOGOTÁ,BOGOTÁ D.C,4.58781,-74.06813,2026-07-22,730.1,ALERTA_SEQUIA,ALERTA_SEQUIA,SEQUIA_CRITICA,SEQUIA_CRITICA,SEQUIA_CRITICA
2120000137,25377,COL. FRIEDRICH NAUMANN,BOGOTÁ,BOGOTA D.C,4.74943,-74.02285,2026-07-22,683.1999999999999,ALERTA_SEQUIA,ALERTA_SEQUIA,SEQUIA_CRITICA,SEQUIA_CRITICA,SEQUIA_CRITICA
2120000138,25175,COL. NUEVA ZELANDIA,BOGOTÁ,BOGOTA D.C,4.76587,-74.04681,2026-07-22,430.4,SEQUIA_CRITICA,SEQUIA_CRITICA,SEQUIA_CRITICA,SEQUIA_CRITICA,SEQUIA_CRITICA
2120000139,25377,ESC. PEDAGOGICA EXPRIMENTAL,BOGOTÁ,BOGOTA D.C,4.67553,-74.01927,2026-07-22,397.0,SEQUIA_CRITICA,SEQUIA_CRITICA,SEQUIA_CRITICA,SEQUIA_CRITICA,SEQUIA_CRITICA
2120000140,25377,FUNDACIÓN ANA RESTREPO DEL CORRAL,BOGOTÁ,BOGOTA D.C,4.7055,-74.02263,2026-07-22,760.1,ALERTA_SEQUIA,ALERTA_SEQUIA,SEQUIA_CRITICA,SEQUIA_CRITICA,SEQUIA_CRITICA
2120000142,25473,COLEGIO CARLOS PIZARRO,BOGOTÁ,BOGOTA D.C,4.63537,-74.20541,2026-07-22,352.8,SEQUIA_CRITICA,SEQUIA_CRITICA,SEQUIA_CRITICA,SEQUIA_CRITICA,SEQUIA_CRITICA
2120000169,25178,COLEGIO LA BELLEZA,BOGOTÁ,BOGOTA D.C,4.53059,-74.09244,2026-07-22,524.2,ALERTA_SEQUIA,ALERTA_SEQUIA,SEQUIA_CRITICA,SEQUIA_CRITICA,SEQUIA_CRITICA
2120000170,25181,COLEGIO SIMON RODRIGUEZ SEDE C,BOGOTÁ,BOGOTA D.C,4.6405,-74.05435,2026-07-22,563.4,ALERTA_SEQUIA,ALERTA_SEQUIA,SEQUIA_CRITICA,SEQUIA_CRITICA,SEQUIA_CRITICA
2120000171,25377,COLEGIO AGUSTIN FERNANDEZ,BOGOTÁ,BOGOTA D.C,4.72911,-74.02383,2026-07-22,705.5,ALERTA_SEQUIA,ALERTA_SEQUIA,SEQUIA_CRITICA,SEQUIA_CRITICA,SEQUIA_CRITICA
2120000172,25175,COLEGIO UNION COLOMBIA SEDE A,BOGOTÁ,BOGOTA D.C,4.75947,-74.02752,2026-07-22,574.0,ALERTA_SEQUIA,ALERTA_SEQUIA,SEQUIA_CRITICA,SEQUIA_CRITICA,SEQUIA_CRITICA
2120000173,25473,COLEGIO CARLO FEDERICI,BOGOTÁ,BOGOTA D.C,4.67168,-74.15894,2026-07-22,474.5,SEQUIA_CRITICA,SEQUIA_CRITICA,SEQUIA_CRITICA,SEQUIA_CRITICA,SEQUIA_CRITICA
2120000174,25214,COLEGIO MAGDALENA ORTEGA DE NARIÑO,BOGOTÁ,BOGOTA D.C,4.68664,-74.08296,2026-07-22,742.6,ALERTA_SEQUIA,ALERTA_SEQUIA,SEQUIA_CRITICA,SEQUIA_CRITICA,SEQUIA_CRITICA
2120000175,25473,COLEGIO LA FELICIDAD,BOGOTÁ,BOGOTA D.C,4.656,-74.13111111,2026-07-22,490.3,SEQUIA_CRITICA,SEQUIA_CRITICA,SEQUIA_CRITICA,SEQUIA_CRITICA,SEQUIA_CRITICA
2120500050,25793,PARAMO ALTO,CUNDINAMARCA,COGUA,5.15886,-74.02322,2026-04-03,983.4,ALERTA_SEQUIA,ALERTA_SEQUIA,ALERTA_SEQUIA,SEQUIA_CRITICA,SEQUIA_CRITICA
2120500135,25175,UNIVERSIDAD DE LA SABANA,CUNDINAMARCA,CHÍA,4.85414,-74.03269,2026-09-16,565.0,ALERTA_SEQUIA,ALERTA_SEQUIA,SEQUIA_CRITICA,SEQUIA_CRITICA,SEQUIA_CRITICA
2120500201,25178,VITELMA,BOGOTÁ,BOGOTA D.C,4.57515,-74.07175,2026-07-22,813.6999999999999,ALERTA_SEQUIA,ALERTA_SEQUIA,SEQUIA_CRITICA,SEQUIA_CRITICA,SEQUIA_CRITICA
2120500204,25473,IDEAM PUENTE ARANDA,BOGOTÁ,BOGOTÁ D.C,4.621556111,-74.104708889,2026-09-16,677.7,ALERTA_SEQUIA,ALERTA_SEQUIA,SEQUIA_CRITICA,SEQUIA_CRITICA,SEQUIA_CRITICA
2120700037,25754,CASAS FISCALES ESCUELA DE ARTILLERÍA,BOGOTÁ,BOGOTA D.C,4.556439,-74.125173,2026-07-22,481.59999999999997,SEQUIA_CRITICA,SEQUIA_CRITICA,SEQUIA_CRITICA,SEQUIA_CRITICA,SEQUIA_CRITICA
2120700038,25754,SAN FRANCISCO,BOGOTÁ,BOGOTA D.C,4.56235,-74.148869,2026-07-22,389.00000000000006,SEQUIA_CRITICA,SEQUIA_CRITICA,SEQUIA_CRITICA,SEQUIA_CRITICA,SEQUIA_CRITICA
2120700146,25175,UNIVERSIDAD DE LA SABANA,CUNDINAMARCA,CHÍA,4.854528,-74.040049,2026-09-16,626.4,ALERTA_SEQUIA,ALERTA_SEQUIA,SEQUIA_CRITICA,SEQUIA_CRITICA,SEQUIA_CRITICA
2120700154,25178,MOLINOS,BOGOTÁ,BOGOTA D.C,4.55322,-74.10789,2026-07-22,586.4,ALERTA_SEQUIA,ALERTA_SEQUIA,SEQUIA_CRITICA,SEQUIA_CRITICA,SEQUIA_CRITICA
2120700162,25386,SAN JOAQUIN,CUNDINAMARCA,LA MESA,4.63814,-74.52008,2026-09-03,679.6,ALERTA_SEQUIA,ALERTA_SEQUIA,SEQUIA_CRITICA,SEQUIA_CRITICA,SEQUIA_CRITICA
2121500042,73043,EL SILENCIO,TOLIMA,IBAGUÉ,4.601127,-75.331133,2026-04-02,863.9,ALERTA_SEQUIA,ALERTA_SEQUIA,SEQUIA_CRITICA,SEQUIA_CRITICA,SEQUIA_CRITICA
2125700094,73411,RECIO 1,TOLIMA,LÍBANO,4.875934,-75.0444499,2026-02-26,847.2,ALERTA_SEQUIA,ALERTA_SEQUIA,SEQUIA_CRITICA,SEQUIA_CRITICA,SEQUIA_CRITICA
2201500047,73555,HERRERA,TOLIMA,PLANADAS,3.284138889,-75.80245,2026-09-16,865.0,ALERTA_SEQUIA,ALERTA_SEQUIA,SEQUIA_CRITICA,SEQUIA_CRITICA,SEQUIA_CRITICA
2202500051,73067,PLANADAS - AUT,TOLIMA,PLANADAS,3.2058,-75.6542,2026-04-03,607.1,ALERTA_SEQUIA,ALERTA_SEQUIA,SEQUIA_CRITICA,SEQUIA_CRITICA,SEQUIA_CRITICA
2301700089,73283,GUALÍ ALERTAS,TOLIMA,FRESNO,5.134277778,-75.062055556,2026-09-16,206.9,SEQUIA_CRITICA,SEQUIA_CRITICA,SEQUIA_CRITICA,SEQUIA_CRITICA,SEQUIA_CRITICA
2302500037,17446,BRASIL - AUT,CALDAS,MARULANDA,5.139916667,-75.316638889,2026-04-03,0.4,SEQUIA_CRITICA,SEQUIA_CRITICA,SEQUIA_CRITICA,SEQUIA_CRITICA,SEQUIA_CRITICA
2302500064,17433,MANZANARES,CALDAS,MANZANARES,5.265055556,-75.143055556,2026-09-16,929.6,ALERTA_SEQUIA,ALERTA_SEQUIA,ALERTA_SEQUIA,SEQUIA_CRITICA,SEQUIA_CRITICA
2305500055,17541,SAN JOSE DE PENSILVANIA,CALDAS,PENSILVANIA,5.372638889,-75.150138889,2026-09-16,2631.2999999999997,ALERTA_EXCESO,ALERTA_EXCESO,ALERTA_EXCESO,NORMAL,NORMAL
2306500106,25875,ALTO DEL TRIGO -,CUNDINAMARCA,GUADUAS,5.00217,-74.53667,2026-04-03,427.4,SEQUIA_CRITICA,SEQUIA_CRITICA,SEQUIA_CRITICA,SEQUIA_CRITICA,SEQUIA_CRITICA
2306500204,25260,ALTO DEL VINO,CUNDINAMARCA,SAN FRANCISCO,4.876695,-74.287811,2026-09-16,1146.8999999999999,ALERTA_SEQUIA,ALERTA_SEQUIA,ALERTA_SEQUIA,SEQUIA_CRITICA,SEQUIA_CRITICA
2308500071,5607,RETIRO,ANTIOQUIA,RETIRO,6.08211,-75.56640167,2026-04-02,2304.8,ALERTA_EXCESO,ALERTA_EXCESO,ALERTA_EXCESO,NORMAL,NORMAL
2311500200,5585,PUERTO SERVIEZ,BOYACÁ,PUERTO BOYACÁ,6.22136,-74.56166,2026-05-21,202.10000000000002,SEQUIA_CRITICA,SEQUIA_CRITICA,SEQUIA_CRITICA,SEQUIA_CRITICA,SEQUIA_CRITICA
2319500043,68276,FLORIDABLANCA,SANTANDER,FLORIDABLANCA,7.056797,-73.090627,2026-09-16,1106.8,ALERTA_SEQUIA,ALERTA_SEQUIA,ALERTA_SEQUIA,SEQUIA_CRITICA,SEQUIA_CRITICA
2319500065,,,,,,,2026-09-16,78.6,SEQUIA_CRITICA,SEQUIA_CRITICA,SEQUIA_CRITICA,SEQUIA_CRITICA,SEQUIA_CRITICA
2319500125,54128,POLIDEPORTIVO CACHIRA,NORTE DE SANTANDER,CÁCHIRA,7.73719,-73.04892,2026-09-16,892.4,ALERTA_SEQUIA,ALERTA_SEQUIA,SEQUIA_CRITICA,SEQUIA_CRITICA,SEQUIA_CRITICA
2319500137,68867,VETAS,SANTANDER,VETAS,7.31022,-72.87683,2026-04-03,917.6,ALERTA_SEQUIA,ALERTA_SEQUIA,ALERTA_SEQUIA,SEQUIA_CRITICA,SEQUIA_CRITICA
2319500207,68867,SANTURBAN,SANTANDER,VETAS,7.335194444,-72.858972222,2026-09-16,447.3,SEQUIA_CRITICA,SEQUIA_CRITICA,SEQUIA_CRITICA,SEQUIA_CRITICA,SEQUIA_CRITICA
2319700096,13744,SAN JUAN DE LOS CHORROS,SANTANDER,PUERTO WILCHES,7.692805556,-73.774055556,2026-04-03,460.0,SEQUIA_CRITICA,SEQUIA_CRITICA,SEQUIA_CRITICA,SEQUIA_CRITICA,SEQUIA_CRITICA
2401500040,25224,CUCUNUBA,CUNDINAMARCA,CUCUNUBÁ,5.21957,-73.78229,2026-09-16,702.4000000000001,ALERTA_SEQUIA,ALERTA_SEQUIA,SEQUIA_CRITICA,SEQUIA_CRITICA,SEQUIA_CRITICA
2401500052,68572,PUENTE GUILLERMO,SANTANDER,PUENTE NACIONAL,5.796416667,-73.726666667,2026-09-16,2028.0,ALERTA_EXCESO,ALERTA_EXCESO,NORMAL,NORMAL,NORMAL
2401500080,15476,PANELAS,BOYACÁ,MOTAVITA,5.634380556,-73.386469444,2026-05-28,851.8000000000001,ALERTA_SEQUIA,ALERTA_SEQUIA,SEQUIA_CRITICA,SEQUIA_CRITICA,SEQUIA_CRITICA
2401500086,15646,TUNJA-U.P.T.C - AUT,BOYACÁ,SAMACÁ,5.4417,-73.5522,2026-09-16,470.6,SEQUIA_CRITICA,SEQUIA_CRITICA,SEQUIA_CRITICA,SEQUIA_CRITICA,SEQUIA_CRITICA
2403000113,15248,LAS CAÑAS,BOYACÁ,CHISCAS,6.6058,-72.4836,2026-09-16,896.4,ALERTA_SEQUIA,ALERTA_SEQUIA,SEQUIA_CRITICA,SEQUIA_CRITICA,SEQUIA_CRITICA
2403000114,15248,LAS MERCEDES,BOYACÁ,CHISCAS,6.5774,-72.479,2026-09-16,70.3,SEQUIA_CRITICA,SEQUIA_CRITICA,SEQUIA_CRITICA,SEQUIA_CRITICA,SEQUIA_CRITICA
2403000117,15317,PM LA LAGUNA,BOYACÁ,GUACAMAYAS,6.447166667,-72.497694444,2026-09-16,865.4,ALERTA_SEQUIA,ALERTA_SEQUIA,SEQUIA_CRITICA,SEQUIA_CRITICA,SEQUIA_CRITICA
2403500041,15806,DUITAMA,BOYACÁ,PAIPA,5.78755,-73.05155,2026-09-16,643.1999999999999,ALERTA_SEQUIA,ALERTA_SEQUIA,SEQUIA_CRITICA,SEQUIA_CRITICA,SEQUIA_CRITICA
2403500083,15542,PESCA,BOYACÁ,PESCA,5.524,-73.07655,2026-05-27,1271.1000000000001,ALERTA_SEQUIA,ALERTA_SEQUIA,ALERTA_SEQUIA,SEQUIA_CRITICA,SEQUIA_CRITICA
2403500084,15820,MONGUA,BOYACÁ,MONGUA,5.75802,-72.79485,2026-04-03,119.6,SEQUIA_CRITICA,SEQUIA_CRITICA,SEQUIA_CRITICA,SEQUIA_CRITICA,SEQUIA_CRITICA
2403500085,15774,SUSA,SANTANDER,ONZAGA,6.23262,-72.69197,2026-04-03,616.8,ALERTA_SEQUIA,ALERTA_SEQUIA,SEQUIA_CRITICA,SEQUIA_CRITICA,SEQUIA_CRITICA
2403700149,15248,PUENTE LA RAMADA,BOYACÁ,CHISCAS,6.5607,-72.5012,2025-10-18,458.19,SEQUIA_CRITICA,SEQUIA_CRITICA,SEQUIA_CRITICA,SEQUIA_CRITICA,SEQUIA_CRITICA
2501500120,23580,JUAN JOSE,CORDOBA,PUERTO LIBERTADOR,7.730194444,-75.851580556,2026-04-02,1290.8,ALERTA_SEQUIA,ALERTA_SEQUIA,ALERTA_SEQUIA,SEQUIA_CRITICA,SEQUIA_CRITICA
2502700153,13188,PLANTA ECOPETROL,BOLIVAR,MAGANGUÉ,9.1751,-74.730088889,2026-04-03,51.3,SEQUIA_CRITICA,SEQUIA_CRITICA,SEQUIA_CRITICA,SEQUIA_CRITICA,SEQUIA_CRITICA
2502700206,70708,CECILIA,CORDOBA,AYAPEL,8.463611111,-75.031666667,2026-09-16,2.6999999999999966,SEQUIA_CRITICA,SEQUIA_CRITICA,SEQUIA_CRITICA,SEQUIA_CRITICA,SEQUIA_CRITICA
2601700104,19001,MOLINOS,CAUCA,POPAYÁN,2.439472222,-76.574280556,2026-02-06,0.0,SEQUIA_CRITICA,SEQUIA_CRITICA,SEQUIA_CRITICA,SEQUIA_CRITICA,SEQUIA_CRITICA
2604500039,19455,CORINTO,CAUCA,CORINTO,3.18,-76.25,2026-08-20,1913.8999999999999,NORMAL,NORMAL,NORMAL,NORMAL,NORMAL
2611700158,76616,RIO FRIO,VALLE DEL CAUCA,RIOFRÍO,4.152194444,-76.290080556,2026-09-16,762.0,ALERTA_SEQUIA,ALERTA_SEQUIA,SEQUIA_CRITICA,SEQUIA_CRITICA,SEQUIA_CRITICA
2612500038,63190,CRQ ARMENIA,QUINDÍO,CIRCASIA,4.556333333,-75.669555556,2026-09-16,3099.7999999999997,ALERTA_EXCESO,ALERTA_EXCESO,ALERTA_EXCESO,ALERTA_EXCESO,ALERTA_EXCESO
2612500124,63548,PIJAO,QUINDÍO,PIJAO,4.331361111,-75.684138889,2026-09-16,1514.6000000000001,NORMAL,NORMAL,NORMAL,NORMAL,SEQUIA_CRITICA
2612500130,63690,SALENTO,QUINDÍO,SALENTO,4.633475,-75.568858333,2026-09-16,2694.6,ALERTA_EXCESO,ALERTA_EXCESO,ALERTA_EXCESO,NORMAL,NORMAL
2612500214,63111,BUENAVISTA,QUINDÍO,BUENAVISTA,4.3575,-75.736666667,2026-07-24,1882.0000000000002,NORMAL,NORMAL,NORMAL,NORMAL,NORMAL
2613500126,66682,POTREROS,RISARALDA,SANTA ROSA DE CABAL,4.885680556,-75.558080556,2026-09-16,1560.0,NORMAL,NORMAL,NORMAL,NORMAL,SEQUIA_CRITICA
2614500112,66318,BELLAVISTA - JESUS MARIA,CALDAS,ANSERMA,5.275944444,-75.800166667,2026-04-03,668.6,ALERTA_SEQUIA,ALERTA_SEQUIA,SEQUIA_CRITICA,SEQUIA_CRITICA,SEQUIA_CRITICA
2614500116,5364,EL JARDIN CUENCA ALTA RIO RISARALDA - AUT,CALDAS,RIOSUCIO,5.532161111,-75.768947222,2026-09-16,77.60000000000001,SEQUIA_CRITICA,SEQUIA_CRITICA,SEQUIA_CRITICA,SEQUIA_CRITICA,SEQUIA_CRITICA
2615500122,17873,LA ESPERANZA ANDALUCIA,CALDAS,MANIZALES,5.017777778,-75.356583333,2026-09-16,484.7,SEQUIA_CRITICA,SEQUIA_CRITICA,SEQUIA_CRITICA,SEQUIA_CRITICA,SEQUIA_CRITICA
2619700161,5792,SALGAR,ANTIOQUIA,PUEBLORRICO,5.8808,-75.908311111,2026-09-16,810.4,ALERTA_SEQUIA,ALERTA_SEQUIA,SEQUIA_CRITICA,SEQUIA_CRITICA,SEQUIA_CRITICA
2620500209,5059,ACUEDUCTO ARMENIA,ANTIOQUIA,ARMENIA,6.161666667,-75.775805556,2026-09-16,1408.2,ALERTA_SEQUIA,ALERTA_SEQUIA,NORMAL,SEQUIA_CRITICA,SEQUIA_CRITICA
2620500210,5809,UFRANÁ,ANTIOQUIA,TITIRIBÍ,6.085388889,-75.811972222,2026-09-16,3244.9,ALERTA_EXCESO,ALERTA_EXCESO,ALERTA_EXCESO,ALERTA_EXCESO,ALERTA_EXCESO
2620500211,5282,EL PLAN,ANTIOQUIA,FREDONIA,5.924716667,-75.667316667,2026-09-16,1447.4,ALERTA_SEQUIA,ALERTA_SEQUIA,NORMAL,SEQUIA_CRITICA,SEQUIA_CRITICA
2621500070,5819,ITUANGO,ANTIOQUIA,ITUANGO,7.161433333,-75.762886111,2026-09-16,759.4,ALERTA_SEQUIA,ALERTA_SEQUIA,SEQUIA_CRITICA,SEQUIA_CRITICA,SEQUIA_CRITICA
2625700231,5154,EL BAGRE,ANTIOQUIA,CAUCASIA,8.0,-75.0,2026-09-16,3470.0000000000005,ALERTA_EXCESO,ALERTA_EXCESO,ALERTA_EXCESO,ALERTA_EXCESO,ALERTA_EXCESO
2629700151,76001,LA VORAGINE,VALLE DEL CAUCA,CALI,3.346305556,-76.589333333,2026-07-04,11.2,SEQUIA_CRITICA,SEQUIA_CRITICA,SEQUIA_CRITICA,SEQUIA_CRITICA,SEQUIA_CRITICA
2633500119,76892,GUACHAL PALMASECA,VALLE DEL CAUCA,PALMIRA,3.559541667,-76.456897222,2026-09-16,0.0,SEQUIA_CRITICA,SEQUIA_CRITICA,SEQUIA_CRITICA,SEQUIA_CRITICA,SEQUIA_CRITICA
2633700150,76895,GUAYABAL,VALLE DEL CAUCA,ZARZAL,4.405278889,-76.100752778,2026-09-16,834.8,ALERTA_SEQUIA,ALERTA_SEQUIA,SEQUIA_CRITICA,SEQUIA_CRITICA,SEQUIA_CRITICA
2636700098,76113,HACIENDA LA GRACIOSA,VALLE DEL CAUCA,BUGALAGRANDE,4.2398,-76.049247222,2026-09-16,1372.6000000000001,ALERTA_SEQUIA,ALERTA_SEQUIA,ALERTA_SEQUIA,SEQUIA_CRITICA,SEQUIA_CRITICA
2701500213,5031,ALTO DE LA CRUZ,ANTIOQUIA,AMALFI,6.91,-75.078888889,2026-09-16,1783.1000000000001,NORMAL,NORMAL,NORMAL,NORMAL,SEQUIA_CRITICA
2801700088,44650,CHEMESQUEMENA,CESAR,VALLEDUPAR,10.71216,-73.402146,2026-05-28,321.0,SEQUIA_CRITICA,SEQUIA_CRITICA,SEQUIA_CRITICA,SEQUIA_CRITICA,SEQUIA_CRITICA
2802500079,20060,CARACOLI,CESAR,VALLEDUPAR,10.088694444,-73.731666667,2026-05-28,891.8,ALERTA_SEQUIA,ALERTA_SEQUIA,SEQUIA_CRITICA,SEQUIA_CRITICA,SEQUIA_CRITICA
2805500075,20228,CURUMANÍ,CESAR,CURUMANÍ,9.238138889,-73.512916667,2026-09-16,1227.5,ALERTA_SEQUIA,ALERTA_SEQUIA,ALERTA_SEQUIA,SEQUIA_CRITICA,SEQUIA_CRITICA
2901500072,13244,HOBO,BOLIVAR,EL CARMÉN DE BOLÍVAR,9.672419444,-75.236458333,2026-09-16,226.9,SEQUIA_CRITICA,SEQUIA_CRITICA,SEQUIA_CRITICA,SEQUIA_CRITICA,SEQUIA_CRITICA
2904000176,8001,UNIREFORMADA,ATLANTICO,BARRANQUILLA,10.98525,-74.81592778,2026-09-16,448.00000000000006,SEQUIA_CRITICA,SEQUIA_CRITICA,SEQUIA_CRITICA,SEQUIA_CRITICA,SEQUIA_CRITICA
2904000177,8001,UNIAUTONOMA,ATLANTICO,BARRANQUILLA,11.004,-74.824008333,2026-09-16,781.5,ALERTA_SEQUIA,ALERTA_SEQUIA,SEQUIA_CRITICA,SEQUIA_CRITICA,SEQUIA_CRITICA
2904700095,8634,REMOLINO,ATLANTICO,SABANAGRANDE,10.833907,-74.742892,2026-09-16,505.0,ALERTA_SEQUIA,ALERTA_SEQUIA,SEQUIA_CRITICA,SEQUIA_CRITICA,SEQUIA_CRITICA
2906500077,47189,PALMOR - SIERRA NEVADA,MAGDALENA,CIÉNAGA,10.77175,-74.019138889,2026-04-03,7420.7,ALERTA_EXCESO,ALERTA_EXCESO,ALERTA_EXCESO,ALERTA_EXCESO,ALERTA_EXCESO
3206500045,50313,GRANADA SENA,META,GRANADA,3.444291,-73.743678,2026-09-16,2878.6,ALERTA_EXCESO,ALERTA_EXCESO,ALERTA_EXCESO,NORMAL,NORMAL
3206500058,50400,LEJANÍAS,META,LEJANÍAS,3.51827,-74.00627,2026-09-16,3236.0,ALERTA_EXCESO,ALERTA_EXCESO,ALERTA_EXCESO,ALERTA_EXCESO,ALERTA_EXCESO
3206500059,50683,VISTA HERMOSA,META,VISTAHERMOSA,3.09993,-73.73376,2026-09-16,314.2,SEQUIA_CRITICA,SEQUIA_CRITICA,SEQUIA_CRITICA,SEQUIA_CRITICA,SEQUIA_CRITICA
3206500214,50577,PUERTO LLERAS,META,PUERTO LLERAS,3.277893056,-73.354946944,2026-09-16,1426.3,ALERTA_SEQUIA,ALERTA_SEQUIA,NORMAL,SEQUIA_CRITICA,SEQUIA_CRITICA
3502500135,25335,GUAYABETAL POLLO OLIMPICO,CUNDINAMARCA,GUAYABETAL,4.22553,-73.81481,2026-07-04,821.4,ALERTA_SEQUIA,ALERTA_SEQUIA,SEQUIA_CRITICA,SEQUIA_CRITICA,SEQUIA_CRITICA
3502700090,50680,GUAYURIBA,META,VILLAVICENCIO,3.958454,-73.27098,2026-09-16,1139.2,ALERTA_SEQUIA,ALERTA_SEQUIA,ALERTA_SEQUIA,SEQUIA_CRITICA,SEQUIA_CRITICA
3503500062,50245,EL CALVARIO,META,EL CALVARIO,4.35045,-73.711673,2026-04-03,323.8,SEQUIA_CRITICA,SEQUIA_CRITICA,SEQUIA_CRITICA,SEQUIA_CRITICA,SEQUIA_CRITICA
3505500061,25438,MEDINA,CUNDINAMARCA,MEDINA,4.506483,-73.34708,2026-09-16,137.8,SEQUIA_CRITICA,SEQUIA_CRITICA,SEQUIA_CRITICA,SEQUIA_CRITICA,SEQUIA_CRITICA
3505500121,25438,PIDEMONTE CHINGAZA,CUNDINAMARCA,MEDINA,4.517247222,-73.439813889,2026-07-24,560.8,ALERTA_SEQUIA,ALERTA_SEQUIA,SEQUIA_CRITICA,SEQUIA_CRITICA,SEQUIA_CRITICA
3507500046,15322,GRANJA GUAYATA,BOYACÁ,GUAYATÁ,4.97608,-73.48264,2026-09-16,9.4,SEQUIA_CRITICA,SEQUIA_CRITICA,SEQUIA_CRITICA,SEQUIA_CRITICA,SEQUIA_CRITICA
3507500359,,,,,,,2026-08-25,67.6,SEQUIA_CRITICA,SEQUIA_CRITICA,SEQUIA_CRITICA,SEQUIA_CRITICA,SEQUIA_CRITICA
3516700232,15047,EL TOBAL,BOYACÁ,AQUITANIA,5.512222222,-72.865555556,2026-09-16,1076.6000000000001,ALERTA_SEQUIA,ALERTA_SEQUIA,ALERTA_SEQUIA,SEQUIA_CRITICA,SEQUIA_CRITICA
3518500127,85162,GUADUALITO,CASANARE,MONTERREY,4.987080556,-72.8651,2026-09-16,1422.4,ALERTA_SEQUIA,ALERTA_SEQUIA,NORMAL,SEQUIA_CRITICA,SEQUIA_CRITICA
3518700145,85162,TUA BALNEARIO - AUT,CASANARE,MONTERREY,4.88565,-72.900888889,2026-09-16,1075.8,ALERTA_SEQUIA,ALERTA_SEQUIA,ALERTA_SEQUIA,SEQUIA_CRITICA,SEQUIA_CRITICA
3519700092,85139,MANI,CASANARE,MANI,4.816419444,-72.30865,2026-07-24,929.4,ALERTA_SEQUIA,ALERTA_SEQUIA,ALERTA_SEQUIA,SEQUIA_CRITICA,SEQUIA_CRITICA
3526500201,85250,LA PRIMAVERA,VICHADA,LA PRIMAVERA,5.4807472,-70.4213269,2026-09-16,2261.0,ALERTA_EXCESO,ALERTA_EXCESO,NORMAL,NORMAL,NORMAL
3602700101,85125,SAN SALVADOR,ARAUCA,TAME,6.227680556,-71.618483333,2026-09-14,41.4,SEQUIA_CRITICA,SEQUIA_CRITICA,SEQUIA_CRITICA,SEQUIA_CRITICA,SEQUIA_CRITICA
3701500114,54347,CHINACOTA,NORTE DE SANTANDER,TOLEDO,7.401216667,-72.550275,2026-09-16,665.0,ALERTA_SEQUIA,ALERTA_SEQUIA,SEQUIA_CRITICA,SEQUIA_CRITICA,SEQUIA_CRITICA
3701500117,54347,EL PORTILLO,NORTE DE SANTANDER,SILOS,7.40122,-72.55028,2026-04-02,343.2,SEQUIA_CRITICA,SEQUIA_CRITICA,SEQUIA_CRITICA,SEQUIA_CRITICA,SEQUIA_CRITICA
3706500109,81001,ARAUCA TERMINAL,ARAUCA,ARAUCA,7.063780556,-70.733080556,2026-09-16,412.3,SEQUIA_CRITICA,SEQUIA_CRITICA,SEQUIA_CRITICA,SEQUIA_CRITICA,SEQUIA_CRITICA
4403700097,18001,SUCRE,CAQUETA,FLORENCIA,1.784472222,-75.682527778,2026-09-16,619.9,ALERTA_SEQUIA,ALERTA_SEQUIA,SEQUIA_CRITICA,SEQUIA_CRITICA,SEQUIA_CRITICA
5102500128,52612,RESERVA NATURAL LA PLANADA,NARIÑO,RICAURTE,1.157833333,-77.9765,2026-07-24,2278.0,ALERTA_EXCESO,ALERTA_EXCESO,NORMAL,NORMAL,NORMAL
5204700100,52480,PUENTE LOS DOLORES,NARIÑO,PASTO,1.199805556,-77.265694444,2026-09-16,423.6,SEQUIA_CRITICA,SEQUIA_CRITICA,SEQUIA_CRITICA,SEQUIA_CRITICA,SEQUIA_CRITICA
5205500123,52001,LAS IGLESIAS,NARIÑO,PASTO,1.054805556,-77.27025,2026-09-16,613.0,ALERTA_SEQUIA,ALERTA_SEQUIA,SEQUIA_CRITICA,SEQUIA_CRITICA,SEQUIA_CRITICA
5311500121,76377,LA CUMBRE,VALLE DEL CAUCA,LA CUMBRE,3.645194444,-76.56475,2026-09-16,491.8,SEQUIA_CRITICA,SEQUIA_CRITICA,SEQUIA_CRITICA,SEQUIA_CRITICA,SEQUIA_CRITICA
